Date,MktWealth
1926-07-01,1.001
1926-07-02,1.0056045999999998
1926-07-06,1.00741468828
1926-07-07,1.0084221029682798
1926-07-08,1.0107414738051068
1926-07-09,1.003666283488471
1926-07-10,1.0098890144460997
1926-07-12,1.0103939589533226
1926-07-13,1.015344889352194
1926-07-14,1.01585256179687
1926-07-15,1.0115859810373231
1926-07-16,1.016947386736821
1926-07-17,1.0205067025904
1926-07-19,1.020608753260659
1926-07-20,1.0149954051177252
1926-07-21,1.0091084317680423
1926-07-22,1.0018428510593125
1926-07-23,1.0017426667742066
1926-07-24,1.000340227040723
1926-07-26,1.0055419962213348
1926-07-27,1.0100669352043308
1926-07-28,1.0211776714915783
1926-07-29,1.0249560288760973
1926-07-30,1.0268009497280743
1926-07-31,1.0316269141917962
1926-08-02,1.0403957429624264
1926-08-03,1.0455977216772385
1926-08-04,1.0419381296513683
1926-08-05,1.0411045791476472
1926-08-06,1.048288200743766
1926-08-07,1.053319984107336
1926-08-09,1.0555319560739613
1926-08-10,1.0408600618845332
1926-08-11,1.0350312455379798
1926-08-12,1.0438290111250526
1926-08-13,1.0499876022906904
1926-08-14,1.0572325167464962
1926-08-16,1.0580783027598932
1926-08-17,1.0481323667139504
1926-08-18,1.050962324104078
1926-08-19,1.0447616463918639
1926-08-20,1.0427765992637192
1926-08-21,1.0461134843813633
1926-08-23,1.0511348291063938
1926-08-24,1.0424104100248108
1926-08-25,1.0392831787947363
1926-08-26,1.044687451324469
1926-08-27,1.0483438574041049
1926-08-28,1.0518033921335386
1926-08-30,1.055169162988366
1926-08-31,1.0613946610499974
1926-09-01,1.0673384711518774
1926-09-02,1.0669115357634167
1926-09-03,1.0722460934422338
1926-09-07,1.0786795700028873
1926-09-08,1.0732861721528728
1926-09-09,1.072642200449581
1926-09-10,1.0638465344058945
1926-09-11,1.0592719943079492
1926-09-13,1.0590601399090875
1926-09-14,1.0686975871822604
1926-09-15,1.0665601920078958
1926-09-16,1.0647470396814822
1926-09-17,1.0543125186926037
1926-09-18,1.0616927063234518
1926-09-20,1.055004042273614
1926-09-21,1.0581690544004347
1926-09-22,1.0570050684405943
1926-09-23,1.0598589821253839
1926-09-24,1.0665360937127737
1926-09-25,1.0688824731189417
1926-09-27,1.067706702398511
1926-09-28,1.067706702398511
1926-09-29,1.0645035822913154
1926-09-30,1.0676970930381893
1926-10-01,1.0755980515266719
1926-10-02,1.074630013280298
1926-10-04,1.0596926560957018
1926-10-05,1.0481420061442586
1926-10-06,1.0424820393110796
1926-10-07,1.0344549276083843
1926-10-08,1.0406616571740346
1926-10-09,1.0308794375965986
1926-10-11,1.0238694574209417
1926-10-13,1.031036543622888
1926-10-14,1.0410375980960302
1926-10-15,1.022194817570492
1926-10-16,1.0147327954022274
1926-10-18,1.0220388715291235
1926-10-19,1.0114096672652206
1926-10-20,1.0090834250305107
1926-10-21,1.0245224014334777
1926-10-22,1.0205267640678872
1926-10-23,1.0261396612702607
1926-10-25,1.0252161355751175
1926-10-26,1.0285993488225154
1926-10-27,1.039091062180505
1926-10-28,1.0382597893307606
1926-10-29,1.0377406594360952
1926-10-30,1.0352500818534487
1926-11-01,1.0401157572381599
1926-11-03,1.04230000032836
1926-11-04,1.04855380033033
1926-11-05,1.0493926433705942
1926-11-06,1.0510716715999873
1926-11-08,1.0566423514594674
1926-11-09,1.0581216507515108
1926-11-10,1.051984545177152
1926-11-11,1.0590328416298387
1926-11-12,1.0616804237339132
1926-11-13,1.0591323907169519
1926-11-15,1.0630511805626046
1926-11-16,1.064858367569561
1926-11-17,1.0611313632830677
1926-11-18,1.0562501590119655
1926-11-19,1.0497014080260914
1926-11-20,1.0540051837989983
1926-11-22,1.0601184138650326
1926-11-23,1.0637228164721737
1926-11-24,1.0646801670069985
1926-11-26,1.0669159953577132
1926-11-27,1.0654223129642124
1926-11-29,1.0615867926375413
1926-11-30,1.064346918298399
1926-12-01,1.068285001896103
1926-12-02,1.0738400839059628
1926-12-03,1.0773837561828525
1926-12-04,1.07565994217296
1926-12-06,1.0761977721440463
1926-12-07,1.0758749128124032
1926-12-08,1.0751218003734344
1926-12-09,1.0798523362950774
1926-12-10,1.0837398047057396
1926-12-11,1.0848235445104453
1926-12-13,1.0894882857518402
1926-12-14,1.0907956716947425
1926-12-15,1.092540944769454
1926-12-16,1.0859856991008374
1926-12-17,1.0959767675325651
1926-12-18,1.100689467632955
1926-12-20,1.0973873992300562
1926-12-21,1.0971679217502102
1926-12-22,1.09738735533456
1926-12-23,1.1006795174005637
1926-12-24,1.1042016918562456
1926-12-27,1.1018828683033475
1926-12-28,1.089872345038841
1926-12-29,1.0947767705915157
1926-12-30,1.0910545295715046
1926-12-31,1.094873220425005
1927-01-03,1.0863332093056899
1927-01-04,1.0897008422545376
1927-01-05,1.0913353935179195
1927-01-06,1.089480123348939
1927-01-07,1.0928575117313208
1927-01-08,1.0972289417782461
1927-01-10,1.0988747851909135
1927-01-11,1.095797935792379
1927-01-12,1.0967841539345922
1927-01-13,1.0964551186884117
1927-01-14,1.0971129917596247
1927-01-15,1.0986489499480883
1927-01-17,1.0984292201580987
1927-01-18,1.0978800055480198
1927-01-19,1.1045770735818627
1927-01-20,1.1026992925567736
1927-01-21,1.1026992925567736
1927-01-22,1.098839845032825
1927-01-24,1.0936752977611706
1927-01-25,1.0816448694857976
1927-01-26,1.0839163237117178
1927-01-27,1.080231008211098
1927-01-28,1.0820674009250568
1927-01-29,1.0901829064319948
1927-01-31,1.096942040451873
1927-02-01,1.096942040451873
1927-02-02,1.104620634735036
1927-02-03,1.106608951877559
1927-02-04,1.1107034049995061
1927-02-05,1.108704138870507
1927-02-07,1.1073736939038623
1927-02-08,1.1085918049671566
1927-02-09,1.1089243825086468
1927-02-10,1.1100333068911552
1927-02-11,1.113585413473207
1927-02-14,1.1193760576232679
1927-02-15,1.1206073712866536
1927-02-16,1.120495310549525
1927-02-17,1.1232965488258988
1927-02-18,1.1270034274370244
1927-02-19,1.1273415284652555
1927-02-21,1.1256505161725576
1927-02-23,1.1339803299922346
1927-02-24,1.1355679024542238
1927-02-25,1.1380661518396231
1927-02-26,1.1389766047610947
1927-02-28,1.145468771408233
1927-03-01,1.1410014431997408
1927-03-02,1.1282222270359037
1927-03-03,1.1398429159743735
1927-03-04,1.1348276071440864
1927-03-05,1.132217503647655
1927-03-07,1.1281415206345233
1927-03-08,1.1296081046113482
1927-03-09,1.1353691059448663
1927-03-10,1.1407053407428072
1927-03-11,1.1427586103561442
1927-03-12,1.142530058634073
1927-03-14,1.1448151187513411
1927-03-15,1.1356565978013304
1927-03-16,1.1474674264184643
1927-03-17,1.1524015363520637
1927-03-18,1.1434128043685174
1927-03-19,1.1439845107707016
1927-03-21,1.146158081341166
1927-03-22,1.134123421487084
1927-03-23,1.1363916683300581
1927-03-24,1.1442327708415354
1927-03-25,1.146177966551966
1927-03-26,1.150189589434898
1927-03-28,1.156285594258903
1927-03-29,1.1538573945109594
1927-03-30,1.1468188644044426
1927-03-31,1.1502593209976557
1927-04-01,1.1497992172692566
1927-04-02,1.1489943578171682
1927-04-04,1.155198927349381
1927-04-05,1.1621301209134773
1927-04-06,1.1634084640464823
1927-04-07,1.1663169852065984
1927-04-08,1.1700491995592597
1927-04-09,1.1705172192390834
1927-04-11,1.1728582536775616
1927-04-12,1.1694569647418966
1927-04-13,1.1720297700643287
1927-04-14,1.1732017998343929
1927-04-16,1.1754308832540783
1927-04-18,1.1751957970774276
1927-04-19,1.1774286690918747
1927-04-20,1.180725469365332
1927-04-21,1.1850941536019837
1927-04-22,1.185923719509505
1927-04-23,1.1816543941192708
1927-04-25,1.163338751010422
1927-04-26,1.1702024496413836
1927-04-27,1.1658727005777105
1927-04-28,1.1531646881414135
1927-04-29,1.1588151951133063
1927-04-30,1.158699313593795
1927-05-02,1.1619436716718576
1927-05-03,1.1706582492093967
1927-05-04,1.1799064493781508
1927-05-05,1.1834461687262852
1927-05-06,1.1868781626155913
1927-05-07,1.190438797103438
1927-05-09,1.1929387185773552
1927-05-10,1.1922229553462087
1927-05-11,1.1906730655042588
1927-05-12,1.1894823924387545
1927-05-13,1.1954298044009481
1927-05-14,1.1959079763227085
1927-05-16,1.187297438893185
1927-05-17,1.1929964665998722
1927-05-18,1.1992000482261918
1927-05-19,1.2017183683274668
1927-05-20,1.2071261009849403
1927-05-21,1.2100232036273042
1927-05-23,1.211959240753108
1927-05-24,1.2102624978160537
1927-05-25,1.212319944062341
1927-05-26,1.2137747279952158
1927-05-27,1.2193580917439937
1927-05-28,1.2214310004999585
1927-05-31,1.2248510073013583
1927-06-01,1.228893015625453
1927-06-02,1.2299990193395158
1927-06-03,1.219298027871262
1927-06-04,1.2246629391938955
1927-06-06,1.231031186477704
1927-06-07,1.2275842991555663
1927-06-08,1.231021535193202
1927-06-09,1.2313908416537598
1927-06-10,1.2268346955396408
1927-06-11,1.225607860844101
1927-06-14,1.2073463037175238
1927-06-15,1.2180916858206097
1927-06-16,1.2257656634412795
1927-06-17,1.2278494650691296
1927-06-18,1.2263760457110466
1927-06-20,1.2242912064333378
1927-06-21,1.2202510454521078
1927-06-22,1.2201290203475625
1927-06-23,1.2097579236746083
1927-06-24,1.211451584767753
1927-06-25,1.210361278341462
1927-06-27,1.1958369430013644
1927-06-28,1.1991852864417683
1927-06-29,1.199664960556345
1927-06-30,1.1987052285878999
1927-07-01,1.2066166830965799
1927-07-02,1.2134943981902304
1927-07-05,1.2238091005748473
1927-07-06,1.2313967169984112
1927-07-07,1.2284413648776151
1927-07-08,1.2262301704208354
1927-07-09,1.228437384727593
1927-07-11,1.2333511342665033
1927-07-12,1.2375445281230095
1927-07-13,1.2410096528017538
1927-07-14,1.2463459943088013
1927-07-15,1.249711128493435
1927-07-16,1.251835637411874
1927-07-18,1.2542141251229566
1927-07-19,1.2576005032607884
1927-07-20,1.263259705525462
1927-07-21,1.2628807276138043
1927-07-22,1.2623755753227588
1927-07-23,1.2646478513583397
1927-07-25,1.2699593723340448
1927-07-26,1.2732612667021133
1927-07-27,1.2742798757154747
1927-07-28,1.276191295529048
1927-07-29,1.2826998711362463
1927-07-30,1.2888568305177002
1927-08-01,1.2959455430855475
1927-08-02,1.3041100000069865
1927-08-03,1.2957636960069419
1927-08-04,1.3079438747494072
1927-08-05,1.3002270058883856
1927-08-06,1.2989267788824972
1927-08-08,1.2850282623484544
1927-08-09,1.2971075280145299
1927-08-10,1.3002205860817646
1927-08-11,1.2870883581623387
1927-08-12,1.2671384886108226
1927-08-13,1.2785427350083198
1927-08-15,1.2946523734694246
1927-08-16,1.302808683422282
1927-08-17,1.3071079520775757
1927-08-18,1.3076307952584068
1927-08-19,1.3097230045308204
1927-08-20,1.3144380073471313
1927-08-22,1.3191699841735811
1927-08-23,1.3199614861640852
1927-08-24,1.3227334052850297
1927-08-25,1.323130225306615
1927-08-26,1.3263057378473508
1927-08-27,1.3249794321095034
1927-08-29,1.3247144362230816
1927-08-30,1.324449493335837
1927-08-31,1.318092135767825
1927-09-01,1.3287686820675444
1927-09-02,1.336608417291743
1927-09-03,1.343425120219931
1927-09-06,1.3557846313259545
1927-09-07,1.3620212406300538
1927-09-08,1.3622936448781797
1927-09-09,1.353847424279935
1927-09-10,1.3599397376891946
1927-09-12,1.3551799486072824
1927-09-13,1.3725262519494554
1927-09-14,1.3769183359556938
1927-09-15,1.3804983236291786
1927-09-16,1.3817407721204447
1927-09-17,1.3780100720357193
1927-09-19,1.3737382408124086
1927-09-20,1.3808816796646333
1927-09-21,1.3793627098170023
1927-09-22,1.3640517837380335
1927-09-23,1.3708720426567236
1927-09-24,1.3799197981382578
1927-09-26,1.3669485520357583
1927-09-27,1.370229228560644
1927-09-28,1.3651593804149698
1927-09-29,1.3674801513616752
1927-09-30,1.384573653253696
1927-10-01,1.3914965215199644
1927-10-03,1.3951144124759163
1927-10-04,1.3898129777085078
1927-10-05,1.3859215013709238
1927-10-06,1.3893863051243511
1927-10-07,1.3792437850969435
1927-10-08,1.3748302049846333
1927-10-10,1.36795605395971
1927-10-11,1.3686400319866898
1927-10-13,1.3782205122105966
1927-10-14,1.3782205122105966
1927-10-15,1.3786339783642598
1927-10-17,1.3614010536347065
1927-10-18,1.366165957322428
1927-10-19,1.3552366296638487
1927-10-20,1.3416842633672101
1927-10-21,1.3316216313919562
1927-10-22,1.3224334421353516
1927-10-24,1.327458689215466
1927-10-25,1.3486980282429135
1927-10-26,1.3495072470598592
1927-10-27,1.3441092180716199
1927-10-28,1.3247540453313886
1927-10-29,1.3183952259137979
1927-10-31,1.3285468691533342
1927-11-01,1.3285468691533342
1927-11-02,1.3419651925317828
1927-11-03,1.357129399207392
1927-11-04,1.3568579733275505
1927-11-05,1.3645920637755176
1927-11-07,1.3740077490155684
1927-11-09,1.3634278893481484
1927-11-10,1.3667001162825838
1927-11-11,1.3787270773058704
1927-11-12,1.3835526220764411
1927-11-14,1.390608740449031
1927-11-15,1.39227747093757
1927-11-16,1.3918597876962888
1927-11-17,1.3942259493353726
1927-11-18,1.4027307276263183
1927-11-19,1.4065181005909093
1927-11-21,1.3993448582778958
1927-11-22,1.4046623687393518
1927-11-23,1.4088763558455697
1927-11-25,1.4123985467351836
1927-11-26,1.4123985467351836
1927-11-28,1.4019467974893434
1927-11-29,1.411339841032522
1927-11-30,1.4183965402376844
1927-12-01,1.4117300764985672
1927-12-02,1.4154005746974634
1927-12-03,1.420637556823844
1927-12-05,1.415097070352231
1927-12-06,1.4148140509381606
1927-12-07,1.4078814620885636
1927-12-08,1.3953513170759753
1927-12-09,1.411118786958934
1927-12-10,1.412106570109805
1927-12-12,1.4204379988734528
1927-12-13,1.4259777070690594
1927-12-14,1.4208441873236106
1927-12-15,1.428374661516426
1927-12-16,1.4379447717485858
1927-12-17,1.4388075386116348
1927-12-19,1.4431239612274696
1927-12-20,1.4435568984158378
1927-12-21,1.4426907642767883
1927-12-22,1.44196941889465
1927-12-23,1.4449975546743286
1927-12-24,1.44716505100634
1927-12-27,1.4474544840165413
1927-12-28,1.438335520767237
1927-12-29,1.4407806911525414
1927-12-30,1.4469760481244973
1927-12-31,1.4518957666881207
1928-01-03,1.458574487214886
1928-01-04,1.4565324829327853
1928-01-05,1.4460454490556691
1928-01-06,1.4551555353847199
1928-01-07,1.4569017220271816
1928-01-09,1.4440809868733424
1928-01-10,1.432239522780981
1928-01-11,1.4341014341605964
1928-01-12,1.4412719413313992
1928-01-13,1.4500637001735208
1928-01-14,1.4404932797523755
1928-01-16,1.4278169388905546
1928-01-17,1.4302442276866687
1928-01-18,1.4260965194263773
1928-01-19,1.4343678792390504
1928-01-20,1.442543776150713
1928-01-21,1.4457173724582444
1928-01-23,1.4546808201674855
1928-01-24,1.4587539264639542
1928-01-25,1.4437287610213756
1928-01-26,1.451380523454789
1928-01-27,1.4555895269728076
1928-01-28,1.4486026972433381
1928-01-30,1.4426634261846405
1928-01-31,1.44742421549105
1928-02-01,1.4439503973738714
1928-02-02,1.4504481741620538
1928-02-03,1.4340581097940226
1928-02-04,1.4349185446598989
1928-02-06,1.4377883817492187
1928-02-07,1.4340501319566707
1928-02-08,1.4353407770754316
1928-02-09,1.4420868787276862
1928-02-10,1.440933209224704
1928-02-11,1.4407891159037816
1928-02-14,1.4356022750865278
1928-02-15,1.4315825887162854
1928-02-16,1.427144682691265
1928-02-17,1.4035967954268593
1928-02-18,1.3971402501678958
1928-02-20,1.395044539792644
1928-02-21,1.4096925074604667
1928-02-23,1.4130757694783718
1928-02-24,1.4180215346715461
1928-02-25,1.4197231605131522
1928-02-27,1.4130504616587403
1928-02-28,1.4182787483668777
1928-02-29,1.426362937232569
1928-03-01,1.4300714808693735
1928-03-02,1.431215538054069
1928-03-03,1.4383716157443391
1928-03-05,1.448008705569826
1928-03-06,1.4538007403921054
1928-03-07,1.4476947772824587
1928-03-08,1.453775095347045
1928-03-09,1.471947284038883
1928-03-10,1.4681202211003819
1928-03-12,1.4742863260290036
1928-03-13,1.4700108956835194
1928-03-14,1.4719219098479082
1928-03-15,1.482666939789798
1928-03-16,1.4971970757997382
1928-03-17,1.4998920305361778
1928-03-19,1.5019918793789286
1928-03-20,1.5089010420240716
1928-03-21,1.5218775909854785
1928-03-22,1.5163988316579307
1928-03-23,1.527316903245868
1928-03-24,1.5286914884587892
1928-03-26,1.5435197958968396
1928-03-27,1.53842618057038
1928-03-28,1.5388877084245511
1928-03-29,1.5413499287580306
1928-03-30,1.5646243126822768
1928-03-31,1.5560188789625242
1928-04-02,1.5426371166034465
1928-04-03,1.5520472030147274
1928-04-04,1.5511159746929186
1928-04-05,1.568798696804418
1928-04-09,1.5742894922432336
1928-04-10,1.5629546078990824
1928-04-11,1.5851485633312492
1928-04-12,1.5815027216355875
1928-04-13,1.6038019100106493
1928-04-14,1.5969055617976036
1928-04-16,1.6052094707189513
1928-04-17,1.5944545672651342
1928-04-18,1.5950923490920401
1928-04-19,1.6045033939516833
1928-04-20,1.5833239491515212
1928-04-23,1.5719240167176303
1928-04-24,1.5777401355794856
1928-04-25,1.589415412582774
1928-04-26,1.5994287296820453
1928-04-27,1.6162227313437068
1928-04-28,1.62446546727356
1928-04-30,1.6256025931006512
1928-05-01,1.6299917201020229
1928-05-02,1.6314587126501146
1928-05-03,1.637984547500715
1928-05-04,1.6574765636159736
1928-05-07,1.6690788995612853
1928-05-08,1.6598989656136982
1928-05-09,1.660728915096505
1928-05-10,1.6580717488323504
1928-05-11,1.671004708473243
1928-05-14,1.6791926315447616
1928-05-15,1.6785209544921438
1928-05-16,1.6531752880793125
1928-05-17,1.661441164519709
1928-05-18,1.649644932251619
1928-05-21,1.6305090510375
1928-05-22,1.607681924322975
1928-05-23,1.6356555898061949
1928-05-24,1.6443245644321678
1928-05-25,1.6477776460174753
1928-05-28,1.6237200923856203
1928-05-29,1.6381712012078522
1928-05-31,1.6538976447394476
1928-06-01,1.659190117202614
1928-06-02,1.6701407719761512
1928-06-04,1.6395771958489878
1928-06-05,1.6431842656798554
1928-06-06,1.6295458362747126
1928-06-07,1.6212351525097115
1928-06-08,1.5988621074050775
1928-06-09,1.5782367862195519
1928-06-11,1.5420951638151241
1928-06-12,1.5063185560146133
1928-06-13,1.5536169586734723
1928-06-14,1.5688424048684724
1928-06-15,1.5495456432885901
1928-06-16,1.5492357341599325
1928-06-18,1.5180960959033178
1928-06-19,1.5088357097183076
1928-06-20,1.529808526083392
1928-06-21,1.5322562197251255
1928-06-22,1.5319497684811805
1928-06-23,1.5221452899629009
1928-06-25,1.5236674352528636
1928-06-26,1.5390564763489176
1928-06-27,1.5547548524076766
1928-06-28,1.5675038421974195
1928-06-29,1.5753413614084064
1928-06-30,1.5773893051782375
1928-07-02,1.5586183724466165
1928-07-03,1.5840238519174963
1928-07-05,1.5990720785107126
1928-07-06,1.5941149550673295
1928-07-07,1.598419065446011
1928-07-09,1.5987387492591003
1928-07-10,1.5945820285110266
1928-07-11,1.5575877254495707
1928-07-12,1.5480864403243284
1928-07-13,1.5587682367625662
1928-07-14,1.5584564831152137
1928-07-16,1.539443314021208
1928-07-17,1.5466786975971076
1928-07-18,1.5605988058754814
1928-07-19,1.5582579076666683
1928-07-20,1.5601278171558683
1928-07-21,1.5566955359581254
1928-07-23,1.5666583873882574
1928-07-24,1.5672850507432126
1928-07-25,1.574337833471557
1928-07-26,1.5779588104885416
1928-07-27,1.59058248097245
1928-07-28,1.5947179954229782
1928-07-30,1.5928043338284708
1928-07-31,1.5912115294946423
1928-08-01,1.5955078006242778
1928-08-02,1.588487566301531
1928-08-03,1.5921410877040245
1928-08-04,1.5958030122057438
1928-08-06,1.6076119544960665
1928-08-07,1.60214607385078
1928-08-08,1.5843622524310363
1928-08-09,1.5864219233591967
1928-08-10,1.5834077217048141
1928-08-11,1.5854661517430306
1928-08-13,1.5848319652823335
1928-08-14,1.5745305575079984
1928-08-15,1.5964165322573596
1928-08-16,1.6091878645154185
1928-08-17,1.6138545093225132
1928-08-18,1.6185346873995483
1928-08-20,1.6224191706493072
1928-08-21,1.6384811204387353
1928-08-22,1.6407749940073497
1928-08-23,1.6411031490061512
1928-08-24,1.663750372462436
1928-08-25,1.6684088735053308
1928-08-27,1.6637373286595158
1928-08-28,1.673553378898607
1928-08-29,1.6779046176837433
1928-08-30,1.6824349601514894
1928-08-31,1.7019512056892467
1928-09-01,1.7063762788240386
1928-09-04,1.7135430591950995
1928-09-05,1.7207399400437189
1928-09-06,1.7140290542775483
1928-09-07,1.72534164603578
1928-09-08,1.7203381552622763
1928-09-10,1.714144937903332
1928-09-11,1.7251154655059133
1928-09-12,1.7313258811817347
1928-09-13,1.7297676878886712
1928-09-14,1.7321893626517155
1928-09-15,1.7424092798913606
1928-09-17,1.7519925309307631
1928-09-18,1.740254180973527
1928-09-19,1.7393840538830403
1928-09-20,1.7421670683692532
1928-09-21,1.7541880211410008
1928-09-22,1.7501533886923766
1928-09-24,1.7611793550411385
1928-09-25,1.7601226474281138
1928-09-26,1.7576584757217144
1928-09-27,1.7363908081654817
1928-09-28,1.736738086327115
1928-09-29,1.7548001624249168
1928-10-01,1.7532208422787343
1928-10-02,1.7458573147411636
1928-10-03,1.7413180857228365
1928-10-04,1.7460196445542882
1928-10-05,1.7414799934784468
1928-10-06,1.7409575494804033
1928-10-08,1.7357346768319621
1928-10-09,1.738164705379527
1928-10-10,1.7545034536100947
1928-10-11,1.7602933150070081
1928-10-13,1.7703269869025482
1928-10-15,1.7774082948501584
1928-10-16,1.783096001393679
1928-10-17,1.7888019085981388
1928-10-18,1.7943471945147933
1928-10-19,1.8027806263290127
1928-10-20,1.795208947698431
1928-10-22,1.7934137387507325
1928-10-23,1.8057882935481124
1928-10-24,1.810122185452628
1928-10-25,1.8057778922075416
1928-10-26,1.785733757604038
1928-10-27,1.8016267880467138
1928-10-29,1.8144183382418457
1928-10-30,1.7955483875241307
1928-10-31,1.7867502004252624
1928-11-01,1.8099779530307907
1928-11-02,1.8092539618495784
1928-11-03,1.8101585888305032
1928-11-05,1.830975412602054
1928-11-07,1.853130215094539
1928-11-08,1.8488680155998216
1928-11-09,1.8625496389152605
1928-11-10,1.877263781062691
1928-11-12,1.884021930674517
1928-11-13,1.8857175504121237
1928-11-14,1.8887346984927833
1928-11-15,1.895911890347056
1928-11-16,1.9296591219952337
1928-11-17,1.9319747129416283
1928-11-19,1.9356454648962174
1928-11-20,1.9575182586495448
1928-11-21,1.9283512365956665
1928-11-22,1.9555409890316655
1928-11-23,1.961016503800954
1928-11-26,1.9704293830191983
1928-11-27,1.9761436282299538
1928-11-28,1.9980788225033066
1928-11-30,2.0064707535578203
1928-12-01,1.9944319290364734
1928-12-03,1.9800720191474108
1928-12-04,1.9846261847914497
1928-12-05,1.9709322641163887
1928-12-06,1.9011612619666685
1928-12-07,1.8564839723104518
1928-12-08,1.8213964252337842
1928-12-10,1.8509030473225714
1928-12-11,1.8929185464967937
1928-12-12,1.8783430736887683
1928-12-13,1.8719567072382266
1928-12-14,1.8757006206527032
1928-12-15,1.8691356684804188
1928-12-17,1.862219866507041
1928-12-18,1.8819593970920157
1928-12-19,1.9045429098571198
1928-12-20,1.9115897186235913
1928-12-21,1.9320437286128636
1928-12-22,1.9343621810871992
1928-12-24,1.950997695844549
1928-12-26,1.944949602987431
1928-12-27,1.957591775406849
1928-12-28,1.983823505197301
1928-12-29,1.9877911522076956
1928-12-31,2.014228774532058
1929-01-02,2.0442407832725857
1929-01-03,2.046489448134186
1929-01-04,2.0460801502445594
1929-01-05,2.0282792529374314
1929-01-07,2.0021144505745383
1929-01-08,1.9977097987832744
1929-01-09,2.02208185832843
1929-01-10,2.0277436875317494
1929-01-11,2.02713536442549
1929-01-12,2.022472953087312
1929-01-14,2.0277313827653387
1929-01-15,2.0078596152142385
1929-01-16,2.02633192367421
1929-01-17,2.0409215135246646
1929-01-18,2.0419419742814267
1929-01-19,2.0460258582299895
1929-01-21,2.0495041021889806
1929-01-22,2.0618011268021146
1929-01-23,2.072934852886846
1929-01-24,2.0561440805784628
1929-01-25,2.0804065807292886
1929-01-26,2.087688003761841
1929-01-28,2.0824687837524367
1929-01-29,2.0774708586714308
1929-01-30,2.0843265125050467
1929-01-31,2.1130902183776166
1929-02-01,2.125346141644207
1929-02-02,2.1255586762583714
1929-02-04,2.116631329818086
1929-02-05,2.1217112450096494
1929-02-06,2.105374068423075
1929-02-07,2.043054995997752
1929-02-08,2.0238502790353734
1929-02-11,2.067970215118345
1929-02-13,2.070038185333463
1929-02-14,2.0578249600399956
1929-02-15,2.0255171081673677
1929-02-16,1.9973624203638414
1929-02-18,2.0195331432298804
1929-02-19,2.024178069459309
1929-02-20,2.040978747435821
1929-02-21,2.055877892292103
1929-02-25,2.062045525968979
1929-02-26,2.069881298967661
1929-02-27,2.0920290288666146
1929-02-28,2.1144137394754874
1929-03-01,2.1359807596181373
1929-03-02,2.13042720964313
1929-03-04,2.1116794501982703
1929-03-05,2.097531197881942
1929-03-06,2.0648097111949837
1929-03-07,2.0805022650000655
1929-03-08,2.0927772283635657
1929-03-09,2.0925679506407295
1929-03-11,2.065155310487336
1929-03-12,2.0707312298256517
1929-03-13,2.0910243958779433
1929-03-14,2.1236443764536395
1929-03-15,2.146579735719339
1929-03-16,2.152375501005781
1929-03-18,2.143550761451657
1929-03-19,2.1441938266800924
1929-03-20,2.1450515042107643
1929-03-21,2.136042287893079
1929-03-22,2.111691405811098
1929-03-23,2.090785660893568
1929-03-25,2.0249259125754207
1929-03-26,2.0024492349458334
1929-03-27,2.067929324928562
1929-03-28,2.101222987059912
1929-04-01,2.05415559214977
1929-04-02,2.0783946281371373
1929-04-03,2.05615580561607
1929-04-04,2.0808296752834625
1929-04-05,2.065431535686365
1929-04-06,2.0679100535291886
1929-04-08,2.048471699026014
1929-04-09,2.031059689584293
1929-04-10,2.0414180940011732
1929-04-11,2.062240558559985
1929-04-12,2.074820225967201
1929-04-13,2.0744052619220072
1929-04-15,2.062581151929052
1929-04-16,2.063818700620209
1929-04-17,2.084250505756349
1929-04-18,2.092379082728799
1929-04-19,2.0919606069122536
1929-04-20,2.095726136004696
1929-04-22,2.113120662933535
1929-04-23,2.122841017983029
1929-04-24,2.1181707677434662
1929-04-25,2.1052499260602313
1929-04-26,2.103355201126777
1929-04-27,2.114713319212862
1929-04-29,2.103293867289113
1929-04-30,2.1377878867126543
1929-05-01,2.140567010965381
1929-05-02,2.1439919181829254
1929-05-03,2.1609294543365705
1929-05-04,2.1680605215358812
1929-05-06,2.157220218928202
1929-05-07,2.1429825654832757
1929-05-08,2.1453398463053075
1929-05-09,2.1339695451198892
1929-05-10,2.158296797934256
1929-05-11,2.151390248180866
1929-05-13,2.106426191993886
1929-05-14,2.1260159555794296
1929-05-15,2.120488314094923
1929-05-16,2.1221847047461986
1929-05-17,2.1330078467404046
1929-05-18,2.129808334970294
1929-05-20,2.088916014938864
1929-05-21,2.090796039352309
1929-05-22,2.025563202924517
1929-05-23,2.0565543199292624
1929-05-24,2.047299825489581
1929-05-25,2.0403390060829163
1929-05-27,1.9760683273913044
1929-05-28,1.9982002926580873
1929-05-29,2.000598133009277
1929-05-31,2.0124016619940317
1929-06-01,2.0250797924645942
1929-06-03,2.0512033217873875
1929-06-04,2.0803304089567685
1929-06-05,2.0742974507707936
1929-06-06,2.080520343123106
1929-06-07,2.0715741056476764
1929-06-08,2.064737911099039
1929-06-10,2.054414221543544
1929-06-11,2.0630427612740267
1929-06-12,2.064074282654664
1929-06-13,2.0900816186161126
1929-06-14,2.0967698797956844
1929-06-15,2.103269866423051
1929-06-17,2.1289297587934124
1929-06-18,2.1327618323592406
1929-06-19,2.119538708998613
1929-06-20,2.129076633189107
1929-06-21,2.1437672619581116
1929-06-22,2.1508416939225734
1929-06-24,2.1467550947041203
1929-06-25,2.163714459952283
1929-06-26,2.1762640038200063
1929-06-27,2.178440267823826
1929-06-28,2.199571138421717
1929-06-29,2.2182674930983013
1929-07-01,2.226696909572075
1929-07-02,2.252526593723111
1929-07-03,2.2601851841417697
1929-07-05,2.271260091544064
1929-07-06,2.2751212336996893
1929-07-08,2.276031282193169
1929-07-09,2.278307313475362
1929-07-10,2.271700222266283
1929-07-11,2.2776066428441752
1929-07-12,2.2990161452869105
1929-07-13,2.3084421114825866
1929-07-15,2.2982849661920635
1929-07-16,2.3095465625264042
1929-07-17,2.316013292901478
1929-07-18,2.313234076949996
1929-07-19,2.320867749403931
1929-07-20,2.3245811378029777
1929-07-22,2.299010745287145
1929-07-23,2.3233802591871884
1929-07-24,2.31222803394309
1929-07-25,2.324251619719594
1929-07-26,2.3151870384026876
1929-07-27,2.305000215433716
1929-07-29,2.2784927129562282
1929-07-30,2.2987712981015385
1929-07-31,2.323598028121035
1929-08-01,2.3428838917544392
1929-08-02,2.3656098655044575
1929-08-03,2.377911036805081
1929-08-05,2.3641191527916114
1929-08-06,2.3534806166040494
1929-08-07,2.329945810438009
1929-08-08,2.3516143064750827
1929-08-09,2.2674265143032746
1929-08-10,2.3039320811835573
1929-08-12,2.3380302759850737
1929-08-13,2.355097896999765
1929-08-14,2.358866053634965
1929-08-15,2.366414425006597
1929-08-16,2.410193091869219
1929-08-17,2.4169416325264526
1929-08-19,2.4299931173420957
1929-08-20,2.4382550939410588
1929-08-21,2.429477375602871
1929-08-22,2.450856776508176
1929-08-23,2.474875172917956
1929-08-24,2.4810623608502507
1929-08-26,2.4795737234337403
1929-08-27,2.4778380218273366
1929-08-28,2.4778380218273366
1929-08-29,2.4974129421997726
1929-08-30,2.52488448456397
1929-09-03,2.534226557156857
1929-09-04,2.5210485790596415
1929-09-05,2.4728965511996024
1929-09-06,2.523838220154314
1929-09-07,2.5321668862808235
1929-09-09,2.5177335350290226
1929-09-10,2.474932064933529
1929-09-11,2.5043837565062383
1929-09-12,2.4795903573168268
1929-09-13,2.4860372922458502
1929-09-14,2.491755178018016
1929-09-16,2.5174202563516013
1929-09-17,2.5018122507622214
1929-09-18,2.5130704058906512
1929-09-19,2.513573019971829
1929-09-20,2.4919562920000713
1929-09-21,2.4902119225956714
1929-09-23,2.4832393292124033
1929-09-24,2.445742415341296
1929-09-25,2.4423183759598186
1929-09-26,2.465276168693841
1929-09-27,2.4051234301777114
1929-09-28,2.4125793128112627
1929-09-30,2.3932786783087727
1929-10-01,2.377483039031935
1929-10-02,2.3957896584324807
1929-10-03,2.3083433358996954
1929-10-04,2.281335718869669
1929-10-05,2.37076407904936
1929-10-07,2.4127266032485335
1929-10-08,2.4129678759088584
1929-10-09,2.4086245337322225
1929-10-10,2.4430678645645933
1929-10-11,2.439647569554203
1929-10-14,2.4279372612203427
1929-10-15,2.4123984627485324
1929-10-16,2.3397852690198016
1929-10-17,2.3648209713983133
1929-10-18,2.3111395353475714
1929-10-19,2.2473520841719785
1929-10-21,2.218136507077743
1929-10-22,2.262942864520713
1929-10-23,2.135991769821101
1929-10-24,2.0556784792758274
1929-10-25,2.0850746815294716
1929-10-26,2.0779854276122713
1929-10-28,1.8446276640914132
1929-10-29,1.6319420944216734
1929-10-30,1.8150459974157853
1929-10-31,1.9224967204627996
1929-11-04,1.8405983601710845
1929-11-06,1.6631646782505918
1929-11-07,1.6974258706225538
1929-11-08,1.7013299501249857
1929-11-11,1.6077568028681113
1929-11-12,1.512738375818606
1929-11-13,1.4266635622345274
1929-11-14,1.536231323814139
1929-11-15,1.6307095502287083
1929-11-18,1.6121194613561012
1929-11-19,1.65403456735136
1929-11-20,1.6938968004245276
1929-11-21,1.7299768022735702
1929-11-22,1.7214999159424296
1929-11-25,1.7032520168334397
1929-11-26,1.6650991716563708
1929-11-27,1.6819166732901
1929-12-02,1.682925823294074
1929-12-03,1.7298794537639788
1929-12-04,1.7615362477678596
1929-12-05,1.7543139491520114
1929-12-06,1.7899265223197973
1929-12-07,1.8094367214130829
1929-12-09,1.7929708472482238
1929-12-10,1.7994255422983174
1929-12-11,1.7906083571410556
1929-12-12,1.7025104259697157
1929-12-13,1.7351986261483343
1929-12-14,1.7561945295247292
1929-12-16,1.714572719174993
1929-12-17,1.7253745273057954
1929-12-18,1.7158849674056136
1929-12-19,1.6748753166846193
1929-12-20,1.6212793065507114
1929-12-21,1.6467333916635576
1929-12-23,1.6249965108935986
1929-12-24,1.6321464955415304
1929-12-26,1.66593192799924
1929-12-27,1.663099843721641
1929-12-28,1.6509592148624732
1929-12-30,1.6633414089739418
1929-12-31,1.7075862904526486
1930-01-02,1.6915349793223937
1930-01-03,1.7013458822024636
1930-01-04,1.7134254379661014
1930-01-06,1.7137681230536945
1930-01-07,1.7021144998169293
1930-01-08,1.700582596767094
1930-01-09,1.7220099374863593
1930-01-10,1.718393716617638
1930-01-11,1.7120356598661526
1930-01-13,1.7173429704117378
1930-01-14,1.720434187758479
1930-01-15,1.7240470995527717
1930-01-16,1.7140476263753657
1930-01-17,1.7008494596522752
1930-01-18,1.7049314983554407
1930-01-20,1.7091938271013292
1930-01-21,1.7194489900639371
1930-01-22,1.7213403839530077
1930-01-23,1.7376931176005614
1930-01-24,1.7514208932296058
1930-01-25,1.764556549928828
1930-01-27,1.7703795865435934
1930-01-28,1.7609965747349123
1930-01-29,1.7786065404822615
1930-01-30,1.7832309174875154
1930-01-31,1.8087311196075868
1930-02-01,1.8232009685644475
1930-02-03,1.8126264029467736
1930-02-04,1.8269461515300531
1930-02-05,1.8459463915059655
1930-02-06,1.831548009652219
1930-02-07,1.8269691396280885
1930-02-08,1.8419502865730388
1930-02-10,1.8408451164010948
1930-02-11,1.8511538490529411
1930-02-13,1.8543008105963312
1930-02-14,1.8555988211637484
1930-02-15,1.8416818300050204
1930-02-17,1.8527319209850506
1930-02-18,1.8568079312112176
1930-02-19,1.843624594899618
1930-02-20,1.8087800900560151
1930-02-21,1.8295810610916594
1930-02-24,1.813663705860162
1930-02-25,1.813845072230748
1930-02-26,1.843047977893663
1930-02-27,1.8478399026361865
1930-02-28,1.8580030221006856
1930-03-01,1.8695226408377097
1930-03-03,1.8678400704609557
1930-03-04,1.8773660548203068
1930-03-05,1.8644122290420466
1930-03-06,1.879327526874383
1930-03-07,1.8812068544012572
1930-03-08,1.8832761819410988
1930-03-10,1.8919392523780278
1930-03-11,1.8955339369575461
1930-03-12,1.8803696654618858
1930-03-13,1.8882672180568256
1930-03-14,1.8756158276958448
1930-03-15,1.8666128717229047
1930-03-17,1.891065500342475
1930-03-18,1.9095979422458313
1930-03-19,1.9155176958667937
1930-03-20,1.9262445949636477
1930-03-21,1.9368389402359478
1930-03-22,1.9201821253499185
1930-03-24,1.938423855540743
1930-03-25,1.9393930674685131
1930-03-26,1.9587869981431982
1930-03-27,1.955652938946169
1930-03-28,1.972862684808895
1930-03-29,1.9892374450928088
1930-03-31,1.9948073099390684
1930-04-01,2.0101673262255995
1930-04-02,1.9908697198938337
1930-04-03,1.9964441551095362
1930-04-04,2.017806107569208
1930-04-05,2.0280969187178113
1930-04-07,2.0278941090259397
1930-04-08,2.0151183761390765
1930-04-09,2.0413149150288845
1930-04-10,2.042539703977902
1930-04-11,2.0351865610435813
1930-04-12,2.0353900796996856
1930-04-14,2.0309122215243463
1930-04-15,2.0305060390800413
1930-04-16,2.015886395598665
1930-04-17,2.0263690048557783
1930-04-21,1.9961761066834272
1930-04-22,2.005957369606176
1930-04-23,2.0135800076106793
1930-04-24,1.9970686515482718
1930-04-25,1.99327422111033
1930-04-26,1.9936728759545521
1930-04-28,1.9522044801346974
1930-04-29,1.943614780422105
1930-04-30,1.9587749757093973
1930-05-01,1.920774741180635
1930-05-02,1.8742919924440637
1930-05-03,1.814502077885098
1930-05-05,1.8114174243526933
1930-05-06,1.867933647992497
1930-05-07,1.8509354517957652
1930-05-08,1.8550075097897158
1930-05-09,1.8733720841366341
1930-05-10,1.8994119561061333
1930-05-12,1.8994119561061333
1930-05-13,1.9193557816452476
1930-05-14,1.9302961096006255
1930-05-15,1.9063604378415777
1930-05-16,1.915320331899433
1930-05-17,1.9160864600321927
1930-05-19,1.8810220778136038
1930-05-20,1.8838436109303243
1930-05-21,1.8774385426531612
1930-05-22,1.8806301881756717
1930-05-23,1.899248427038611
1930-05-24,1.910264067915435
1930-05-26,1.9127474112037253
1930-05-27,1.9144688838738084
1930-05-28,1.9209780780789796
1930-05-29,1.9305829684693743
1930-06-02,1.9274940357198231
1930-06-03,1.9120740834340646
1930-06-04,1.9178103056843665
1930-06-05,1.891344523465922
1930-06-06,1.8639200278756662
1930-06-07,1.8305558593766917
1930-06-09,1.7767375171110171
1930-06-10,1.8151150474806153
1930-06-11,1.757757411980228
1930-06-12,1.7493201764027229
1930-06-13,1.7617403496551824
1930-06-14,1.7310860675711823
1930-06-16,1.6389922887763955
1930-06-17,1.6358782034277204
1930-06-18,1.580912695792549
1930-06-19,1.6474691202854153
1930-06-20,1.6192973983285346
1930-06-21,1.577681455191491
1930-06-23,1.5981913141089803
1930-06-24,1.5571177973363795
1930-06-25,1.5592977622526505
1930-06-26,1.5932904534697583
1930-06-27,1.5797474846152655
1930-06-28,1.5855925503083421
1930-06-30,1.6247566863009582
1930-07-01,1.6137083408341115
1930-07-02,1.6275862325652848
1930-07-03,1.6126124392256842
1930-07-07,1.5863268564663056
1930-07-08,1.5928307965778175
1930-07-09,1.6144932954112758
1930-07-10,1.6492049012626184
1930-07-11,1.634526977641381
1930-07-12,1.6596986930970585
1930-07-14,1.6913989381352121
1930-07-15,1.699179373250634
1930-07-16,1.7110736288633883
1930-07-17,1.7213400706365687
1930-07-18,1.7335615851380886
1930-07-19,1.71951973629847
1930-07-21,1.6758439349964889
1930-07-22,1.6999760876604382
1930-07-23,1.7239457504964504
1930-07-24,1.7070510821415852
1930-07-25,1.7155863375522928
1930-07-26,1.7315412904915293
1930-07-28,1.7395063804277902
1930-07-29,1.726112181298496
1930-07-30,1.6864116011286305
1930-07-31,1.6953495826146123
1930-08-01,1.6875509745345851
1930-08-02,1.6951449539199908
1930-08-04,1.7171818383209505
1930-08-05,1.7151212201149655
1930-08-06,1.6919670836434135
1930-08-07,1.6794465272244523
1930-08-08,1.6161313931480905
1930-08-09,1.6133839697797387
1930-08-11,1.6269363951258884
1930-08-12,1.5901676325960434
1930-08-13,1.6040020909996289
1930-08-14,1.6104180993636275
1930-08-15,1.6448810466900092
1930-08-16,1.6450455347946782
1930-08-18,1.6387943617624583
1930-08-19,1.6517408372203817
1930-08-20,1.6639637194158126
1930-08-21,1.6539799370993176
1930-08-22,1.6559647130238369
1930-08-23,1.6645757295315609
1930-08-25,1.6517584964141678
1930-08-26,1.670753719122931
1930-08-27,1.6797757892061949
1930-08-28,1.6777600582591474
1930-08-29,1.7007453710572977
1930-09-02,1.701765818279932
1930-09-03,1.6857692195881007
1930-09-04,1.6763289119584073
1930-09-05,1.6981211878138665
1930-09-06,1.719517514780321
1930-09-08,1.7215809357980576
1930-09-09,1.7288115757284095
1930-09-10,1.7355539408737504
1930-09-11,1.7190661784354497
1930-09-12,1.712189913721708
1930-09-13,1.710135285825242
1930-09-15,1.6894426488667567
1930-09-16,1.6924836456347168
1930-09-17,1.696884103113367
1930-09-18,1.6783880663894313
1930-09-19,1.6515338573272003
1930-09-20,1.655827845356251
1930-09-22,1.6149288975759515
1930-09-23,1.6294632576541348
1930-09-24,1.60583604041815
1930-09-25,1.5742010704219123
1930-09-26,1.550902894579668
1930-09-27,1.5409771160543582
1930-09-29,1.5100034760216656
1930-09-30,1.486900422838534
1930-10-01,1.542956568779547
1930-10-02,1.5270641161211178
1930-10-03,1.5470686560423046
1930-10-04,1.5336091587347365
1930-10-06,1.489134493131429
1930-10-07,1.486007310695853
1930-10-08,1.4714444390510335
1930-10-09,1.414058105928043
1930-10-10,1.4406423983194903
1930-10-11,1.4108211006742768
1930-10-14,1.4236595726904129
1930-10-15,1.4488583471270333
1930-10-16,1.428429444432542
1930-10-17,1.376148926766311
1930-10-18,1.360460829001175
1930-10-20,1.3989618704619082
1930-10-21,1.3656665779449149
1930-10-22,1.3541949786901777
1930-10-23,1.3670598309877344
1930-10-24,1.4054742122384898
1930-10-25,1.4032254534989081
1930-10-27,1.4099609356757028
1930-10-28,1.4185616973833246
1930-10-29,1.399978539147603
1930-10-30,1.3838787859474055
1930-10-31,1.356339598107052
1930-11-01,1.3601373489817516
1930-11-03,1.3642177610286967
1930-11-05,1.3287480992419507
1930-11-06,1.3283494748121782
1930-11-07,1.2845139421433762
1930-11-08,1.2693566776260843
1930-11-10,1.2429540587314616
1930-11-11,1.2548864176952836
1930-11-12,1.2754665549454862
1930-11-13,1.3069705788526396
1930-11-14,1.3389913580345292
1930-11-15,1.3527829690222848
1930-11-17,1.3147697675927585
1930-11-18,1.3239731559659078
1930-11-19,1.349790632507243
1930-11-20,1.3476309674952314
1930-11-21,1.3651501700726691
1930-11-22,1.3525907885080006
1930-11-24,1.3548901928484642
1930-11-25,1.3403928677849857
1930-11-26,1.3217614069227743
1930-11-28,1.3057680938990088
1930-11-29,1.3184340444098293
1930-12-01,1.3343870963471882
1930-12-02,1.3446618769890617
1930-12-03,1.3278536035266986
1930-12-04,1.3066079458702713
1930-12-05,1.3077838930215544
1930-12-06,1.2940521621448282
1930-12-08,1.2756766214423716
1930-12-09,1.2741458094966407
1930-12-10,1.252740159897097
1930-12-11,1.2403380323141158
1930-12-12,1.2270664153683546
1930-12-13,1.1962670483426088
1930-12-15,1.189926832986393
1930-12-16,1.1522061523807243
1930-12-17,1.19610520678643
1930-12-18,1.209860416664474
1930-12-19,1.2261935322894444
1930-12-20,1.2276649645281918
1930-12-22,1.1900984166136293
1930-12-23,1.194263761071777
1930-12-24,1.2087143525807456
1930-12-26,1.1869574942342922
1930-12-27,1.1782927045263818
1930-12-29,1.1753469727650658
1930-12-30,1.1985013081285376
1930-12-31,1.2181567295818456
1931-01-02,1.2604267680983356
1931-01-03,1.2834925779545352
1931-01-05,1.2734813358464898
1931-01-06,1.2928382521513566
1931-01-07,1.2938725227530776
1931-01-08,1.3025414686555232
1931-01-09,1.295637998871649
1931-01-10,1.3012092422667971
1931-01-12,1.2790886851482615
1931-01-13,1.2651466184801454
1931-01-14,1.2736231008239622
1931-01-15,1.2486600880478127
1931-01-16,1.2630196790603627
1931-01-17,1.2578412983762153
1931-01-19,1.2504200347157957
1931-01-20,1.2745531413858107
1931-01-21,1.2751904179565035
1931-01-22,1.2968686550617639
1931-01-23,1.3199529171218634
1931-01-24,1.3101852655351616
1931-01-26,1.3196185994470149
1931-01-27,1.3139442394693928
1931-01-28,1.2885851156476336
1931-01-29,1.3021152593619336
1931-01-30,1.3052403359844023
1931-01-31,1.2976699420356927
1931-02-02,1.3015629518617997
1931-02-03,1.3070295162596193
1931-02-04,1.3125190402279097
1931-02-05,1.3049064297945878
1931-02-06,1.3089516397269512
1931-02-07,1.3259680110434013
1931-02-09,1.359382404921695
1931-02-10,1.3789575115525674
1931-02-11,1.3853007161057092
1931-02-13,1.3821145244586661
1931-02-14,1.3799031412195322
1931-02-16,1.3970139401706543
1931-02-17,1.3766175366441629
1931-02-18,1.3865291829080009
1931-02-19,1.402474268511443
1931-02-20,1.4223894031243056
1931-02-21,1.4404537485439841
1931-02-24,1.4580272842762207
1931-02-25,1.4434470114334585
1931-02-26,1.4552832769272128
1931-02-27,1.4478613322148841
1931-02-28,1.4390293780883734
1931-03-02,1.4115439169668855
1931-03-03,1.4078739027827716
1931-03-04,1.3936543763646656
1931-03-05,1.4163709426994096
1931-03-06,1.3920093624849796
1931-03-07,1.4140031104122424
1931-03-09,1.4213559265863862
1931-03-10,1.4200767062524584
1931-03-11,1.4037458241305552
1931-03-12,1.3963059712626633
1931-03-13,1.3886262884207188
1931-03-14,1.4051509412529253
1931-03-16,1.42173172235971
1931-03-17,1.4080830978250567
1931-03-18,1.4232903952815672
1931-03-19,1.4379502863529674
1931-03-20,1.4416889570974851
1931-03-21,1.4311646277106735
1931-03-23,1.423436338721036
1931-03-24,1.434396798529188
1931-03-25,1.4280854526156597
1931-03-26,1.4105200015484871
1931-03-27,1.3869643175226274
1931-03-28,1.3599185133309362
1931-03-30,1.345095401535629
1931-03-31,1.3475165732583931
1931-04-01,1.3337719042111575
1931-04-02,1.3208343167403092
1931-04-04,1.3443451675782867
1931-04-06,1.3335904062376605
1931-04-07,1.317320603281561
1931-04-08,1.3311524696160173
1931-04-09,1.3267596664662844
1931-04-10,1.3288824819326306
1931-04-11,1.3298126996699833
1931-04-13,1.3447066019062872
1931-04-14,1.331394006547415
1931-04-15,1.3068963568269427
1931-04-16,1.2934353243516252
1931-04-17,1.2736457638890455
1931-04-18,1.2829433779654356
1931-04-20,1.2871770911127216
1931-04-21,1.2571858648897951
1931-04-22,1.232796459110933
1931-04-23,1.2331662980486664
1931-04-24,1.2309465987121788
1931-04-25,1.2086664652754884
1931-04-27,1.1912616681755215
1931-04-28,1.1824463318310228
1931-04-29,1.1598616068930503
1931-04-30,1.2132152408101307
1931-05-01,1.1855539333196596
1931-05-02,1.194801253999553
1931-05-04,1.2154713156937453
1931-05-05,1.2033166025368078
1931-05-06,1.2088518589084771
1931-05-07,1.2059506144470968
1931-05-08,1.238752471160058
1931-05-09,1.2241351920003691
1931-05-11,1.2232782973659688
1931-05-12,1.2116571535409921
1931-05-13,1.207901016365015
1931-05-14,1.1814479841066212
1931-05-15,1.1680976218862165
1931-05-16,1.1620235142524082
1931-05-18,1.1240253453363545
1931-05-19,1.1197540490240763
1931-05-20,1.1138193525642488
1931-05-21,1.1239551086725836
1931-05-22,1.1283385335964067
1931-05-23,1.1172808159671619
1931-05-25,1.0851031284673076
1931-05-26,1.0827159015846795
1931-05-27,1.0678826937329693
1931-05-28,1.0740764133566205
1931-05-29,1.05205784688281
1931-06-01,1.0061881247587194
1931-06-02,0.9925039662620008
1931-06-03,1.0552302169297592
1931-06-04,1.0918467054572218
1931-06-05,1.0870425799532102
1931-06-06,1.0626928261622584
1931-06-08,1.09361718740358
1931-06-09,1.0792908022485932
1931-06-10,1.1020638381760384
1931-06-11,1.1073537445992832
1931-06-12,1.1114509534543004
1931-06-13,1.1098949221194645
1931-06-15,1.1035685210633834
1931-06-16,1.105003160140766
1931-06-17,1.094947631383485
1931-06-18,1.0767715007025191
1931-06-19,1.073648863350482
1931-06-20,1.1277607660633462
1931-06-22,1.1724200923994548
1931-06-23,1.16151658554014
1931-06-24,1.2094872205229477
1931-06-25,1.2033188356982807
1931-06-26,1.2337628022414473
1931-06-27,1.2459770539836377
1931-06-29,1.218316363385201
1931-06-30,1.1984578066620222
1931-07-01,1.2127194545613003
1931-07-02,1.2056856817248447
1931-07-03,1.2293171210866518
1931-07-06,1.21751567672422
1931-07-07,1.1728328513884412
1931-07-08,1.1622773557259451
1931-07-09,1.1722729409851882
1931-07-10,1.1843473522773356
1931-07-11,1.1664637072579478
1931-07-13,1.1540991919610135
1931-07-14,1.1460204976172863
1931-07-15,1.1218394651175616
1931-07-16,1.1443884383664247
1931-07-17,1.1562900781254355
1931-07-18,1.1568682231644982
1931-07-20,1.170403581375523
1931-07-21,1.1823416979055532
1931-07-22,1.1582219272682799
1931-07-23,1.1563687721846505
1931-07-24,1.1367105030575115
1931-07-25,1.1322773320955872
1931-07-27,1.1383916296889034
1931-07-28,1.1487509935190725
1931-07-29,1.1176198415947056
1931-07-30,1.1233197027868387
1931-07-31,1.119275751856806
1931-08-01,1.1263271890935038
1931-08-03,1.1320714577578808
1931-08-04,1.1244865789909029
1931-08-05,1.108406420911333
1931-08-06,1.1025318668805029
1931-08-07,1.105177943361016
1931-08-08,1.1060620857157049
1931-08-10,1.101637837372842
1931-08-11,1.1351276276289763
1931-08-12,1.1217331216229545
1931-08-13,1.137100865389189
1931-08-14,1.1576823910527334
1931-08-15,1.1691434467241555
1931-08-17,1.142837719172862
1931-08-18,1.1462662323303805
1931-08-19,1.1493611511576725
1931-08-20,1.151544937344872
1931-08-21,1.1228714684049848
1931-08-22,1.1215240226428989
1931-08-24,1.1160285549319486
1931-08-25,1.1125688664116595
1931-08-26,1.1292573994078343
1931-08-27,1.1234981866708544
1931-08-28,1.13214912270822
1931-08-29,1.1395080920058234
1931-08-31,1.1241247327637447
1931-09-01,1.1279467568551416
1931-09-02,1.108771661988604
1931-09-03,1.0852657027544457
1931-09-04,1.0790796882487452
1931-09-08,1.0480021932271812
1931-09-09,1.0397229759006865
1931-09-10,1.0289098569513193
1931-09-11,1.0341572972217712
1931-09-12,1.0128536568990028
1931-09-14,0.9867220325510084
1931-09-15,0.9739933183311004
1931-09-16,0.9645455831432886
1931-09-17,0.9775669485157231
1931-09-18,0.9340652193067734
1931-09-19,0.9022135953284125
1931-09-21,0.8881390632412893
1931-09-22,0.8787247891709317
1931-09-23,0.9354025380724568
1931-09-24,0.8720757862449514
1931-09-25,0.8860289988248706
1931-09-26,0.8756624595386197
1931-09-28,0.8573611141342625
1931-09-29,0.8224665167889981
1931-09-30,0.7968878081168602
1931-10-01,0.7827032051323801
1931-10-02,0.7935827796837203
1931-10-03,0.7709656704627342
1931-10-05,0.7259412753077106
1931-10-06,0.8068837275045203
1931-10-07,0.7997831507024805
1931-10-08,0.8630459979230467
1931-10-09,0.8626144749240853
1931-10-10,0.8688252991435388
1931-10-13,0.8271216847846489
1931-10-14,0.8089250077193866
1931-10-15,0.8239710128629671
1931-10-16,0.8490197316540014
1931-10-17,0.849614045466159
1931-10-19,0.8558162279980621
1931-10-20,0.8921884176879797
1931-10-21,0.8843371596123255
1931-10-22,0.8556846356408861
1931-10-23,0.8819541539550613
1931-10-24,0.8887452009405152
1931-10-26,0.865904449276344
1931-10-27,0.8495388551850211
1931-10-28,0.8268561677515811
1931-10-29,0.8285098800870843
1931-10-30,0.8511281998134618
1931-10-31,0.8606608356513726
1931-11-02,0.8589395139800698
1931-11-04,0.8814437292463477
1931-11-05,0.8792401199232319
1931-11-06,0.9033312992091286
1931-11-07,0.9258242485594358
1931-11-09,0.9373970516664287
1931-11-10,0.9196802473899331
1931-11-11,0.907724404173864
1931-11-12,0.9054550931634294
1931-11-13,0.8783819858778429
1931-11-14,0.8680170784444843
1931-11-16,0.8574272700874616
1931-11-17,0.8678021400555198
1931-11-18,0.8415945154258431
1931-11-19,0.8376390212033415
1931-11-20,0.8128449061757227
1931-11-21,0.8084555436823738
1931-11-23,0.8009369071261278
1931-11-24,0.8134315228772954
1931-11-25,0.7877270867543729
1931-11-27,0.7682702277115399
1931-11-28,0.758359541774061
1931-11-30,0.7839162583318469
1931-12-01,0.7768610120068602
1931-12-02,0.7527006345334468
1931-12-03,0.7638406039245418
1931-12-04,0.7487929440272283
1931-12-05,0.771556249525656
1931-12-07,0.7700131370266047
1931-12-08,0.7469897442295091
1931-12-09,0.7275680108795419
1931-12-10,0.7125801098554234
1931-12-11,0.6929841568343993
1931-12-12,0.6851534358621706
1931-12-14,0.6693949068373406
1931-12-15,0.6758210979429791
1931-12-16,0.6616288548861765
1931-12-17,0.6407213830717734
1931-12-18,0.691530588749365
1931-12-19,0.695956384517361
1931-12-21,0.6777919228814578
1931-12-22,0.6871454514172219
1931-12-23,0.6633702187981861
1931-12-24,0.6635028928419457
1931-12-28,0.6459200661816342
1931-12-29,0.659678163591303
1931-12-30,0.6705628532905595
1931-12-31,0.6779390446767556
1932-01-02,0.6545501476354075
1932-01-04,0.6351754632653995
1932-01-05,0.6332699368756033
1932-01-06,0.6736092318545793
1932-01-07,0.6872834992612272
1932-01-08,0.7130566304835233
1932-01-09,0.7020042527110287
1932-01-11,0.7100071011919346
1932-01-12,0.7039720408318031
1932-01-13,0.7354395910569846
1932-01-14,0.7436029705177173
1932-01-15,0.7429337278442514
1932-01-16,0.7312696683170966
1932-01-18,0.7140848311116449
1932-01-19,0.7112284917871983
1932-01-20,0.7231771304492232
1932-01-21,0.7226709064579087
1932-01-22,0.6955707474657371
1932-01-23,0.6902148527102508
1932-01-25,0.6930447336063629
1932-01-26,0.6994207451555414
1932-01-27,0.687880302860475
1932-01-28,0.6793505871050051
1932-01-29,0.671062509942324
1932-01-30,0.6689822161615028
1932-02-01,0.6939352528243269
1932-02-02,0.6820689600010309
1932-02-03,0.682137166897031
1932-02-04,0.6772257792953723
1932-02-05,0.659279296144045
1932-02-06,0.6537413500564351
1932-02-08,0.6477923037709216
1932-02-09,0.6399540168952934
1932-02-10,0.638098150246297
1932-02-11,0.6851259839194491
1932-02-13,0.7415803649944117
1932-02-15,0.7210385888840666
1932-02-16,0.7487264706972148
1932-02-17,0.7229702801052306
1932-02-18,0.7395985965476508
1932-02-19,0.7408559141617819
1932-02-20,0.7246311696416389
1932-02-23,0.7016603615639989
1932-02-24,0.7159040669037481
1932-02-25,0.711107509655493
1932-02-26,0.7108941774025963
1932-02-27,0.708903673705869
1932-02-29,0.7071314145216044
1932-03-01,0.7099599401796909
1932-03-02,0.7377903698347347
1932-03-03,0.7364623471690321
1932-03-04,0.737346101985635
1932-03-05,0.7557797545352758
1932-03-07,0.7463325076035848
1932-03-08,0.7581245612237215
1932-03-09,0.7472075675420999
1932-03-10,0.7413046277585174
1932-03-11,0.7249959259478299
1932-03-12,0.7302158966146544
1932-03-14,0.7072871174609542
1932-03-15,0.7050237986850791
1932-03-16,0.6909938250912461
1932-03-17,0.703708111472925
1932-03-18,0.6864672627418383
1932-03-19,0.6817992853551939
1932-03-21,0.6905944961362758
1932-03-22,0.6862437508106173
1932-03-23,0.6764304651740255
1932-03-24,0.6701396618479071
1932-03-26,0.6523139468427528
1932-03-28,0.647160666662695
1932-03-29,0.6494257289960145
1932-03-30,0.6602061960973483
1932-03-31,0.628912422402334
1932-04-01,0.6199818660042209
1932-04-02,0.6132860618513752
1932-04-04,0.6078891445070831
1932-04-05,0.5854580350747717
1932-04-06,0.5715826796434995
1932-04-07,0.5670671764743158
1932-04-08,0.5447814364388752
1932-04-09,0.5546964585820627
1932-04-11,0.5366688236781457
1932-04-12,0.5347368159129043
1932-04-13,0.5281595530771757
1932-04-14,0.5451662906862608
1932-04-15,0.5605399800836133
1932-04-16,0.5545422022967186
1932-04-18,0.5391259290728698
1932-04-19,0.5323329423665517
1932-04-20,0.5310021100106354
1932-04-21,0.5467197724669502
1932-04-22,0.5261084370449463
1932-04-23,0.5308434129783507
1932-04-25,0.5314804250739248
1932-04-26,0.5386022627699154
1932-04-27,0.5501822114194687
1932-04-28,0.5314209980100648
1932-04-29,0.5156909364689669
1932-04-30,0.5160003510308483
1932-05-02,0.5092407464323442
1932-05-03,0.5030280093258696
1932-05-04,0.5068007193958136
1932-05-05,0.5032024342881033
1932-05-06,0.5341997042402505
1932-05-07,0.5290713870795442
1932-05-09,0.5230399732668374
1932-05-10,0.5281657650048524
1932-05-11,0.5273735163573451
1932-05-12,0.5120269470313463
1932-05-13,0.49641012514689026
1932-05-14,0.4897085884574073
1932-05-16,0.49773980930810874
1932-05-17,0.49778958328903955
1932-05-18,0.4883315812065478
1932-05-19,0.4889175791039957
1932-05-20,0.4889664708619061
1932-05-21,0.48935764403859555
1932-05-23,0.4856874617083061
1932-05-24,0.46893124427936955
1932-05-25,0.45495709319984434
1932-05-26,0.45823278427088326
1932-05-27,0.43903283060993326
1932-05-28,0.4399108962711531
1932-05-31,0.40990897314546043
1932-06-01,0.40507204726234397
1932-06-02,0.42188253722373126
1932-06-03,0.4393484742647938
1932-06-04,0.4674667766177406
1932-06-06,0.457462987598121
1932-06-07,0.44071984225202976
1932-06-08,0.41969750577660797
1932-06-09,0.41827053425696753
1932-06-10,0.4439105180069196
1932-06-11,0.441690965416885
1932-06-13,0.4377599158246747
1932-06-14,0.4463400101748384
1932-06-15,0.46160483852281786
1932-06-16,0.4628511715868294
1932-06-17,0.4411897367565658
1932-06-18,0.4421162352037546
1932-06-20,0.4437520652740085
1932-06-21,0.4345663975228365
1932-06-22,0.43339306824952484
1932-06-23,0.4374669630910704
1932-06-24,0.42193688590133743
1932-06-25,0.4208820436865841
1932-06-27,0.40871855262404183
1932-06-28,0.40949511787402754
1932-06-29,0.4122387351637835
1932-06-30,0.40663228836555604
1932-07-01,0.41740804400724324
1932-07-05,0.4132757043715715
1932-07-06,0.42100396004331986
1932-07-07,0.4086685440140506
1932-07-08,0.4036010540682764
1932-07-09,0.40666842207919535
1932-07-11,0.41711980052663067
1932-07-12,0.41824602398805255
1932-07-13,0.43560323398355677
1932-07-14,0.4276316948016577
1932-07-15,0.445763278661248
1932-07-16,0.44634277092350766
1932-07-18,0.4348271274336811
1932-07-19,0.4330008534984597
1932-07-20,0.445860978847364
1932-07-21,0.4568291589270091
1932-07-22,0.4698031070405361
1932-07-23,0.4707427132546172
1932-07-25,0.4914083183664949
1932-07-26,0.4868382210056865
1932-07-27,0.5080156836194339
1932-07-28,0.525034209020685
1932-07-29,0.5393676429269497
1932-07-30,0.5433050267203166
1932-08-01,0.5414034591267954
1932-08-02,0.5276518112649748
1932-08-03,0.5691780088115284
1932-08-04,0.5792524595674924
1932-08-05,0.6006268753255328
1932-08-06,0.6363041117198694
1932-08-08,0.6550750830156057
1932-08-09,0.655468128065415
1932-08-10,0.6821456808776774
1932-08-11,0.6728002850496532
1932-08-12,0.63048114712003
1932-08-13,0.6237980469605576
1932-08-15,0.6601654730983582
1932-08-16,0.6820829668052236
1932-08-17,0.6683730991724386
1932-08-18,0.6749899928542458
1932-08-19,0.6686450869214159
1932-08-20,0.6703166996387194
1932-08-22,0.7082566248382709
1932-08-23,0.7228467113099393
1932-08-24,0.7393999009989368
1932-08-25,0.7362944214147413
1932-08-26,0.74571899000885
1932-08-27,0.7596639351220155
1932-08-29,0.7620948597144059
1932-08-30,0.7518065791082615
1932-08-31,0.7450403198962872
1932-09-01,0.7479459771438827
1932-09-02,0.781902724506215
1932-09-03,0.8000428677147593
1932-09-06,0.7834019760662922
1932-09-07,0.8143463541209108
1932-09-08,0.7909746137576408
1932-09-09,0.7739686595618516
1932-09-10,0.774587834489501
1932-09-12,0.7251691306490708
1932-09-13,0.6953646793793941
1932-09-14,0.659762007795169
1932-09-15,0.6861524881069758
1932-09-16,0.6814180359390377
1932-09-17,0.6753534154191803
1932-09-19,0.6647503667970991
1932-09-20,0.6839616523975353
1932-09-21,0.7587870571698255
1932-09-22,0.7397415020348629
1932-09-23,0.74965403816213
1932-09-24,0.7595494714658703
1932-09-26,0.7221036825226028
1932-09-27,0.7273028290367656
1932-09-28,0.7443944455191296
1932-09-29,0.7245935532683208
1932-09-30,0.7231443661617841
1932-10-01,0.7282063767249165
1932-10-03,0.7184484112768027
1932-10-04,0.7191668596880795
1932-10-05,0.6666676789308497
1932-10-06,0.666934346002422
1932-10-07,0.6333875483985001
1932-10-08,0.6147026157207444
1932-10-10,0.5809554421176756
1932-10-11,0.6207508899027364
1932-10-13,0.6052941927441583
1932-10-14,0.6443356681761565
1932-10-15,0.6492326192542953
1932-10-17,0.6328719572490871
1932-10-18,0.6428080469778977
1932-10-19,0.6656920134503109
1932-10-20,0.6540424032149305
1932-10-21,0.6183316879993953
1932-10-22,0.6175278568049961
1932-10-24,0.6201832265892576
1932-10-25,0.6149116691632489
1932-10-26,0.6233974501977018
1932-10-27,0.6295067452096392
1932-10-28,0.6396418038075145
1932-10-29,0.6324138514244896
1932-10-31,0.6279237130793757
1932-11-01,0.605381251779826
1932-11-02,0.5861301279732275
1932-11-03,0.5824375081669961
1932-11-04,0.6139473773588306
1932-11-05,0.621130561673929
1932-11-07,0.6430564705010187
1932-11-09,0.6190061585042805
1932-11-10,0.6588701551119562
1932-11-11,0.6831165768200762
1932-11-12,0.6833898234508042
1932-11-14,0.6641182304294916
1932-11-15,0.6630556412608044
1932-11-16,0.6440922499207454
1932-11-17,0.639325967271332
1932-11-18,0.6386866413040606
1932-11-19,0.6478198602747086
1932-11-21,0.6443216330292252
1932-11-22,0.6421953716402288
1932-11-23,0.6163791177002915
1932-11-25,0.608982568287888
1932-11-26,0.611844786358841
1932-11-28,0.6095809606493132
1932-11-29,0.6073255110949107
1932-11-30,0.5911099199486767
1932-12-01,0.6050010030674706
1932-12-02,0.5858829713705386
1932-12-03,0.584242499050701
1932-12-05,0.5896759542918726
1932-12-06,0.6155037610898566
1932-12-07,0.6185812798953059
1932-12-08,0.6182101311273687
1932-12-09,0.6320580380646217
1932-12-10,0.6285817188552663
1932-12-12,0.6319132019651992
1932-12-13,0.6238247129800446
1932-12-14,0.6346168805145994
1932-12-15,0.6309361026076147
1932-12-16,0.6268350179406652
1932-12-17,0.626584283933489
1932-12-19,0.6245792142249018
1932-12-20,0.6120876299404038
1932-12-21,0.6096392794206421
1932-12-22,0.5890944357041665
1932-12-23,0.588034065719899
1932-12-24,0.5955609017611136
1932-12-27,0.5916897558996664
1932-12-28,0.5920447697532062
1932-12-29,0.601043850253455
1932-12-30,0.617392242980349
1932-12-31,0.6171452860831569
1933-01-03,0.6127018400233581
1933-01-04,0.639293099880372
1933-01-05,0.6375030792007069
1933-01-06,0.646555622925357
1933-01-09,0.6397667888846408
1933-01-10,0.6562087953589761
1933-01-11,0.6547651360091864
1933-01-12,0.6480865316218927
1933-01-13,0.6470495931712976
1933-01-14,0.6455613791070036
1933-01-16,0.6311008042150068
1933-01-17,0.6321105655017508
1933-01-18,0.6215543190578715
1933-01-19,0.6248485569488783
1933-01-20,0.6324717093436546
1933-01-21,0.635317832035701
1933-01-23,0.6297270351137868
1933-01-24,0.6270192088627975
1933-01-25,0.6360482854704218
1933-01-26,0.6327408343859756
1933-01-27,0.6316019008840809
1933-01-28,0.6264859254869198
1933-01-30,0.6261100339316277
1933-01-31,0.6247952028603713
1933-02-01,0.6067386214977065
1933-02-02,0.5963027172079459
1933-02-03,0.5959449355776211
1933-02-04,0.5901642697025181
1933-02-06,0.5904593518373693
1933-02-07,0.5960096697446406
1933-02-08,0.6023869732109083
1933-02-09,0.6138925643992366
1933-02-10,0.6076308602423643
1933-02-11,0.6096968051671884
1933-02-14,0.5812239643658808
1933-02-15,0.5806427404015149
1933-02-16,0.5690298855934846
1933-02-17,0.578077460774421
1933-02-18,0.5762276128999428
1933-02-20,0.5606694673516444
1933-02-21,0.5571933166540641
1933-02-23,0.5349055839879016
1933-02-24,0.5507922798323422
1933-02-25,0.5250702803641719
1933-02-27,0.5181918596914012
1933-02-28,0.5293848038607355
1933-03-01,0.5376961452813491
1933-03-02,0.528071384280813
1933-03-03,0.5442303686398059
1933-03-15,0.6295112674056635
1933-03-16,0.6387650830365268
1933-03-17,0.6165999346551594
1933-03-18,0.614996774825056
1933-03-20,0.6066328186874352
1933-03-21,0.5801229645107944
1933-03-22,0.5731614889366649
1933-03-23,0.5827906019508008
1933-03-24,0.5805759976633877
1933-03-25,0.5773247720764727
1933-03-27,0.5657205441577356
1933-03-28,0.5740366361568543
1933-03-29,0.5634743620515682
1933-03-30,0.5607696851137206
1933-03-31,0.5455728266471388
1933-04-01,0.5483006907803745
1933-04-03,0.5477523900895941
1933-04-04,0.5496147482158987
1933-04-05,0.5550009727484145
1933-04-06,0.5652129906469854
1933-04-07,0.5698477371702907
1933-04-08,0.5774267120746556
1933-04-10,0.6061825623359735
1933-04-11,0.6016968113746872
1933-04-12,0.592551019841792
1933-04-13,0.6136458361481599
1933-04-15,0.6120503569741746
1933-04-17,0.5997481447989937
1933-04-18,0.6112033343646545
1933-04-19,0.6539264474367439
1933-04-20,0.7074176308370695
1933-04-21,0.6825872719946884
1933-04-22,0.7073651899680956
1933-04-24,0.7242712180083332
1933-04-25,0.7079751156031457
1933-04-26,0.7115149911811613
1933-04-27,0.7058228712517121
1933-04-28,0.7144339102809829
1933-04-29,0.7572285015068139
1933-05-01,0.7679054233780599
1933-05-02,0.7683661666320867
1933-05-03,0.7666757610654961
1933-05-04,0.7902893745063133
1933-05-05,0.7987454708135309
1933-05-06,0.7764604721778333
1933-05-08,0.7649688571896014
1933-05-09,0.7696351672184579
1933-05-10,0.8068855093118313
1933-05-11,0.8323830914060852
1933-05-12,0.834131095898038
1933-05-13,0.8192001492814631
1933-05-15,0.8109262277737204
1933-05-16,0.8265771039697533
1933-05-17,0.8382318411357268
1933-05-18,0.835046560139411
1933-05-19,0.8305373087146583
1933-05-20,0.816418174466509
1933-05-22,0.8147036963001293
1933-05-23,0.843788618258044
1933-05-24,0.8614238003796371
1933-05-25,0.856685969477549
1933-05-26,0.8813585253985025
1933-05-27,0.913439975723008
1933-05-29,0.9288771113127267
1933-05-31,0.9196812279107306
1933-06-01,0.9320049563647345
1933-06-02,0.9679803476804132
1933-06-03,0.9438776370231708
1933-06-05,0.9636990674006574
1933-06-06,0.9608079701984554
1933-06-07,0.9763730593156704
1933-06-08,0.9804738261647962
1933-06-09,0.9906707539569101
1933-06-10,0.9981007846115869
1933-06-12,1.0329345019945313
1933-06-13,1.0073177263450668
1933-06-14,0.9924094239951597
1933-06-15,0.9298876302834648
1933-06-16,0.9317474055440317
1933-06-17,0.9471212377355082
1933-06-19,1.0159769517188797
1933-06-20,1.002159665175503
1933-06-21,1.0106780223294947
1933-06-22,0.9752032237457294
1933-06-23,1.0037766782014794
1933-06-24,1.0083940509212062
1933-06-26,1.0347131356502497
1933-06-27,1.0450602670067521
1933-06-28,1.0333555920162765
1933-06-29,1.0236420494513234
1933-06-30,1.0401226864474897
1933-07-01,1.065293655459519
1933-07-03,1.103005050862786
1933-07-05,1.0976003261135583
1933-07-06,1.1255891344294542
1933-07-07,1.1312170801016013
1933-07-08,1.1294071327734387
1933-07-10,1.1207106978510832
1933-07-11,1.1092794487330022
1933-07-12,1.122479874172925
1933-07-13,1.137857848449094
1933-07-14,1.12408976848286
1933-07-15,1.1307218981169087
1933-07-17,1.1527709751301884
1933-07-18,1.1573820590307091
1933-07-19,1.1020591966090412
1933-07-20,1.0084943708169336
1933-07-21,0.9162171358871841
1933-07-22,0.9175914615910149
1933-07-24,0.9898976687643869
1933-07-25,0.9766330400029442
1933-07-26,0.9989002733150112
1933-07-27,1.0069913655288627
1933-07-28,0.9863480425355211
1933-07-31,0.939891049732098
1933-08-01,0.9669599119643824
1933-08-02,0.989586773904349
1933-08-03,0.9810763276487715
1933-08-04,0.9632207384855639
1933-08-07,0.955803938799225
1933-08-08,0.9836178334182824
1933-08-09,1.0225690996216463
1933-08-10,1.0104005273361487
1933-08-11,1.007975566070542
1933-08-14,0.9957790617210885
1933-08-15,0.9961773733457769
1933-08-16,0.9707748503254596
1933-08-17,1.0226142273328391
1933-08-18,1.0076840596137797
1933-08-21,1.0262254463106733
1933-08-22,1.0406952251036536
1933-08-23,1.0300801338075964
1933-08-24,1.0365696386505843
1933-08-25,1.0722276342201644
1933-08-28,1.070512070005412
1933-08-29,1.0622691270663702
1933-08-30,1.0533460663990128
1933-08-31,1.0531353971857331
1933-09-01,1.0666155302697105
1933-09-05,1.0334437872783224
1933-09-06,1.031893621597405
1933-09-07,1.0206459811219932
1933-09-08,1.0203397873276567
1933-09-09,1.0197275834552602
1933-09-11,1.0603127412767797
1933-09-12,1.0561775215858002
1933-09-13,1.060507849424302
1933-09-14,1.0648559316069417
1933-09-15,1.0363177926398757
1933-09-16,1.0615003150010247
1933-09-18,1.0520529621975157
1933-09-19,1.0537362469370317
1933-09-20,1.024547752896876
1933-09-21,0.9618454304195873
1933-09-22,0.9806014163127693
1933-09-23,0.9952123774158295
1933-09-25,0.9756066935807376
1933-09-26,0.9671189153465851
1933-09-27,0.9270801922512365
1933-09-28,0.9388541106928271
1933-09-29,0.9341598401393629
1933-09-30,0.9411660389404082
1933-10-02,0.9243191668433749
1933-10-03,0.927646715844011
1933-10-04,0.9805225786471196
1933-10-05,0.9716978754392954
1933-10-06,0.9617865571098146
1933-10-07,0.9682305270424504
1933-10-09,0.9842063307386508
1933-10-10,0.9759389975604462
1933-10-11,0.9751582463623979
1933-10-13,0.9421003818107125
1933-10-14,0.9415351215816261
1933-10-16,0.8850430142867285
1933-10-17,0.9081426369596122
1933-10-18,0.8690925035703488
1933-10-19,0.8292011576564697
1933-10-20,0.8499311865978814
1933-10-21,0.8241782716439655
1933-10-23,0.8654696030533282
1933-10-24,0.8975785253266066
1933-10-25,0.9221721769205558
1933-10-26,0.9036365161644526
1933-10-27,0.9150223362681247
1933-10-28,0.9032185481302658
1933-10-30,0.8707026803975763
1933-10-31,0.8623439346657594
1933-11-01,0.8724333587013489
1933-11-02,0.88604331909709
1933-11-03,0.9137764749848291
1933-11-04,0.9122230549773548
1933-11-06,0.9049252705375359
1933-11-08,0.9368691325875108
1933-11-09,0.9438956510819172
1933-11-10,0.9312474493574195
1933-11-11,0.9410255475756724
1933-11-13,0.9396140092543089
1933-11-14,0.9321910585811999
1933-11-15,0.9241742154774015
1933-11-16,0.9650227158015027
1933-11-17,0.9559515022729685
1933-11-18,0.9562382877236504
1933-11-20,0.9814829785195547
1933-11-21,0.9711774072450994
1933-11-22,0.9655445782830778
1933-11-23,0.949613092741407
1933-11-24,0.9606286046172074
1933-11-25,0.9633183647101355
1933-11-27,0.9322995133664692
1933-11-28,0.931553673755776
1933-11-29,0.94832163988338
1933-12-01,0.9521149264429135
1933-12-02,0.9522101379355578
1933-12-04,0.9502104966458931
1933-12-05,0.977291495800301
1933-12-06,0.9719163925733993
1933-12-07,0.9791085738784425
1933-12-08,0.9699049532839852
1933-12-09,0.9884301378917092
1933-12-11,0.9913954283053842
1933-12-12,0.9873307070493321
1933-12-13,0.9775561330495437
1933-12-14,0.9802932902220823
1933-12-15,0.9667652428170176
1933-12-16,0.9501368806405649
1933-12-18,0.9377851011922376
1933-12-19,0.9351593029088993
1933-12-20,0.9186069832474117
1933-12-21,0.918147679755788
1933-12-22,0.9432131114131211
1933-12-23,0.9399118655231753
1933-12-26,0.9183878838026945
1933-12-27,0.925367631719595
1933-12-28,0.9574778885402649
1933-12-29,0.9546054548746441
1933-12-30,0.96567887815119
1934-01-02,0.9669342606927867
1934-01-03,0.9552343561384039
1934-01-04,0.9519865593275334
1934-01-05,0.9412291112071323
1934-01-06,0.9384054238735109
1934-01-08,0.9380300617039615
1934-01-09,0.9486298014012163
1934-01-10,0.9734839021979282
1934-01-11,0.9789354120502367
1934-01-12,0.97178918354227
1934-01-13,0.9710117521954361
1934-01-15,1.0243202973909655
1934-01-16,1.0296467629373987
1934-01-17,1.0292349042322237
1934-01-18,1.0279998223471452
1934-01-19,1.0555502175860485
1934-01-20,1.0577668730429792
1934-01-22,1.0545935724238502
1934-01-23,1.069041504366057
1934-01-24,1.076097178294873
1934-01-25,1.0736221547847948
1934-01-26,1.0690055795192202
1934-01-27,1.0670813694760855
1934-01-29,1.0859687097158122
1934-01-30,1.1009550779098904
1934-01-31,1.0871931394360168
1934-02-01,1.1126334588988196
1934-02-02,1.1115208254399207
1934-02-03,1.1251925315928317
1934-02-05,1.1456710356678212
1934-02-06,1.14463993173572
1934-02-07,1.111216445729037
1934-02-08,1.1175503794696926
1934-02-09,1.0887175796793744
1934-02-10,1.08262076123317
1934-02-13,1.0903073686379257
1934-02-14,1.0994659505344841
1934-02-15,1.1209055365699068
1934-02-16,1.1244924342869305
1934-02-17,1.1279783608332201
1934-02-19,1.1102691005681384
1934-02-20,1.114821203880468
1934-02-21,1.1187230780940496
1934-02-23,1.0901956396026513
1934-02-24,1.0739517245725718
1934-02-26,1.052365294908663
1934-02-27,1.0605737442089507
1934-02-28,1.0601495147112672
1934-03-01,1.0574991409244892
1934-03-02,1.0894356149804088
1934-03-03,1.0884551229269264
1934-03-05,1.083992456922926
1934-03-06,1.0736945285821582
1934-03-07,1.0469595348204623
1934-03-08,1.0633967995171436
1934-03-09,1.0603129487985439
1934-03-10,1.0613732617473424
1934-03-12,1.0793104698708724
1934-03-13,1.081145297669653
1934-03-14,1.08125341219942
1934-03-15,1.0655752377225285
1934-03-16,1.0686654059119238
1934-03-17,1.0587268176369429
1934-03-19,1.0343761008312933
1934-03-20,1.0497883047336796
1934-03-21,1.0326767553665206
1934-03-22,1.0495093864789948
1934-03-23,1.043107379221473
1934-03-24,1.0584410576960286
1934-03-26,1.0585469018017981
1934-03-27,1.0292251526218883
1934-03-28,1.031901138018705
1934-03-29,1.0477924155441933
1934-03-31,1.0610993792216046
1934-04-02,1.0639643475455027
1934-04-03,1.073540026673412
1934-04-04,1.0781562487881078
1934-04-05,1.0799891144110476
1934-04-06,1.0832290817542807
1934-04-07,1.0819292068561757
1934-04-09,1.0780342617114933
1934-04-10,1.092156510539914
1934-04-11,1.0928118044462378
1934-04-12,1.0902983372960116
1934-04-13,1.0874635616190418
1934-04-14,1.0863760980574226
1934-04-16,1.0692113557081153
1934-04-17,1.0797965481296257
1934-04-18,1.0956695573871311
1934-04-19,1.0966556599887793
1934-04-20,1.1108025180026344
1934-04-21,1.1073590301968264
1934-04-23,1.10259738636698
1934-04-24,1.0946586851851379
1934-04-25,1.0895137893647677
1934-04-26,1.0748053532083435
1934-04-27,1.0763100807028352
1934-04-28,1.0672690760249315
1934-04-30,1.0421882527383457
1934-05-01,1.040208095058143
1934-05-02,1.0197159955854975
1934-05-03,1.02165345597711
1934-05-04,1.0245140856538457
1934-05-05,1.0083267631005148
1934-05-07,0.973337824420927
1934-05-08,0.994264587645977
1934-05-09,0.9813391480065793
1934-05-10,0.9600440884948365
1934-05-11,0.9506356564275871
1934-05-12,0.9368514394093871
1934-05-14,0.9390998828639696
1934-05-15,0.9580697004978218
1934-05-16,0.9546206495760297
1934-05-17,0.9936646341436892
1934-05-18,0.9841254536559098
1934-05-19,0.9828460905661571
1934-05-21,0.9853032057925725
1934-05-22,0.9678633390500438
1934-05-23,0.9570232696526834
1934-05-24,0.9608513627312941
1934-05-25,0.9708442169036996
1934-05-26,0.9774459575786447
1934-05-28,0.9842880792816951
1934-05-29,0.9801540693487121
1934-05-31,0.9664319123778301
1934-06-01,0.9461368422178956
1934-06-02,0.9429199769543548
1934-06-04,0.956403732624802
1934-06-05,0.9768707725029729
1934-06-06,0.9798990718977323
1934-06-07,0.9779392737539369
1934-06-08,1.019208311106353
1934-06-09,1.0249158776485487
1934-06-11,1.0129243618800607
1934-06-12,1.0255859164035614
1934-06-13,1.0264063851366843
1934-06-14,1.0098812423359835
1934-06-15,1.0271502115799287
1934-06-16,1.0417357445843636
1934-06-18,1.0415273974354466
1934-06-19,1.0251754172957102
1934-06-20,1.0150261806644827
1934-06-21,1.0069059712191668
1934-06-22,0.9865664706005396
1934-06-23,0.9932751226006232
1934-06-25,0.9846336290339978
1934-06-26,1.0027508878082232
1934-06-27,1.0021492372755383
1934-06-28,1.0073604133093712
1934-06-29,0.9918470629444069
1934-06-30,0.9925413558884679
1934-07-02,0.9805316054822175
1934-07-03,0.9793549675556389
1934-07-05,0.9945349695527513
1934-07-06,1.0020934353213522
1934-07-07,1.0008909231989667
1934-07-09,1.0001902995527274
1934-07-10,1.008491879039015
1934-07-11,1.0128283941188827
1934-07-12,1.0052321811629912
1934-07-13,1.0052321811629912
1934-07-14,1.0066395062166194
1934-07-16,0.986204724240422
1934-07-17,0.9821612848710364
1934-07-18,0.9959115428592309
1934-07-19,0.9861516097392103
1934-07-20,0.9606102830469647
1934-07-21,0.9563835978015581
1934-07-23,0.9240578321958655
1934-07-24,0.9144476307410285
1934-07-25,0.9202086508146969
1934-07-26,0.854597774011609
1934-07-27,0.8743389825912771
1934-07-28,0.8872791995336279
1934-07-30,0.8824878918561463
1934-07-31,0.8840763700614874
1934-08-01,0.9105986611633321
1934-08-02,0.9147874150046834
1934-08-03,0.9060969345621389
1934-08-04,0.8895153606596518
1934-08-06,0.8854235900006173
1934-08-07,0.8825902345126153
1934-08-08,0.8980355636165861
1934-08-09,0.9249766305250837
1934-08-10,0.9093445254692097
1934-08-11,0.9088898532064752
1934-08-13,0.9309758766393925
1934-08-14,0.9233418744509495
1934-08-15,0.9221415300141633
1934-08-16,0.9290575914892696
1934-08-17,0.9221825653122491
1934-08-18,0.919692672385906
1934-08-20,0.9159219324291238
1934-08-21,0.9362553993290503
1934-08-22,0.9573211458139539
1934-08-23,0.9526302721994655
1934-08-24,0.9670149893096773
1934-08-25,0.9693358252840205
1934-08-27,0.9555712565649874
1934-08-28,0.9511756287847885
1934-08-29,0.9454685750120797
1934-08-30,0.9339338583969323
1934-08-31,0.9335602848535736
1934-09-01,0.9337469969105443
1934-09-04,0.9276776414306258
1934-09-05,0.9407578961747977
1934-09-06,0.927681361417968
1934-09-07,0.917198562033945
1934-09-08,0.9155476046222839
1934-09-10,0.8957717763624427
1934-09-11,0.8952343132966252
1934-09-12,0.8989942974124709
1934-09-13,0.8966569122391985
1934-09-14,0.8732541668297554
1934-09-15,0.8766598580803915
1934-09-17,0.871312232946101
1934-09-18,0.877324287353429
1934-09-19,0.8996960566809415
1934-09-20,0.8997860262866096
1934-09-21,0.9168819607860551
1934-09-22,0.9190824774919416
1934-09-24,0.9120055424152537
1934-09-25,0.9345320793129104
1934-09-26,0.9315415766591091
1934-09-27,0.9402980674797048
1934-09-28,0.9310831464184036
1934-09-29,0.9314555796769709
1934-10-01,0.9077034623952082
1934-10-02,0.9121512093609446
1934-10-03,0.9104181220631589
1934-10-04,0.9082331185702073
1934-10-05,0.925126254575613
1934-10-06,0.9231834894410043
1934-10-08,0.9177367068533023
1934-10-09,0.9100277185157346
1934-10-10,0.9309583560415964
1934-10-11,0.9454813063958454
1934-10-13,0.9358373970706078
1934-10-15,0.9290993678116994
1934-10-16,0.9359747031335061
1934-10-17,0.9381274449507131
1934-10-18,0.9362511900608117
1934-10-19,0.9312890587534894
1934-10-20,0.9333378946827471
1934-10-22,0.9312845513144451
1934-10-23,0.9276525415643188
1934-10-24,0.942309451721035
1934-10-25,0.9255363434804005
1934-10-26,0.9121160664999347
1934-10-27,0.9126633361398346
1934-10-29,0.9083738184599773
1934-10-30,0.9121889884975092
1934-10-31,0.9158377444514992
1934-11-01,0.9123575610225835
1934-11-02,0.9229409087304455
1934-11-03,0.9299552596367969
1934-11-05,0.937766883817746
1934-11-07,0.9520209404517758
1934-11-08,0.9483080587840138
1934-11-09,0.9643344649774636
1934-11-10,0.967613202158387
1934-11-13,0.9629686587880267
1934-11-14,0.9623908775927539
1934-11-15,0.9668178756296805
1934-11-16,0.9586966054743912
1934-11-17,0.9541907314286615
1934-11-19,0.9558128556720903
1934-11-20,0.9564819246710606
1934-11-21,0.9556210909388567
1934-11-22,0.958774640538955
1934-11-23,0.9714304657940693
1934-11-24,0.9814361995917482
1934-11-26,0.9903672690080332
1934-11-27,0.9838308450325801
1934-11-28,0.99258693955337
1934-11-30,0.9919913873896379
1934-12-01,0.991396192557204
1934-12-03,0.9820770683471663
1934-12-04,0.9905229311349519
1934-12-05,0.9995366898082801
1934-12-06,0.9993367824703185
1934-12-07,0.9919416902800382
1934-12-08,0.986684399321554
1934-12-10,0.9856977149222325
1934-12-11,0.9682508653681089
1934-12-12,0.9684445155411825
1934-12-13,0.9645707374790178
1934-12-14,0.9630274242990513
1934-12-15,0.9646645709203597
1934-12-17,0.9671726988047527
1934-12-18,0.9669792642649917
1934-12-19,0.9535382524917083
1934-12-20,0.9518218836372232
1934-12-21,0.9526785233324966
1934-12-22,0.9524879876278302
1934-12-24,0.9594411499375134
1934-12-26,0.9536845030378883
1934-12-27,0.9527308185348504
1934-12-28,0.984837847119475
1934-12-29,0.9894665850009364
1934-12-31,0.9957991711449424
1935-01-02,0.9983882489899192
1935-01-03,1.0040790620091617
1935-01-04,0.9992594825115177
1935-01-05,1.0057546691478425
1935-01-07,1.0090736595560306
1935-01-08,0.9998910892540707
1935-01-09,0.9974913506398609
1935-01-10,0.996593608424285
1935-01-11,0.975665142647375
1935-01-12,0.9665914568207544
1935-01-14,0.9695878903368988
1935-01-15,0.9480630391714197
1935-01-16,0.9611463091119853
1935-01-17,0.9660481552884566
1935-01-18,0.9713614201425431
1935-01-19,0.9767039079533272
1935-01-21,0.9789503269416198
1935-01-22,0.972489254783805
1935-01-23,0.9729754994111969
1935-01-24,0.9686944072137876
1935-01-25,0.9725691848426428
1935-01-26,0.9701377618805362
1935-01-28,0.9569438883189609
1935-01-29,0.9495754203789049
1935-01-30,0.9540384248546856
1935-01-31,0.9614799245685521
1935-02-01,0.9584031888099328
1935-02-02,0.9610867177386005
1935-02-04,0.9531096979813702
1935-02-05,0.9438645339109509
1935-02-06,0.9336707969447127
1935-02-07,0.9424473024359931
1935-02-08,0.9579034381959434
1935-02-09,0.9617350519487271
1935-02-11,0.9580804587513219
1935-02-13,0.9593259633476987
1935-02-14,0.9597096937330377
1935-02-15,0.9659478067423024
1935-02-16,0.964112505909492
1935-02-18,0.9920717685808672
1935-02-19,0.979174835589316
1935-02-20,0.9663476452430959
1935-02-21,0.9661543757140473
1935-02-23,0.9516620600783365
1935-02-25,0.9501394007822112
1935-02-26,0.9412080904148584
1935-02-27,0.94384347306802
1935-02-28,0.9426164765530316
1935-03-01,0.9472352972881414
1935-03-02,0.9490350443529889
1935-03-04,0.9439102551134828
1935-03-05,0.9200293256591117
1935-03-06,0.9141411379748934
1935-03-07,0.9240138622650221
1935-03-08,0.9228126442440776
1935-03-09,0.9171834871141887
1935-03-11,0.9019582412280932
1935-03-12,0.8859033845342331
1935-03-13,0.886523516903407
1935-03-14,0.8756192776454952
1935-03-15,0.8903296815099394
1935-03-16,0.8890832199558255
1935-03-18,0.8799256627902805
1935-03-19,0.8918046592379494
1935-03-20,0.8913587569083304
1935-03-21,0.906511855775772
1935-03-22,0.9168460909316158
1935-03-23,0.9102447990769083
1935-03-25,0.9066038198806006
1935-03-26,0.8990790081755916
1935-03-27,0.9058221007369086
1935-03-28,0.905097443056319
1935-03-29,0.905821521010764
1935-03-30,0.9076331640527855
1935-04-01,0.913351252986318
1935-04-02,0.90988051822497
1935-04-03,0.9057860558929577
1935-04-04,0.9162025955357268
1935-04-05,0.9352596095228699
1935-04-06,0.9401229594923889
1935-04-08,0.937772652093658
1935-04-09,0.9537147871792501
1935-04-10,0.9519981005623274
1935-04-11,0.9460957123388409
1935-04-12,0.9552728407485277
1935-04-13,0.9657808419967614
1935-04-15,0.971575527048742
1935-04-16,0.9736158356555443
1935-04-17,0.9621271687948089
1935-04-18,0.9745386092722618
1935-04-20,0.994029381457707
1935-04-22,0.9989995283649955
1935-04-23,1.001297227280235
1935-04-24,0.9935872386301771
1935-04-25,1.0060070791130542
1935-04-26,1.0024860543361587
1935-04-27,0.9952681547449383
1935-04-29,0.999448280994867
1935-04-30,0.9898535774973163
1935-05-01,0.9861911192605762
1935-05-02,0.9896427881779883
1935-05-03,1.002706072981938
1935-05-04,1.0100258273147062
1935-05-06,1.0035616620198922
1935-05-07,0.9987445660421966
1935-05-08,1.0236133057366472
1935-05-09,1.0326211028271297
1935-05-10,1.0377842083412652
1935-05-11,1.0419353451746303
1935-05-13,1.0420395387091477
1935-05-14,1.0420395387091477
1935-05-15,1.0471455324488224
1935-05-16,1.0662035811393908
1935-05-17,1.0634314518284285
1935-05-18,1.0523717647294129
1935-05-20,1.0531084249647233
1935-05-21,1.0614279815219447
1935-05-22,1.0673719782184676
1935-05-23,1.0707875685487669
1935-05-24,1.0677893633568303
1935-05-25,1.0633046480307315
1935-05-27,1.069790806383719
1935-05-28,1.0472182203690223
1935-05-29,1.0332902180381143
1935-05-31,1.0244039221629864
1935-06-01,1.0166184523545476
1935-06-03,1.030749448842276
1935-06-04,1.053941311441227
1935-06-05,1.0576301060312714
1935-06-06,1.0516016144268931
1935-06-07,1.056649302176142
1935-06-08,1.0645741719424633
1935-06-10,1.0694712131333985
1935-06-11,1.0820909734483728
1935-06-12,1.0748409639262686
1935-06-13,1.079892716456722
1935-06-14,1.0904756650779979
1935-06-15,1.0950556628713255
1935-06-17,1.0923180237141472
1935-06-18,1.0954857459829181
1935-06-19,1.089022380081619
1935-06-20,1.0808547122310068
1935-06-21,1.1018232936482883
1935-06-22,1.1131720735728656
1935-06-24,1.107940164827073
1935-06-25,1.0934261486678383
1935-06-26,1.0816171462622255
1935-06-27,1.078480456538065
1935-06-28,1.0870004521447159
1935-06-29,1.0852612514212843
1935-07-01,1.09014492705268
1935-07-02,1.0907990140089114
1935-07-03,1.096034849276154
1935-07-05,1.1072144047387709
1935-07-06,1.1092073906673008
1935-07-08,1.1205213060521073
1935-07-09,1.1183923155706084
1935-07-10,1.124990830232475
1935-07-11,1.1137409219301502
1935-07-12,1.1214257342914682
1935-07-13,1.1208650214243225
1935-07-15,1.1190716373900436
1935-07-16,1.1201907090274335
1935-07-17,1.1281440630615283
1935-07-18,1.1289337639056714
1935-07-19,1.1197894004180353
1935-07-20,1.1224768949790385
1935-07-22,1.1378548284402514
1935-07-23,1.1379686139230953
1935-07-24,1.1433170664085337
1935-07-25,1.1339418664639838
1935-07-26,1.1401785467295358
1935-07-27,1.1506681893594477
1935-07-29,1.1632104726234656
1935-07-30,1.1565801729295118
1935-07-31,1.1674520265550492
1935-08-01,1.1640664156780396
1935-08-02,1.1569656105424035
1935-08-03,1.1717747703573462
1935-08-05,1.1790397739335619
1935-08-06,1.1770354063178747
1935-08-07,1.1738574107208164
1935-08-08,1.1777311401761952
1935-08-09,1.1989303006993668
1935-08-10,1.2087615291651015
1935-08-12,1.2112999283763481
1935-08-13,1.2185677279466063
1935-08-14,1.2211267201752942
1935-08-15,1.213189396494155
1935-08-16,1.222894911666108
1935-08-17,1.227908780803939
1935-08-19,1.204455723090584
1935-08-20,1.204455723090584
1935-08-21,1.2136095865860723
1935-08-22,1.2194349126016855
1935-08-23,1.2193129691104254
1935-08-24,1.1976091982602597
1935-08-26,1.2101840948419924
1935-08-27,1.1811396765657847
1935-08-28,1.1786592832449965
1935-08-29,1.185377641159493
1935-08-30,1.1889337740829713
1935-08-31,1.198445244275635
1935-09-03,1.189456904943568
1935-09-04,1.202778822278936
1935-09-05,1.2154079999128646
1935-09-06,1.2285344063119235
1935-09-07,1.2372570005967383
1935-09-09,1.2394840631978123
1935-09-10,1.2464251739517203
1935-09-11,1.2519094447171077
1935-09-12,1.2416437872704276
1935-09-13,1.2426371023002438
1935-09-14,1.2406488829365634
1935-09-16,1.2354381576282298
1935-09-17,1.238773840653826
1935-09-18,1.2476930123065337
1935-09-19,1.2272308469047066
1935-09-20,1.1977773065789936
1935-09-21,1.2002926389228095
1935-09-23,1.2092948337147307
1935-09-24,1.221871499985364
1935-09-25,1.2266367988353069
1935-09-26,1.2272501172347245
1935-09-27,1.2262683171409368
1935-09-28,1.22786246595322
1935-09-30,1.2299498321453406
1935-10-01,1.2186342936896035
1935-10-02,1.1814659477320706
1935-10-03,1.1954072459153091
1935-10-04,1.2044923409842656
1935-10-05,1.213044236605254
1935-10-07,1.2205651108722066
1935-10-08,1.2145843418289328
1935-10-09,1.2181066364202366
1935-10-10,1.240641609194011
1935-10-11,1.2439913415388346
1935-10-14,1.2571776497591463
1935-10-15,1.2659778933074601
1935-10-16,1.2628129485741915
1935-10-17,1.258393103254182
1935-10-18,1.2552471204960465
1935-10-19,1.272820580182991
1935-10-21,1.2879671450871686
1935-10-22,1.2898990958047993
1935-10-23,1.2995733390233355
1935-10-24,1.30204252836748
1935-10-25,1.313760911122787
1935-10-26,1.3229572375006464
1935-10-28,1.3170039299318936
1935-10-29,1.315160124429989
1935-10-30,1.306085519571422
1935-10-31,1.3162729866240792
1935-11-01,1.3296989710876448
1935-11-02,1.3299649108818623
1935-11-04,1.3336888126323314
1935-11-06,1.355294571396975
1935-11-07,1.3512286876827841
1935-11-08,1.3593360598088808
1935-11-09,1.3594719934148618
1935-11-12,1.3460132206800546
1935-11-13,1.3621653793282154
1935-11-14,1.3835513757836684
1935-11-15,1.3897773569746947
1935-11-16,1.3985329543236353
1935-11-18,1.3932185290972054
1935-11-19,1.41077308256383
1935-11-20,1.3979350475124992
1935-11-21,1.4128929525208829
1935-11-22,1.3888737723280278
1935-11-23,1.4116513021942074
1935-11-25,1.400075761516215
1935-11-26,1.3804747008549878
1935-11-27,1.3930370206327682
1935-11-29,1.3802210800429469
1935-11-30,1.3803591021509511
1935-12-02,1.3633806851944945
1935-12-03,1.3924206937891375
1935-12-04,1.4059271745188922
1935-12-05,1.4066301381061515
1935-12-06,1.4059268230370985
1935-12-07,1.41773660835061
1935-12-09,1.4218480445148267
1935-12-10,1.4049280527851002
1935-12-11,1.4097048081645698
1935-12-12,1.3965945534486393
1935-12-13,1.3833269051908772
1935-12-14,1.3870618878348924
1935-12-16,1.3751331555995123
1935-12-17,1.3855841675820686
1935-12-18,1.3846142586647612
1935-12-19,1.3769988802421051
1935-12-20,1.3836084748672672
1935-12-21,1.3914950431740107
1935-12-23,1.3948346312776283
1935-12-24,1.4036220894546774
1935-12-26,1.4089558533946052
1935-12-27,1.40768779312655
1935-12-28,1.4000862790436666
1935-12-30,1.426267892461783
1935-12-31,1.4433831071713246
1936-01-02,1.4480019331142728
1936-01-03,1.4608891503189898
1936-01-04,1.4566525717830647
1936-01-06,1.4480583216095446
1936-01-07,1.4678967206155955
1936-01-08,1.4793463150363972
1936-01-09,1.474020668302266
1936-01-10,1.4869920501833258
1936-01-11,1.4838693668779408
1936-01-13,1.488024201105199
1936-01-14,1.4956131245308357
1936-01-15,1.4875368136583693
1936-01-16,1.4928919461875396
1936-01-17,1.4911004758521147
1936-01-18,1.479469892140468
1936-01-20,1.4707410197768394
1936-01-21,1.4638285369838882
1936-01-22,1.4929587248698675
1936-01-23,1.5074404245011053
1936-01-24,1.5050285198219033
1936-01-25,1.5105971253452444
1936-01-27,1.5183011706845053
1936-01-28,1.5195158116210528
1936-01-29,1.5307602286270487
1936-01-30,1.5232595035067762
1936-01-31,1.5429095511020134
1936-02-01,1.5401323139100298
1936-02-03,1.5547635708921752
1936-02-04,1.5606716724615655
1936-02-05,1.5575503291166424
1936-02-06,1.5634690203672856
1936-02-07,1.5614365106408081
1936-02-08,1.5631540908025132
1936-02-10,1.5726893307564085
1936-02-11,1.587000803666292
1936-02-13,1.5944597074435234
1936-02-14,1.5909518960871476
1936-02-15,1.596997513292279
1936-02-17,1.5786320418894177
1936-02-18,1.5934711830831785
1936-02-19,1.5878940339423875
1936-02-20,1.6064723941395136
1936-02-21,1.605026568984788
1936-02-24,1.5928283670605035
1936-02-25,1.5636796079432962
1936-02-26,1.5575812574723173
1936-02-27,1.591536528885214
1936-02-28,1.5873985339101122
1936-02-29,1.5813664194812538
1936-03-02,1.5959149905404815
1936-03-03,1.6166618854175077
1936-03-04,1.6189252120570923
1936-03-05,1.6244295577780865
1936-03-06,1.629952618274532
1936-03-07,1.6193579262557478
1936-03-09,1.5767688127952217
1936-03-10,1.5923788240418946
1936-03-11,1.6100542289887598
1936-03-12,1.570929911224333
1936-03-13,1.5413964288933153
1936-03-14,1.5797771999727588
1936-03-16,1.5751958460928377
1936-03-17,1.6026042538148533
1936-03-18,1.5973156597772644
1936-03-19,1.6105733797534156
1936-03-20,1.6067080036420076
1936-03-21,1.598995805224526
1936-03-23,1.6097090771195302
1936-03-24,1.6018215026416445
1936-03-25,1.6133546174606646
1936-03-26,1.6086758890700286
1936-03-27,1.5871196321564902
1936-03-28,1.5885480398254308
1936-03-30,1.5872772013935703
1936-03-31,1.5966421368817925
1936-04-01,1.6193144552255139
1936-04-02,1.6335644224314982
1936-04-03,1.6293171549331762
1936-04-04,1.641374101879682
1936-04-06,1.6484320105177646
1936-04-07,1.64150859607359
1936-04-08,1.6410161434947679
1936-04-09,1.6347802821494877
1936-04-11,1.639521144967721
1936-04-13,1.6364060547922823
1936-04-14,1.6076053082279382
1936-04-15,1.62094843228623
1936-04-16,1.614464638557085
1936-04-17,1.6054236365811654
1936-04-18,1.5917775356702255
1936-04-20,1.5572359631461816
1936-04-21,1.5534985968346309
1936-04-22,1.574936877470949
1936-04-23,1.531941100715992
1936-04-24,1.533013459486493
1936-04-25,1.542211540243412
1936-04-27,1.4851497132544058
1936-04-28,1.482179413827897
1936-04-29,1.446310672013262
1936-04-30,1.4664143903542464
1936-05-01,1.4772658568428678
1936-05-02,1.4710613402441277
1936-05-04,1.4748860997287623
1936-05-05,1.4928797101454532
1936-05-06,1.5101971147831406
1936-05-07,1.4837686652744357
1936-05-08,1.4825816503422162
1936-05-09,1.4920701729044064
1936-05-11,1.4801336115211712
1936-05-12,1.4795415580765627
1936-05-13,1.4921176613202134
1936-05-14,1.5279284851918986
1936-05-15,1.529303620828571
1936-05-16,1.5289977601044054
1936-05-18,1.5228817690639878
1936-05-19,1.4896829464983927
1936-05-20,1.4998127905345817
1936-05-21,1.496663183674459
1936-05-22,1.5087861554622222
1936-05-23,1.5204038088592813
1936-05-25,1.5222282934299125
1936-05-26,1.5412561470977864
1936-05-27,1.5412561470977864
1936-05-28,1.5329333639034584
1936-05-29,1.5427441374324404
1936-06-01,1.5421270397774676
1936-06-02,1.5391969984018903
1936-06-03,1.5361186044050865
1936-06-04,1.517531569291785
1936-06-05,1.515862284565564
1936-06-06,1.522683664846109
1936-06-08,1.536387817829724
1936-06-09,1.5503689469719746
1936-06-10,1.5573456072333485
1936-06-11,1.5750993471558088
1936-06-12,1.5609234530314064
1936-06-13,1.5699768090589887
1936-06-15,1.5710757928253298
1936-06-16,1.586472335595018
1936-06-17,1.5837753326245065
1936-06-18,1.5878931484893302
1936-06-19,1.5783657895983942
1936-06-20,1.5838900698619887
1936-06-22,1.5987786365186916
1936-06-23,1.5931829112908762
1936-06-24,1.6056097379989451
1936-06-25,1.5918014942521541
1936-06-26,1.5852751081257204
1936-06-27,1.5870189107446588
1936-06-29,1.5816230464481271
1936-06-30,1.5798832610970341
1936-07-01,1.5839909575758864
1936-07-02,1.5816149711395227
1936-07-03,1.5925281144403851
1936-07-06,1.5848839794910712
1936-07-07,1.5722049076551425
1936-07-08,1.5816381371010735
1936-07-09,1.6001433033051562
1936-07-10,1.6278257824523354
1936-07-11,1.636453259099333
1936-07-13,1.6408716828989012
1936-07-14,1.6579367484010497
1936-07-15,1.6572735737016893
1936-07-16,1.6585993925606504
1936-07-17,1.6637410506775885
1936-07-18,1.6727252523512475
1936-07-20,1.6787470632597121
1936-07-21,1.6871407985760105
1936-07-22,1.6800548072219914
1936-07-23,1.6855989880858242
1936-07-24,1.682059230210844
1936-07-25,1.692487997438151
1936-07-27,1.705520155018425
1936-07-28,1.7031324268013992
1936-07-29,1.6912104998137893
1936-07-30,1.6981444628630258
1936-07-31,1.6852385649452668
1936-08-01,1.6857441365147503
1936-08-03,1.689621348028734
1936-08-04,1.6894523858939312
1936-08-05,1.681680904918819
1936-08-06,1.687734956176527
1936-08-07,1.7073126816681747
1936-08-08,1.7192638704398517
1936-08-10,1.7156534163119281
1936-08-11,1.7060457571805812
1936-08-12,1.7137229630878936
1936-08-13,1.708410421902321
1936-08-14,1.689276225177015
1936-08-15,1.6918101395147807
1936-08-17,1.681997640705595
1936-08-18,1.6855298357510766
1936-08-19,1.6936203789626816
1936-08-20,1.6851522770678682
1936-08-21,1.640327226497863
1936-08-22,1.6544340406457445
1936-08-24,1.6668422959505877
1936-08-25,1.6725095597568198
1936-08-26,1.6618054985743762
1936-08-27,1.6895576504005683
1936-08-28,1.6956400579420103
1936-08-29,1.6983530820347177
1936-08-31,1.7014101175823801
1936-09-01,1.69851772038249
1936-09-02,1.7044625324038287
1936-09-03,1.7007127148325403
1936-09-04,1.7110870623930188
1936-09-05,1.720840258648659
1936-09-08,1.736155736950632
1936-09-09,1.7273013426921837
1936-09-10,1.7286831837663372
1936-09-11,1.7266087639458176
1936-09-12,1.7219469202831639
1936-09-14,1.7124762122216066
1936-09-15,1.7090512597971634
1936-09-16,1.6923025574511512
1936-09-17,1.704148675353309
1936-09-18,1.7194860134314887
1936-09-19,1.73049072391745
1936-09-21,1.7332595090757181
1936-09-22,1.7370726799956846
1936-09-23,1.731687754687698
1936-09-24,1.7327267673405107
1936-09-25,1.7077755018908074
1936-09-26,1.723657814058392
1936-09-28,1.729173519063379
1936-09-29,1.7257151720252522
1936-09-30,1.7181220252683411
1936-10-01,1.7203555839011901
1936-10-02,1.750289771061071
1936-10-03,1.766567465931939
1936-10-05,1.7686873468910576
1936-10-06,1.7805375521152276
1936-10-07,1.78552305726115
1936-10-08,1.7942721202417296
1936-10-09,1.8010903542986483
1936-10-10,1.8108162422118612
1936-10-13,1.8079189362243222
1936-10-14,1.8032183469901388
1936-10-15,1.8010544849737506
1936-10-16,1.8190650298234883
1936-10-17,1.827250822457694
1936-10-19,1.829626248526889
1936-10-20,1.827247734403804
1936-10-21,1.8338258262476579
1936-10-22,1.8213558106291738
1936-10-23,1.8279126915474389
1936-10-24,1.8295578129698313
1936-10-26,1.7882098063967131
1936-10-27,1.8139600276088257
1936-10-28,1.8163181756447173
1936-10-29,1.837750730117325
1936-10-30,1.8401398060664778
1936-10-31,1.840507834027691
1936-11-02,1.834986310525608
1936-11-04,1.865447083280333
1936-11-05,1.8859670011964165
1936-11-06,1.875782779389956
1936-11-07,1.8994176424102693
1936-11-09,1.9068253712156693
1936-11-10,1.9022489903247517
1936-11-12,1.8864603237050563
1936-11-13,1.8711799950830454
1936-11-14,1.8627596851051718
1936-11-16,1.8882794927911126
1936-11-17,1.9139600938930719
1936-11-18,1.9064956495268888
1936-11-19,1.8931501799802006
1936-11-20,1.8761118283603788
1936-11-21,1.8901826670730817
1936-11-23,1.8512449041313763
1936-11-24,1.8797540756549997
1936-11-25,1.875618616688559
1936-11-27,1.9045031433855628
1936-11-28,1.9083121496723339
1936-11-30,1.901251394718546
1936-12-01,1.8898438863502347
1936-12-02,1.8732132601503526
1936-12-03,1.8827666477771197
1936-12-04,1.8838963077657858
1936-12-05,1.8863453729658815
1936-12-07,1.8738954935043066
1936-12-08,1.8768937262939136
1936-12-09,1.8845889905717186
1936-12-10,1.8991003257991208
1936-12-11,1.894352574984623
1936-12-12,1.8966257980746049
1936-12-14,1.9112298167197794
1936-12-15,1.9093185869030596
1936-12-16,1.9056908815879436
1936-12-17,1.897115272620798
1936-12-18,1.8789029660036383
1936-12-19,1.861617058716405
1936-12-21,1.839836139129423
1936-12-22,1.8606262875015855
1936-12-23,1.8794186130053516
1936-12-24,1.884868926983067
1936-12-28,1.8722403051722802
1936-12-29,1.8763592338436592
1936-12-30,1.9103213359762294
1936-12-31,1.9047814041018984
1937-01-02,1.8889717184478527
1937-01-04,1.8797157570274583
1937-01-05,1.8941895683565697
1937-01-06,1.8970308527091047
1937-01-07,1.9315568142284103
1937-01-08,1.9388967301224782
1937-01-09,1.9381211714304294
1937-01-11,1.9476179651704384
1937-01-12,1.9480074887634724
1937-01-13,1.9511243007454941
1937-01-14,1.9530754250462394
1937-01-15,1.958934651321378
1937-01-16,1.9714718330898346
1937-01-18,1.9641773873074022
1937-01-19,1.9498388923800583
1937-01-20,1.9703122007500489
1937-01-21,1.9819370427344742
1937-01-22,1.9726219386336221
1937-01-23,1.9771589690924793
1937-01-25,1.9645051516902876
1937-01-26,1.9373949805969615
1937-01-27,1.9492130899786029
1937-01-28,1.9497978539055965
1937-01-29,1.9609117016728583
1937-01-30,1.968951439649717
1937-02-01,1.974267608536771
1937-02-02,1.9876926282748208
1937-02-03,1.9994200147816423
1937-02-04,2.0012194927949456
1937-02-05,1.9738027857436546
1937-02-06,1.9909748699796244
1937-02-08,2.0003324518685286
1937-02-09,1.9941314212677361
1937-02-10,2.0082897543587372
1937-02-11,2.018331203130531
1937-02-13,2.014900040085209
1937-02-15,1.9993853097765526
1937-02-16,2.0013846950863288
1937-02-17,1.9987828949827167
1937-02-18,2.004379487088668
1937-02-19,2.014401384524111
1937-02-20,2.0115812225857774
1937-02-23,1.9757750768237505
1937-02-24,1.9818999795619043
1937-02-25,1.9789271295925617
1937-02-26,1.9842702328424615
1937-02-27,1.9904214705642733
1937-03-01,1.9936061449171762
1937-03-02,2.0121466820649063
1937-03-03,2.034481510235827
1937-03-04,2.0224780693254356
1937-03-05,2.0408826197562973
1937-03-06,2.0476175324014934
1937-03-08,2.0390175387654073
1937-03-09,2.041464359811926
1937-03-10,2.0524882673549105
1937-03-11,2.0319633846813616
1937-03-12,2.025054709173445
1937-03-13,2.0222196325806023
1937-03-15,2.0100863147851187
1937-03-16,2.0199357377275655
1937-03-17,2.0126639690717463
1937-03-18,1.9742220872624758
1937-03-19,1.9730375540101182
1937-03-20,1.969091478902098
1937-03-22,1.9167136455633023
1937-03-23,1.941630922955625
1937-03-24,1.95891143816993
1937-03-25,1.957540200163211
1937-03-27,1.964195836843766
1937-03-29,1.955749794745338
1937-03-30,1.9819568419949256
1937-03-31,1.986118951363115
1937-04-01,1.9686411045911196
1937-04-02,1.9450174113360261
1937-04-03,1.9526029792402366
1937-04-05,1.9602181308592737
1937-04-06,1.9476727348217744
1937-04-07,1.889047785503639
1937-04-08,1.8933925954102973
1937-04-09,1.9011555050514795
1937-04-10,1.8984938873444075
1937-04-12,1.9079863567811293
1937-04-13,1.9295466026127561
1937-04-14,1.9332127411577205
1937-04-15,1.9264464965636685
1937-04-16,1.918355421278101
1937-04-17,1.9131758616406502
1937-04-19,1.9210198826733769
1937-04-20,1.9263987383448622
1937-04-21,1.9468185649713177
1937-04-22,1.9240407877611532
1937-04-23,1.8955649841022881
1937-04-24,1.8792631252390084
1937-04-26,1.819502557856408
1937-04-27,1.8418824393180417
1937-04-28,1.7884678485778185
1937-04-29,1.7938332521235518
1937-04-30,1.8406523000039765
1937-05-01,1.8439654741439837
1937-05-03,1.848759784376758
1937-05-04,1.872054157659905
1937-05-05,1.8583881623089877
1937-05-06,1.8673084254880707
1937-05-07,1.8646941936923875
1937-05-08,1.8598459887887873
1937-05-10,1.8259967917928313
1937-05-11,1.8243533946802177
1937-05-12,1.819062769835645
1937-05-13,1.7657642306794605
1937-05-14,1.7820092616017118
1937-05-15,1.7866424856818761
1937-05-17,1.766453425593671
1937-05-18,1.7841179598496077
1937-05-19,1.7832259008696831
1937-05-20,1.8219219029185554
1937-05-21,1.8268410920564353
1937-05-22,1.8452921870862053
1937-05-24,1.8460303039610397
1937-05-25,1.8260931766782604
1937-05-26,1.8222583810072361
1937-05-27,1.8231695101977397
1937-05-28,1.825357313609977
1937-06-01,1.8008975256076034
1937-06-02,1.812423269771492
1937-06-03,1.814960662349172
1937-06-04,1.8334732611051336
1937-06-05,1.8369568603012334
1937-06-07,1.8277720759997271
1937-06-08,1.8339865010581264
1937-06-09,1.8238995753023068
1937-06-10,1.8167863669586277
1937-06-11,1.7933498228248614
1937-06-12,1.7790030242422625
1937-06-14,1.7363069516604481
1937-06-15,1.7536700211770526
1937-06-16,1.737360889980106
1937-06-17,1.7528234019009288
1937-06-18,1.7659695774151858
1937-06-19,1.7627908321758383
1937-06-21,1.7500987381841724
1937-06-22,1.7467735505816224
1937-06-23,1.7577782239502866
1937-06-24,1.7651608924908777
1937-06-25,1.7568646362961706
1937-06-26,1.741052854569505
1937-06-28,1.7145888511800484
1937-06-29,1.7183609466526446
1937-06-30,1.748432263219066
1937-07-01,1.759622229703668
1937-07-02,1.7803857720141714
1937-07-06,1.8329071522885896
1937-07-07,1.8488534445135
1937-07-08,1.853105807435881
1937-07-09,1.8493995958210092
1937-07-10,1.8445911568718745
1937-07-12,1.8687553010268962
1937-07-13,1.8595984000518644
1937-07-14,1.8622018378119372
1937-07-15,1.8700230855307474
1937-07-16,1.8653480278169206
1937-07-17,1.8670268410419555
1937-07-19,1.8907380819231883
1937-07-20,1.9079437984686896
1937-07-21,1.897068518817418
1937-07-22,1.902949431225752
1937-07-23,1.9073262149175711
1937-07-24,1.9197238353145352
1937-07-26,1.916268332410969
1937-07-27,1.912435795746147
1937-07-28,1.889677809776768
1937-07-29,1.8845756796903705
1937-07-30,1.8896640340255344
1937-07-31,1.904592379894336
1937-08-02,1.908020646178146
1937-08-03,1.8975265326241662
1937-08-04,1.9053063914079251
1937-08-05,1.8974946352031528
1937-08-06,1.8912329029069823
1937-08-07,1.9040932866467497
1937-08-09,1.9099959758353549
1937-08-10,1.9065579830788513
1937-08-11,1.9056047040873119
1937-08-12,1.9149421671373394
1937-08-13,1.9302617044744381
1937-08-14,1.935473411076519
1937-08-16,1.9230863812456294
1937-08-17,1.9165478875493942
1937-08-18,1.901023849660244
1937-08-19,1.878021461079355
1937-08-20,1.85755102715359
1937-08-21,1.866467272083927
1937-08-23,1.8522821208160891
1937-08-24,1.8635810417530672
1937-08-25,1.8548222108568277
1937-08-26,1.8227337866090048
1937-08-27,1.796850966839157
1937-08-28,1.801163409159571
1937-08-30,1.8162931817965113
1937-08-31,1.8121157074783794
1937-09-01,1.7695309883526376
1937-09-02,1.7474118509982297
1937-09-03,1.7580710632893188
1937-09-04,1.7658065759677917
1937-09-07,1.66886379494716
1937-09-08,1.6526758161361725
1937-09-09,1.6882083461831003
1937-09-10,1.6044732122124186
1937-09-11,1.6195552604072154
1937-09-13,1.5950999759750664
1937-09-14,1.650768965136596
1937-09-15,1.6534101954808147
1937-09-16,1.6785420304521232
1937-09-17,1.646649731873533
1937-09-18,1.6031781789520716
1937-09-20,1.5860241724372843
1937-09-21,1.597919353730564
1937-09-22,1.602872903727129
1937-09-23,1.5690522854584865
1937-09-24,1.500013984898313
1937-09-25,1.486663860432718
1937-09-27,1.5358724342130408
1937-09-28,1.557681822778866
1937-09-29,1.564379854616815
1937-09-30,1.5650056065586617
1937-10-01,1.5593715863750504
1937-10-02,1.5652971984032755
1937-10-04,1.5494876966994025
1937-10-05,1.4682945413923538
1937-10-06,1.497660432220201
1937-10-07,1.4948148773989824
1937-10-08,1.4611815426575054
1937-10-09,1.4604509518861768
1937-10-11,1.4040775451433705
1937-10-13,1.3913004394825659
1937-10-14,1.3708483230221722
1937-10-15,1.3512451920029551
1937-10-16,1.3511100674837548
1937-10-18,1.2404541529568354
1937-10-19,1.2462842874757325
1937-10-20,1.3543371351998785
1937-10-21,1.3891435995745154
1937-10-22,1.3589991834637483
1937-10-23,1.3002904187381144
1937-10-25,1.368815723805613
1937-10-26,1.3511580009685205
1937-10-27,1.3457533689646464
1937-10-28,1.379531778525659
1937-10-29,1.4152616515894736
1937-10-30,1.4151201254243146
1937-11-01,1.3873837709659982
1937-11-03,1.3293911293396194
1937-11-04,1.3190218785307704
1937-11-05,1.3216599222878318
1937-11-06,1.288089760261721
1937-11-08,1.2824221653165695
1937-11-09,1.3034538888277611
1937-11-10,1.3686265832691493
1937-11-12,1.3717744244106682
1937-11-13,1.3725974890653145
1937-11-15,1.339380629829934
1937-11-16,1.3275940802874306
1937-11-17,1.3213543881100798
1937-11-18,1.2971736028076652
1937-11-19,1.230628596983632
1937-11-20,1.2549950432039079
1937-11-22,1.2037912454411885
1937-11-23,1.2106528555402034
1937-11-24,1.19007175699602
1937-11-26,1.2366035626945642
1937-11-27,1.2947239301412086
1937-11-29,1.2764683227262175
1937-11-30,1.2975300500512
1937-12-01,1.2828679604856215
1937-12-02,1.30352213464944
1937-12-03,1.3248998976576907
1937-12-04,1.327019737493943
1937-12-06,1.3084414611690278
1937-12-07,1.3236193821185886
1937-12-08,1.3371202998161982
1937-12-09,1.3181331915588081
1937-12-10,1.3058745528773112
1937-12-11,1.3061357277878867
1937-12-13,1.2703476088464987
1937-12-14,1.2735234778686149
1937-12-15,1.280782561692466
1937-12-16,1.2961519524327756
1937-12-17,1.288893501499152
1937-12-18,1.3030713300156427
1937-12-20,1.320923407236857
1937-12-21,1.325546639162186
1937-12-22,1.3088447515087425
1937-12-23,1.2996828382481813
1937-12-24,1.2961736945849112
1937-12-27,1.2589735095503243
1937-12-28,1.2178050757880288
1937-12-29,1.224015881674548
1937-12-30,1.2447017500748476
1937-12-31,1.241714465874668
1938-01-03,1.243825380466655
1938-01-04,1.2833790275654948
1938-01-05,1.2828656759544688
1938-01-06,1.3319994313435248
1938-01-07,1.3257390340162103
1938-01-08,1.3557007361849767
1938-01-10,1.3811879100252542
1938-01-11,1.3908562253954309
1938-01-12,1.3815374886852814
1938-01-13,1.3660642688120062
1938-01-14,1.3664740880926498
1938-01-15,1.3899774424078435
1938-01-17,1.3650968461887432
1938-01-18,1.3537665423653766
1938-01-19,1.339010487053594
1938-01-20,1.3589617433106924
1938-01-21,1.3403439674273359
1938-01-22,1.3329720756064856
1938-01-24,1.3311059147006365
1938-01-25,1.315398864907169
1938-01-26,1.268044505770511
1938-01-27,1.2499114693379927
1938-01-28,1.236037452028341
1938-01-29,1.2344306033407042
1938-01-31,1.2477624538567837
1938-02-01,1.2673523243823352
1938-02-02,1.2534114488141295
1938-02-03,1.2062831783387182
1938-02-04,1.2259455941456394
1938-02-05,1.247154452924359
1938-02-07,1.2326874612704364
1938-02-08,1.2711473100620738
1938-02-09,1.2691134743659744
1938-02-10,1.2776165346442263
1938-02-11,1.2727615918125783
1938-02-14,1.282943684547079
1938-02-15,1.2731933125445212
1938-02-16,1.2691190939443788
1938-02-17,1.2990703045614662
1938-02-18,1.28478053121129
1938-02-19,1.2994270292670989
1938-02-21,1.3185286065973252
1938-02-23,1.3507007045983
1938-02-24,1.336518347200018
1938-02-25,1.3440028499443382
1938-02-26,1.3386268385445608
1938-02-28,1.321090826959627
1938-03-01,1.3315274444926082
1938-03-02,1.3206089194477688
1938-03-03,1.3103081698760761
1938-03-04,1.301004981869956
1938-03-05,1.297622368917094
1938-03-07,1.2751735019348283
1938-03-08,1.2684150823745737
1938-03-09,1.268541923882811
1938-03-10,1.2568713381830892
1938-03-11,1.2351274640325218
1938-03-12,1.2383387954390064
1938-03-14,1.2541895320206256
1938-03-15,1.2850425945083328
1938-03-16,1.2381385398087787
1938-03-17,1.2282334314903085
1938-03-18,1.1869647881922343
1938-03-19,1.210110601561983
1938-03-21,1.2086584688401085
1938-03-22,1.1760246901814255
1938-03-23,1.149093724776271
1938-03-24,1.1526559153230775
1938-03-25,1.093639932458536
1938-03-26,1.0716577698161194
1938-03-28,1.0801238661976666
1938-03-29,1.0249295366349658
1938-03-30,1.0172425651102035
1938-03-31,1.00493393007237
1938-04-01,1.0466386881703735
1938-04-02,1.0862016305832136
1938-04-04,1.0932619411820044
1938-04-05,1.1141432442585806
1938-04-06,1.0960941237015915
1938-04-07,1.089407949547012
1938-04-08,1.1341826162733941
1938-04-09,1.1991712801858594
1938-04-11,1.1702712523333803
1938-04-12,1.1749523373427138
1938-04-13,1.1800046323932873
1938-04-14,1.1945186893717248
1938-04-16,1.2391936883542274
1938-04-18,1.2181273956522054
1938-04-19,1.189745027333509
1938-04-20,1.1837963021968416
1938-04-21,1.1903071818589244
1938-04-22,1.2218503221781858
1938-04-23,1.214274850180681
1938-04-25,1.1965464373680432
1938-04-26,1.1768034211514706
1938-04-27,1.1852764057837613
1938-04-28,1.1556444956391672
1938-04-29,1.1520619977026858
1938-04-30,1.1502186985063614
1938-05-02,1.1359559866448825
1938-05-03,1.16094701835107
1938-05-04,1.1749944772731178
1938-05-05,1.1747594783776631
1938-05-06,1.2168158677035836
1938-05-07,1.2181543651580578
1938-05-09,1.2370357578180078
1938-05-10,1.222562439451537
1938-05-11,1.2286752516487947
1938-05-12,1.2217946702395612
1938-05-13,1.2076218520647823
1938-05-14,1.2071388033239565
1938-05-16,1.1907217155987506
1938-05-17,1.195246458118026
1938-05-18,1.20014696859631
1938-05-19,1.181904734673646
1938-05-20,1.1765861633676147
1938-05-21,1.16258478802354
1938-05-23,1.1672351271756343
1938-05-24,1.1532283056495267
1938-05-25,1.1359298810647838
1938-05-26,1.1078724130024835
1938-05-27,1.1055458809351784
1938-05-28,1.118701876918307
1938-05-31,1.1058368053337466
1938-06-01,1.13281922338389
1938-06-02,1.132252813772198
1938-06-03,1.1212699614786077
1938-06-04,1.1430225987312927
1938-06-06,1.15205247726127
1938-06-07,1.1482507040863077
1938-06-08,1.1518102812689754
1938-06-09,1.174961667922482
1938-06-10,1.1648569975783485
1938-06-11,1.1612459408858555
1938-06-13,1.1402273893558215
1938-06-14,1.1484370265591834
1938-06-15,1.153260462070732
1938-06-16,1.1621405676286767
1938-06-17,1.1545866539390903
1938-06-18,1.1553948645968477
1938-06-20,1.2095828837464397
1938-06-21,1.238370956379605
1938-06-22,1.2725499947756822
1938-06-23,1.3077996296309686
1938-06-24,1.3211391858532044
1938-06-25,1.346240830384415
1938-06-27,1.3377595131529934
1938-06-28,1.334013786516165
1938-06-29,1.3908427738217535
1938-06-30,1.3702583007691915
1938-07-01,1.4049258357786523
1938-07-02,1.4290905601540451
1938-07-05,1.4083687470318116
1938-07-06,1.4278042357408507
1938-07-07,1.4266619923522579
1938-07-08,1.4075447216547377
1938-07-09,1.413315655013522
1938-07-11,1.3916919254918152
1938-07-12,1.4241183473557746
1938-07-13,1.4235487000168323
1938-07-14,1.4076049545766438
1938-07-15,1.4243554535361058
1938-07-16,1.4367473459818698
1938-07-18,1.4614594003327581
1938-07-19,1.493757653080112
1938-07-20,1.4838988525697832
1938-07-21,1.4825633436024703
1938-07-22,1.485973239292756
1938-07-23,1.5063310726710668
1938-07-25,1.5140133611416895
1938-07-26,1.4991760302025008
1938-07-27,1.4546505021054865
1938-07-28,1.4777794450889639
1938-07-29,1.465957209528252
1938-07-30,1.4706482725987426
1938-08-01,1.4596184105542522
1938-08-02,1.4699817012691876
1938-08-03,1.4592508348499225
1938-08-04,1.4666930141076573
1938-08-05,1.4951468585813459
1938-08-06,1.510995415282308
1938-08-08,1.499965148750747
1938-08-09,1.4900653787689921
1938-08-10,1.4781448557388401
1938-08-11,1.4445909675135684
1938-08-12,1.4171437391308106
1938-08-13,1.410908306678635
1938-08-15,1.4188093931960355
1938-08-16,1.4355513440357488
1938-08-17,1.437848226186206
1938-08-18,1.4345411752659778
1938-08-19,1.4541943893671219
1938-08-20,1.456230261512236
1938-08-22,1.4498228483615823
1938-08-23,1.4808490573165203
1938-08-24,1.48351458561969
1938-08-25,1.4906354556306645
1938-08-26,1.4799028803501237
1938-08-27,1.4652518418346574
1938-08-29,1.4133819266337107
1938-08-30,1.4296358187899985
1938-08-31,1.4312084181906677
1938-09-01,1.4181844215851327
1938-09-02,1.446973565343311
1938-09-03,1.4599963274314005
1938-09-06,1.4453963641570864
1938-09-07,1.4636083583454655
1938-09-08,1.4533630998370473
1938-09-09,1.4256038646301596
1938-09-10,1.41049246366508
1938-09-12,1.4253026345335633
1938-09-13,1.3605938949257395
1938-09-14,1.3325656606902694
1938-09-15,1.3788056891162217
1938-09-16,1.3530220227297483
1938-09-17,1.3227143294206019
1938-09-19,1.3585598877479
1938-09-20,1.4059736278303014
1938-09-21,1.4134252880578022
1938-09-22,1.3926479363233524
1938-09-23,1.3533752645190338
1938-09-24,1.3443076502467561
1938-09-26,1.308280205220143
1938-09-27,1.3064486129328348
1938-09-28,1.356877529392042
1938-09-29,1.4042325551678243
1938-09-30,1.4428489504349395
1938-10-01,1.4668002430121594
1938-10-03,1.478681324980558
1938-10-04,1.478829193113056
1938-10-05,1.5205321763588442
1938-10-06,1.5165787927003112
1938-10-07,1.5171854242173912
1938-10-08,1.532508997001987
1938-10-10,1.5291374772085826
1938-10-11,1.5204213935884936
1938-10-13,1.5570635491739764
1938-10-14,1.5484996996535196
1938-10-15,1.5613522471606438
1938-10-17,1.5430844258688643
1938-10-18,1.5580523447997923
1938-10-19,1.5396673271311547
1938-10-20,1.5584512685221548
1938-10-21,1.5620357064397556
1938-10-22,1.5787494884986608
1938-10-24,1.5817491125268084
1938-10-25,1.5833308616393351
1938-10-26,1.5684475515399254
1938-10-27,1.5723686704187751
1938-10-28,1.5566449837145875
1938-10-29,1.5515080552683294
1938-10-31,1.5555419762120268
1938-11-01,1.5514975670738755
1938-11-02,1.554135112937901
1938-11-03,1.5580204507202458
1938-11-04,1.5549044098188052
1938-11-05,1.5594136326072796
1938-11-07,1.5837404852759533
1938-11-09,1.6220670050196315
1938-11-10,1.6160653571010588
1938-11-12,1.6239840773508538
1938-11-14,1.5958891528126842
1938-11-15,1.587430940302777
1938-11-16,1.5517137441459647
1938-11-17,1.56505848234562
1938-11-18,1.5365744179669296
1938-11-19,1.5405695114536435
1938-11-21,1.539491112795626
1938-11-22,1.5304081152301316
1938-11-23,1.5357645436334373
1938-11-25,1.539296802083794
1938-11-26,1.518978084296288
1938-11-28,1.4937630480969697
1938-11-29,1.49854308985088
1938-11-30,1.5282142430299275
1938-12-01,1.5230183146036258
1938-12-02,1.5087019424463517
1938-12-03,1.5084002020578624
1938-12-05,1.5025174412698368
1938-12-06,1.5119833011498367
1938-12-07,1.515914457732826
1938-12-08,1.501968044721684
1938-12-09,1.493857417280187
1938-12-10,1.5035674904925083
1938-12-12,1.5098824739525767
1938-12-13,1.5212065925072211
1938-12-14,1.5516307243573655
1938-12-15,1.555975290385566
1938-12-16,1.5486622065207538
1938-12-17,1.5433967550185834
1938-12-19,1.5345993935149775
1938-12-20,1.530149055273784
1938-12-21,1.517142788303957
1938-12-22,1.5253353593607986
1938-12-23,1.537843109307557
1938-12-24,1.5443020503666487
1938-12-27,1.529940041298239
1938-12-28,1.5415675856121056
1938-12-29,1.577023640081184
1938-12-30,1.5853818653736143
1938-12-31,1.5920404692081833
1939-01-03,1.580896185923726
1939-01-04,1.5954404308342245
1939-01-05,1.5785287622673816
1939-01-06,1.5794758795247419
1939-01-07,1.563839068317447
1939-01-09,1.5496081327957583
1939-01-10,1.552242466621511
1939-01-11,1.5263200174289318
1939-01-12,1.514567353294729
1939-01-13,1.505934319380949
1939-01-14,1.5359024123366298
1939-01-16,1.5348272806479941
1939-01-17,1.5429618652354287
1939-01-18,1.5434247537949992
1939-01-19,1.5550004394484618
1939-01-20,1.5526679387892892
1939-01-21,1.5223909139828982
1939-01-23,1.4611907992407855
1939-01-24,1.4606063229210893
1939-01-25,1.457392989010663
1939-01-26,1.4174604211117707
1939-01-27,1.4468018518287844
1939-01-28,1.4428954868288466
1939-01-30,1.4772363994153732
1939-01-31,1.4968836435275978
1939-02-01,1.4819148070923218
1939-02-02,1.5091820395428206
1939-02-03,1.500277865509518
1939-02-04,1.5118300050739413
1939-02-06,1.5169702270911927
1939-02-07,1.5028624039792446
1939-02-08,1.5172898830574455
1939-02-09,1.5013583392853425
1939-02-10,1.5027095617906991
1939-02-11,1.5123269029861595
1939-02-14,1.5076386895869023
1939-02-15,1.5108047308350347
1939-02-16,1.5254595367241346
1939-02-17,1.5169169633184794
1939-02-18,1.527080306972713
1939-02-20,1.4928737080965242
1939-02-21,1.495113018658669
1939-02-23,1.4992993351109132
1939-02-24,1.530334831347709
1939-02-25,1.5419653760659517
1939-02-27,1.541040196840312
1939-02-28,1.5495159179229339
1939-03-01,1.5482763051885955
1939-03-02,1.5481214775580767
1939-03-03,1.5674729960275526
1939-03-04,1.5707646893192104
1939-03-06,1.5599264129629078
1939-03-07,1.5669460818212408
1939-03-08,1.5921739137385629
1939-03-09,1.5912186093903196
1939-03-10,1.6014024084904175
1939-03-11,1.5954772195790028
1939-03-13,1.5846279744858656
1939-03-14,1.5903326351940148
1939-03-15,1.5531188515304748
1939-03-16,1.554050722841393
1939-03-17,1.5097602772404133
1939-03-18,1.4840943525273262
1939-03-20,1.475931833588426
1939-03-21,1.4992515565591231
1939-03-22,1.455173560796285
1939-03-23,1.4708894352528847
1939-03-24,1.4910406205158493
1939-03-25,1.4865674986543018
1939-03-27,1.484188990656455
1939-03-28,1.4641524392825929
1939-03-29,1.4724981081865036
1939-03-30,1.4303846622923697
1939-03-31,1.363013544698399
1939-04-01,1.3875477885029703
1939-04-03,1.3886578267337726
1939-04-04,1.3606069386337505
1939-04-05,1.3712196727550938
1939-04-06,1.3262436674887268
1939-04-08,1.2714698040214423
1939-04-10,1.2935933786114155
1939-04-11,1.291135551192054
1939-04-12,1.3274164601805507
1939-04-13,1.3433454577027173
1939-04-14,1.3270909776645143
1939-04-15,1.3678326706788149
1939-04-17,1.3430748993395283
1939-04-18,1.3276295379971237
1939-04-19,1.3424989888226917
1939-04-20,1.3583404768907994
1939-04-21,1.3621438302260935
1939-04-22,1.3613265439279578
1939-04-24,1.3493468703413918
1939-04-25,1.3502914131506307
1939-04-26,1.3587982490534796
1939-04-27,1.3710274332949608
1939-04-28,1.36033341931526
1939-04-29,1.360605485999123
1939-05-01,1.3555712457009261
1939-05-02,1.3707536436527767
1939-05-03,1.3987170179832933
1939-05-04,1.39731830096531
1939-05-05,1.392846882402221
1939-05-06,1.3963289996082267
1939-05-08,1.3928381771092062
1939-05-09,1.415959290849219
1939-05-10,1.4078883228913783
1939-05-11,1.4083106893882458
1939-05-12,1.4014099670102433
1939-05-13,1.4039325049508617
1939-05-15,1.4064595834597733
1939-05-16,1.3760800564570423
1939-05-17,1.3665851040674888
1939-05-18,1.3700015668276575
1939-05-19,1.380824579205596
1939-05-20,1.3899380214283528
1939-05-22,1.4013355132040652
1939-05-23,1.3957301711512489
1939-05-24,1.4290881222417637
1939-05-25,1.4332324777962646
1939-05-26,1.4389654077074496
1939-05-27,1.4464480278275285
1939-05-29,1.456862453627887
1939-05-31,1.4533659837391801
1939-06-01,1.4343268893521968
1939-06-02,1.4410682257321519
1939-06-03,1.4443826826513357
1939-06-05,1.4438049295782753
1939-06-06,1.4593980228177206
1939-06-07,1.4633383974793284
1939-06-08,1.4605580545241177
1939-06-09,1.4773544721511451
1939-06-10,1.4767635303622848
1939-06-12,1.4642110403542055
1939-06-13,1.455718616320151
1939-06-14,1.4485855951001823
1939-06-15,1.4207727516742588
1939-06-16,1.4213410607749284
1939-06-17,1.4288741683970356
1939-06-19,1.4391620624094945
1939-06-20,1.4511071075274933
1939-06-21,1.4515424396597514
1939-06-22,1.4458814241450784
1939-06-23,1.4490623632781976
1939-06-24,1.4474683946785916
1939-06-26,1.4219929509322484
1939-06-27,1.4254057340144857
1939-06-28,1.4027417828436552
1939-06-29,1.369637076768545
1939-06-30,1.3755265161986499
1939-07-01,1.388731570754157
1939-07-03,1.3938698775659475
1939-07-05,1.413662829827384
1939-07-06,1.4166315217700214
1939-07-07,1.4123816272047114
1939-07-08,1.412240389041991
1939-07-10,1.4169007823258297
1939-07-11,1.4306447199143904
1939-07-12,1.4555379380409008
1939-07-13,1.4655811498133828
1939-07-14,1.4583998021792972
1939-07-15,1.4617541217243095
1939-07-17,1.513792568457695
1939-07-18,1.5248432542074362
1939-07-19,1.5103572432924657
1939-07-20,1.494045385064907
1939-07-21,1.5197429656880235
1939-07-22,1.5360042154208853
1939-07-24,1.5263273888637336
1939-07-25,1.5200694465693922
1939-07-26,1.5287338424148378
1939-07-27,1.5311798165627015
1939-07-28,1.5265862771130134
1939-07-29,1.522769811420231
1939-07-31,1.516221901231124
1939-08-01,1.5171316343718626
1939-08-02,1.5298755401005861
1939-08-03,1.527121764128405
1939-08-04,1.5003971332561579
1939-08-05,1.5071489203558106
1939-08-07,1.4920774311522524
1939-08-08,1.4953600015007873
1939-08-09,1.4850420174904317
1939-08-10,1.4600933115965924
1939-08-11,1.4605313395900714
1939-08-12,1.4735300685124229
1939-08-14,1.4866444861221833
1939-08-15,1.5003216153945076
1939-08-16,1.4686648293096836
1939-08-17,1.4648463007534782
1939-08-18,1.4384790673399155
1939-08-19,1.4331566947907577
1939-08-21,1.4040636138865052
1939-08-22,1.4256861935403575
1939-08-23,1.387335234934122
1939-08-24,1.380259825235958
1939-08-25,1.4075889697756299
1939-08-26,1.4382744093167386
1939-08-28,1.4129607797127641
1939-08-29,1.4431981403986174
1939-08-30,1.436270789324704
1939-08-31,1.4147267274848334
1939-09-01,1.4209515250857667
1939-09-02,1.4513598877226022
1939-09-05,1.578934421853419
1939-09-06,1.5691450284379278
1939-09-07,1.5736955490203977
1939-09-08,1.6046973513360996
1939-09-09,1.6112766104765777
1939-09-11,1.6478525895343958
1939-09-12,1.6582340608484625
1939-09-13,1.6452998351738444
1939-09-14,1.6487549648277093
1939-09-15,1.6472710853593644
1939-09-16,1.6291511034204114
1939-09-18,1.5784845041040365
1939-09-19,1.6312058865411114
1939-09-20,1.6328370924276523
1939-09-21,1.646226356585559
1939-09-22,1.6386537153452654
1939-09-23,1.64569992632125
1939-09-25,1.6442187963875607
1939-09-26,1.65885234367541
1939-09-27,1.6583546879723072
1939-09-28,1.6359668996846812
1939-09-29,1.6223883744172984
1939-09-30,1.653862708880994
1939-10-02,1.6393087170428413
1939-10-03,1.62357135335923
1939-10-04,1.6229219248178863
1939-10-05,1.628602151554749
1939-10-06,1.6271364096183498
1939-10-07,1.6137938910594793
1939-10-09,1.6170214788415984
1939-10-10,1.6244597776442697
1939-10-11,1.632582076532491
1939-10-13,1.6244191661498286
1939-10-14,1.621170327817529
1939-10-16,1.6248990195715092
1939-10-17,1.6673088839823256
1939-10-18,1.6606396484463963
1939-10-19,1.6596432646573285
1939-10-20,1.6528387272722334
1939-10-21,1.6639127467449573
1939-10-23,1.6607513125261417
1939-10-24,1.6655674913324674
1939-10-25,1.6832225067405915
1939-10-26,1.6721132381961035
1939-10-27,1.6657592078909582
1939-10-28,1.661594809871231
1939-10-30,1.6594347366183984
1939-10-31,1.6448317109361563
1939-11-01,1.6435158455674073
1939-11-02,1.6453237129975316
1939-11-03,1.6594734969293101
1939-11-04,1.6566523919845302
1939-11-06,1.646712477632623
1939-11-08,1.6350208190414313
1939-11-09,1.6167085858681673
1939-11-10,1.6212353699085982
1939-11-13,1.6215596169825799
1939-11-14,1.6314511306461736
1939-11-15,1.6280250832718166
1939-11-16,1.6459333591878065
1939-11-17,1.6411601524461619
1939-11-18,1.646740096964479
1939-11-20,1.6477281410226576
1939-11-21,1.637347453734215
1939-11-22,1.6352189020443606
1939-11-24,1.617067972231668
1939-11-25,1.6177147994205607
1939-11-27,1.619008971260097
1939-11-28,1.6164185569060807
1939-11-29,1.598961236491495
1939-11-30,1.5847304814867205
1939-12-01,1.5962990140015736
1939-12-02,1.5980549429169755
1939-12-04,1.5962970824797669
1939-12-05,1.5980530092704948
1939-12-06,1.6207453620021357
1939-12-07,1.6254455235519418
1939-12-08,1.6132546821253024
1939-12-09,1.6122867293160272
1939-12-11,1.5990659781356358
1939-12-12,1.595388126385924
1939-12-13,1.6164472496542184
1939-12-14,1.6153157365794604
1939-12-15,1.6167695207423818
1939-12-16,1.6157994590299363
1939-12-18,1.6130525999495853
1939-12-19,1.6088586631897164
1939-12-20,1.6138461250456047
1939-12-21,1.6143302788831182
1939-12-22,1.6196575688034327
1939-12-23,1.621277226372236
1939-12-26,1.6149542451893841
1939-12-27,1.6047800334446911
1939-12-28,1.6187416197356599
1939-12-29,1.6281303211301268
1939-12-30,1.631712207836613
1940-01-02,1.6491715284604647
1940-01-03,1.6679720838849141
1940-01-04,1.6633017620500363
1940-01-05,1.654652592887376
1940-01-06,1.6533288708130662
1940-01-08,1.6551475325709608
1940-01-09,1.6410787785441077
1940-01-10,1.643540396711924
1940-01-11,1.6215169553959843
1940-01-12,1.5950862290230299
1940-01-13,1.589343918598547
1940-01-15,1.5833044117078725
1940-01-16,1.5935958903839735
1940-01-17,1.5969424417537799
1940-01-18,1.593109779893571
1940-01-19,1.5966146214093369
1940-01-20,1.5953373297122093
1940-01-22,1.5905513177230728
1940-01-23,1.5935733652267468
1940-01-24,1.6123775309364223
1940-01-25,1.6056055453064895
1940-01-26,1.6057661058610202
1940-01-27,1.6041603397551591
1940-01-29,1.6027165954493794
1940-01-30,1.596145457408037
1940-01-31,1.5924743228559985
1940-02-01,1.5916780856945707
1940-02-02,1.5940656028231126
1940-02-03,1.597891360269888
1940-02-05,1.5918193731008625
1940-02-06,1.602166199026018
1940-02-07,1.6092157303017325
1940-02-08,1.6273998680541422
1940-02-09,1.6314683677242774
1940-02-10,1.6285317246623736
1940-02-13,1.6269031929377111
1940-02-14,1.6246255284675983
1940-02-15,1.6264126165489128
1940-02-16,1.6270631815955323
1940-02-17,1.6317816648221593
1940-02-19,1.6291708141584438
1940-02-20,1.634384160763751
1940-02-21,1.63307665343514
1940-02-23,1.6252378854986513
1940-02-24,1.6172742198597079
1940-02-26,1.616303855327792
1940-02-27,1.6138793995448004
1940-02-28,1.6159774427642088
1940-02-29,1.615654247275656
1940-03-01,1.610807284533829
1940-03-02,1.6109683652622824
1940-03-04,1.6146735925023856
1940-03-05,1.6204864174353943
1940-03-06,1.631829822357442
1940-03-07,1.636072579895571
1940-03-08,1.6329640419937694
1940-03-09,1.6334539312063676
1940-03-11,1.636067457496298
1940-03-12,1.6365582777335468
1940-03-13,1.6342670961447199
1940-03-14,1.6331231091774185
1940-03-15,1.613852256489125
1940-03-16,1.6061057656579771
1940-03-18,1.6051421021985823
1940-03-19,1.6160570684935325
1940-03-20,1.625430199490795
1940-03-21,1.6249425704309477
1940-03-23,1.6247800761739046
1940-03-25,1.6215305160215567
1940-03-26,1.6179631488863093
1940-03-27,1.6385112808771654
1940-03-28,1.6360535139558496
1940-03-29,1.6421069119574863
1940-03-30,1.649332182370099
1940-04-01,1.6466932508783068
1940-04-02,1.6508099840055024
1940-04-03,1.6732609997879773
1940-04-04,1.6851411528864721
1940-04-05,1.6804227576583899
1940-04-06,1.6905052942043401
1940-04-08,1.692364850027965
1940-04-09,1.6796721136527555
1940-04-10,1.669594080970839
1940-04-11,1.6736011067651688
1940-04-12,1.6632247799032247
1940-04-13,1.6662185845070505
1940-04-15,1.6677181812331068
1940-04-16,1.6477055630583095
1940-04-17,1.651989597522261
1940-04-18,1.6397648745005962
1940-04-19,1.6381251096260956
1940-04-20,1.6482814853057774
1940-04-22,1.6522373608705112
1940-04-23,1.660828995147038
1940-04-24,1.6553482594630529
1940-04-25,1.656672538070623
1940-04-26,1.6454071648117428
1940-04-27,1.6477107348424793
1940-04-29,1.651500469532617
1940-04-30,1.6531519700021493
1940-05-01,1.6357938743171268
1940-05-02,1.643482105526417
1940-05-03,1.6451255876319433
1940-05-04,1.6421643615742056
1940-05-06,1.640357980776474
1940-05-07,1.6426544819495612
1940-05-08,1.6441328709833156
1940-05-09,1.6479143765865771
1940-05-10,1.6058925599836196
1940-05-11,1.6076590417996017
1940-05-13,1.517790901363004
1940-05-14,1.4083581773747313
1940-05-15,1.414836624990655
1940-05-16,1.4359176907030156
1940-05-17,1.3728809040811532
1940-05-18,1.346247014541979
1940-05-20,1.352574375510326
1940-05-21,1.2580294266621543
1940-05-22,1.2600422737448138
1940-05-23,1.2640744090207974
1940-05-24,1.2615462602027558
1940-05-25,1.2763063514471282
1940-05-27,1.298258820692019
1940-05-28,1.2671006089954104
1940-05-29,1.2842064672168485
1940-05-31,1.2896001343791592
1940-06-01,1.2858602939894597
1940-06-03,1.2722301748731712
1940-06-04,1.2844435845519537
1940-06-05,1.2632502654068465
1940-06-06,1.2771460183263217
1940-06-07,1.2906837661205806
1940-06-08,1.2884896037181754
1940-06-10,1.2506080093688612
1940-06-11,1.2981311137248779
1940-06-12,1.3605712202950446
1940-06-13,1.3383939094042354
1940-06-14,1.3634218755100946
1940-06-15,1.3748746192643795
1940-06-17,1.3658004467772344
1940-06-18,1.3737220893685425
1940-06-19,1.3785301166813324
1940-06-20,1.3688804058645632
1940-06-21,1.369154181945736
1940-06-22,1.375178460346297
1940-06-24,1.3864549237211368
1940-06-25,1.353734587521318
1940-06-26,1.3447999392436774
1940-06-27,1.3590548185996603
1940-06-28,1.3765866257595958
1940-06-29,1.375623015121564
1940-07-01,1.3675068393323468
1940-07-02,1.3654555790733485
1940-07-03,1.368186490231495
1940-07-05,1.3747537853846061
1940-07-06,1.3777782437124522
1940-07-08,1.3750226872250273
1940-07-09,1.3726851486567446
1940-07-10,1.3733714912310728
1940-07-11,1.3743328512749344
1940-07-12,1.3732333849939145
1940-07-13,1.37419464836341
1940-07-15,1.3787294907030094
1940-07-16,1.3923789126609694
1940-07-17,1.3893156790531151
1940-07-18,1.3912607210037895
1940-07-19,1.3823566523893653
1940-07-20,1.3794537034193477
1940-07-22,1.378763976567638
1940-07-23,1.3797291113512353
1940-07-24,1.37365830326129
1940-07-25,1.3744824982432466
1940-07-26,1.3795680834867468
1940-07-27,1.3821892628453716
1940-07-29,1.3893766470121676
1940-07-30,1.4199429332464353
1940-07-31,1.4190909674864873
1940-08-01,1.4176718765190008
1940-08-02,1.4179554108943047
1940-08-03,1.41908977522302
1940-08-05,1.4173868674927526
1940-08-06,1.406756465986557
1940-08-07,1.4043649799943798
1940-08-08,1.4061906544683727
1940-08-09,1.4151902746569702
1940-08-10,1.4233983782499806
1940-08-12,1.4262451750064806
1940-08-13,1.381175827476276
1940-08-14,1.3760654769146137
1940-08-15,1.3843218697761013
1940-08-16,1.3648029314122583
1940-08-17,1.3744930322252855
1940-08-19,1.3747679308317304
1940-08-20,1.3881031797607983
1940-08-21,1.4071201933235213
1940-08-22,1.4187992909281066
1940-08-23,1.4036181385151758
1940-08-24,1.4062850129783546
1940-08-26,1.4071287839861415
1940-08-27,1.405440229445358
1940-08-28,1.422446056221647
1940-08-29,1.419885653320448
1940-08-30,1.4426038237735752
1940-08-31,1.4506824051867073
1940-09-03,1.4553245888833048
1940-09-04,1.4793374445998793
1940-09-05,1.504486181158077
1940-09-06,1.4983177878153289
1940-09-07,1.4959204793548242
1940-09-09,1.4606167560420504
1940-09-10,1.4591561392860084
1940-09-11,1.4514226117477926
1940-09-12,1.4350215362350427
1940-09-13,1.436313055617654
1940-09-14,1.444356408729113
1940-09-16,1.4537447253858522
1940-09-17,1.4649385597713234
1940-09-18,1.474753648121791
1940-09-19,1.473721320568106
1940-09-20,1.4738686927001627
1940-09-21,1.4828592917256338
1940-09-23,1.5116267619851111
1940-09-24,1.507998857756347
1940-09-25,1.5058876593554882
1940-09-26,1.4977558659949686
1940-09-27,1.4742410988988475
1940-09-28,1.4835288178219102
1940-09-30,1.4857541110486432
1940-10-01,1.5040288866145415
1940-10-02,1.5103458079383225
1940-10-03,1.5120071883270547
1940-10-04,1.5024815430405942
1940-10-05,1.5038337764293306
1940-10-07,1.4970665244353987
1940-10-08,1.4762572997457466
1940-10-09,1.4682855103271197
1940-10-10,1.4675513675719563
1940-10-11,1.4751826346833306
1940-10-14,1.4710521233062173
1940-10-15,1.4776718578610952
1940-10-16,1.4855035187077592
1940-10-17,1.4929310363012978
1940-10-18,1.4935282087158182
1940-10-19,1.4918853276862307
1940-10-21,1.4839783354494938
1940-10-22,1.4905078401254714
1940-10-23,1.4995999379502367
1940-10-24,1.4915020982853056
1940-10-25,1.4909054974459914
1940-10-26,1.5029818319753039
1940-10-28,1.498773482845773
1940-10-29,1.5025204165528874
1940-10-30,1.5121365472188257
1940-10-31,1.530887040404339
1940-11-01,1.5324179274447434
1940-11-02,1.5376281483980556
1940-11-04,1.5417797443987302
1940-11-06,1.498301555606686
1940-11-07,1.5693210493424432
1940-11-08,1.560218987256257
1940-11-09,1.5815939873816678
1940-11-12,1.5746349738371885
1940-11-13,1.568178970444456
1940-11-14,1.5757062295025892
1940-11-15,1.5599491672075634
1940-11-16,1.5485615382869482
1940-11-18,1.548096969825462
1940-11-19,1.5468584922496016
1940-11-20,1.5193244110875586
1940-11-22,1.5219072625864074
1940-11-23,1.5216028811338902
1940-11-25,1.5214507208457768
1940-11-26,1.5171906588274087
1940-11-27,1.4926121701544046
1940-11-28,1.4960451781457598
1940-11-29,1.497840432359535
1940-11-30,1.5062283387807485
1940-12-02,1.5056258474452362
1940-12-03,1.5014100950723894
1940-12-04,1.501710377091404
1940-12-05,1.497355416997839
1940-12-06,1.5009490699986336
1940-12-07,1.511905998209624
1940-12-09,1.5138714760072964
1940-12-10,1.512963153121692
1940-12-11,1.5173507462657447
1940-12-12,1.5212958582060356
1940-12-13,1.5244905795082684
1940-12-14,1.5246430285662191
1940-12-16,1.5125983486405459
1940-12-17,1.5062454355762556
1940-12-18,1.4957017175272218
1940-12-19,1.4903171913441238
1940-12-20,1.49121138165893
1940-12-21,1.4927025930405888
1940-12-23,1.4870303231870345
1940-12-24,1.4932758505444201
1940-12-26,1.4917825746938758
1940-12-27,1.4973021702202431
1940-12-28,1.502692458033036
1940-12-30,1.5120091512728409
1940-12-31,1.5166963796417867
1941-01-02,1.5115396119510047
1941-01-03,1.5304338571003921
1941-01-04,1.534106898357433
1941-01-06,1.539016040432177
1941-01-07,1.5368614179755722
1941-01-08,1.5411646299459036
1941-01-09,1.548870453095633
1941-01-10,1.5521230810471338
1941-01-11,1.5491740471931443
1941-01-13,1.5473150383365126
1941-01-14,1.5401973891601646
1941-01-15,1.5314182640419516
1941-01-16,1.512122393915023
1941-01-17,1.509702998084759
1941-01-18,1.510004938684376
1941-01-20,1.505927925349928
1941-01-21,1.4938805019471286
1941-01-22,1.50090174030628
1941-01-23,1.5007516501322495
1941-01-24,1.5036030782675007
1941-01-25,1.5073620859631693
1941-01-27,1.507663558380362
1941-01-28,1.5008790723676504
1941-01-29,1.47491386441569
1941-01-30,1.45234768229013
1941-01-31,1.453219090899504
1941-02-01,1.4450810639904668
1941-02-03,1.4371331181385192
1941-02-04,1.4356959850203808
1941-02-05,1.4566571464016782
1941-02-06,1.4621924435580047
1941-02-07,1.4598529356483119
1941-02-08,1.4627726415196085
1941-02-10,1.4597008189724174
1941-02-11,1.4434981398818236
1941-02-13,1.4235778655514544
1941-02-14,1.38499890539501
1941-02-15,1.3912314004692874
1941-02-17,1.398465803751728
1941-02-18,1.3942704063404727
1941-02-19,1.380327702277068
1941-02-20,1.402827043824184
1941-02-21,1.409841179043305
1941-02-24,1.421824829065173
1941-02-25,1.4307823254882834
1941-02-26,1.4316407948835763
1941-02-27,1.4267732161809723
1941-02-28,1.4321949544024601
1941-03-01,1.4290441255027748
1941-03-03,1.4170401548485516
1941-03-04,1.4225666114524609
1941-03-05,1.4177298849735225
1941-03-06,1.4367274654321678
1941-03-07,1.433422992261674
1941-03-08,1.4339963614585785
1941-03-10,1.457657301422645
1941-03-11,1.45153514075667
1941-03-12,1.4500836056159132
1941-03-13,1.4445732879145727
1941-03-14,1.4460178612024872
1941-03-15,1.4545493665835818
1941-03-17,1.4546948215202402
1941-03-18,1.4573132721989768
1941-03-19,1.454252914327359
1941-03-20,1.4541074890359262
1941-03-21,1.443056272119253
1941-03-22,1.4367068245219283
1941-03-24,1.4413042863603986
1941-03-25,1.4444751557903914
1941-03-26,1.4418751005099686
1941-03-27,1.4506705386230794
1941-03-28,1.442111582445203
1941-03-29,1.4409578931792468
1941-03-31,1.4444161921228769
1941-04-01,1.4470161412686982
1941-04-02,1.4501995767794893
1941-04-03,1.4700673109813684
1941-04-04,1.4696262907880742
1941-04-05,1.465070449286631
1941-04-07,1.4581846181749838
1941-04-08,1.4296041996587543
1941-04-09,1.413878553462508
1941-04-10,1.4116163477769679
1941-04-12,1.3983471541078645
1941-04-14,1.401283683131491
1941-04-15,1.3966594469771572
1941-04-16,1.3973577767006458
1941-04-17,1.3949822684802546
1941-04-18,1.3758710114020751
1941-04-19,1.3720185725701493
1941-04-21,1.368725727995981
1941-04-22,1.3653039136759912
1941-04-23,1.3736322675494148
1941-04-24,1.3835224198757707
1941-04-25,1.374944580872541
1941-04-26,1.3746695919563665
1941-04-28,1.3767315963443012
1941-04-29,1.3808617911333338
1941-04-30,1.3658103976099805
1941-05-01,1.3644445872123705
1941-05-02,1.3703116989373836
1941-05-03,1.3733263846750459
1941-05-05,1.3726397214827084
1941-05-06,1.3930920533328006
1941-05-07,1.3883555403514691
1941-05-08,1.3876613625812935
1941-05-09,1.389187790080133
1941-05-10,1.4028018304229184
1941-05-12,1.3991545456638188
1941-05-13,1.3983150529364206
1941-05-14,1.3949590968093732
1941-05-15,1.3776616040089371
1941-05-16,1.3805546933773558
1941-05-17,1.3844202465188122
1941-05-19,1.3849740146174196
1941-05-20,1.4015937027928287
1941-05-21,1.404677208938973
1941-05-22,1.3911923077331587
1941-05-23,1.3914705461947052
1941-05-24,1.3927228696862803
1941-05-26,1.3796312747112294
1941-05-27,1.3852877629375453
1941-05-28,1.3868115794767768
1941-05-29,1.3880597098983058
1941-05-31,1.3840343367396006
1941-06-02,1.3886016500508414
1941-06-03,1.4017933657263244
1941-06-04,1.4066996425063667
1941-06-05,1.4135924707546477
1941-06-06,1.4113307228014402
1941-06-07,1.419939840210529
1941-06-09,1.4321513228363394
1941-06-10,1.452631086752899
1941-06-11,1.4539384547309766
1941-06-12,1.461644328541051
1941-06-13,1.4578440532868442
1941-06-14,1.4555115028015853
1941-06-16,1.4527460309462623
1941-06-17,1.4620436055443182
1941-06-18,1.4662835320003966
1941-06-19,1.463497593289596
1941-06-20,1.4507651642279764
1941-06-21,1.4533765415235869
1941-06-23,1.472125098909241
1941-06-24,1.4653533234542584
1941-06-25,1.4681374947688215
1941-06-26,1.4751845547437117
1941-06-27,1.46972637189116
1941-06-28,1.4688445360680251
1941-06-30,1.4647317713670347
1941-07-01,1.4613628882928906
1941-07-02,1.4715924285109407
1941-07-03,1.4780674351963887
1941-07-05,1.4808757633232619
1941-07-07,1.5016080240097875
1941-07-08,1.5244324659747364
1941-07-09,1.5248897957145287
1941-07-10,1.5258047295919572
1941-07-11,1.5277882757404269
1941-07-12,1.528399391050723
1941-07-14,1.5309976700155092
1941-07-15,1.5340596653555403
1941-07-16,1.5277700207275826
1941-07-17,1.5186034006032172
1941-07-18,1.5223999091047251
1941-07-19,1.5275760687956812
1941-07-21,1.5480455881175434
1941-07-22,1.5478907835587317
1941-07-23,1.5458785255401053
1941-07-24,1.541704653521147
1941-07-25,1.5392379260755131
1941-07-26,1.5466262681206755
1941-07-28,1.559463266146077
1941-07-29,1.5544729836944096
1941-07-30,1.5515194850253902
1941-07-31,1.5504334213858724
1941-08-01,1.5462472511481304
1941-08-02,1.5454741275225565
1941-08-04,1.5477923387138404
1941-08-05,1.5462445463751264
1941-08-06,1.5460899219204889
1941-08-07,1.5465537488970649
1941-08-08,1.536501149529234
1941-08-09,1.5258992915974823
1941-08-11,1.5201008742894118
1941-08-12,1.5181247431528355
1941-08-13,1.5167584308839979
1941-08-14,1.5197919477457658
1941-08-15,1.5082415289428979
1941-08-16,1.511408836153678
1941-08-18,1.517605612381908
1941-08-19,1.5182126546268606
1941-08-20,1.5250446115726815
1941-08-21,1.5251971160338387
1941-08-22,1.5245870371874253
1941-08-23,1.5255017894097376
1941-08-25,1.5267221908412651
1941-08-26,1.5354245073290604
1941-08-27,1.5383418138929856
1941-08-28,1.5434183418788325
1941-08-29,1.5444987347181476
1941-08-30,1.5480510818079993
1941-09-02,1.552695235053423
1941-09-03,1.5474160712542415
1941-09-04,1.5455591719687365
1941-09-05,1.543704500962374
1941-09-06,1.5452482054633363
1941-09-08,1.5480296522331702
1941-09-09,1.5436951692069174
1941-09-10,1.5347417372255172
1941-09-11,1.5439501876488704
1941-09-12,1.545802927874049
1941-09-13,1.5475033110947107
1941-09-15,1.548277062750258
1941-09-16,1.5516832722883085
1941-09-17,1.5727861647914296
1941-09-18,1.566652298748743
1941-09-19,1.5538057498990034
1941-09-20,1.548367429774357
1941-09-22,1.5517738381198607
1941-09-23,1.5567395144018443
1941-09-24,1.5492671647327154
1941-09-25,1.526183083978198
1941-09-26,1.5203835882590808
1941-09-27,1.5257049308179877
1941-09-29,1.526925494762642
1941-09-30,1.534560122236455
1941-10-01,1.5344066662242315
1941-10-02,1.5304172088920485
1941-10-03,1.527968541357821
1941-10-04,1.5301076973157222
1941-10-06,1.5275065142302853
1941-10-07,1.510703942573752
1941-10-08,1.5099485906024652
1941-10-09,1.4909232383608741
1941-10-10,1.490774146037038
1941-10-11,1.4919667653538675
1941-10-14,1.4851037182332396
1941-10-15,1.4773811788984268
1941-10-16,1.452708913210823
1941-10-17,1.457502852624419
1941-10-18,1.471349129724351
1941-10-20,1.472379074115158
1941-10-21,1.4835691550784331
1941-10-22,1.477041450796088
1941-10-23,1.4819156875837152
1941-10-24,1.4896216491591505
1941-10-25,1.485301746376589
1941-10-27,1.4722310910084748
1941-10-28,1.4726727603357772
1941-10-29,1.4691383457109715
1941-10-30,1.4676692073652604
1941-10-31,1.4537263498952906
1941-11-01,1.4582329015799662
1941-11-03,1.465086596217392
1941-11-05,1.4753422023909135
1941-11-06,1.4641296016527425
1941-11-07,1.4613477554096024
1941-11-08,1.46251683361393
1941-11-10,1.4538879842956078
1941-11-12,1.4296080549578711
1941-11-13,1.4307517414018374
1941-11-14,1.4419116049847718
1941-11-15,1.4439302812317505
1941-11-17,1.441042420669287
1941-11-18,1.4393131697644839
1941-11-19,1.4459340103454004
1941-11-21,1.4540312408033347
1941-11-22,1.45635769078862
1941-11-24,1.4591247704011183
1941-11-25,1.4515373215950325
1941-11-26,1.4403604842187507
1941-11-27,1.4370476551050477
1941-11-28,1.4287127787054383
1941-11-29,1.4254267393144158
1941-12-01,1.4204377457268154
1941-12-02,1.4421704432364357
1941-12-03,1.4539962408709746
1941-12-04,1.4582128299695003
1941-12-05,1.452817442498613
1941-12-06,1.461243783665105
1941-12-08,1.4006021666430033
1941-12-09,1.3517211510271625
1941-12-10,1.3421239308548696
1941-12-11,1.3682953475065396
1941-12-12,1.363369484255516
1941-12-13,1.3674595927082824
1941-12-15,1.3744336366310947
1941-12-16,1.373471533085453
1941-12-17,1.3486116983366063
1941-12-18,1.3374182212404124
1941-12-19,1.3371507375961644
1941-12-20,1.3346101511947317
1941-12-22,1.3219313547583817
1941-12-23,1.3165114362038723
1941-12-24,1.320460970512484
1941-12-26,1.3145188961451777
1941-12-27,1.3203027792882165
1941-12-29,1.313965325947633
1941-12-30,1.3619250603447215
1941-12-31,1.3556602050671358
1942-01-02,1.3810110509018911
1942-01-03,1.397721284617804
1942-01-05,1.4116984974639821
1942-01-06,1.4060517034741262
1942-01-07,1.3967717622311968
1942-01-08,1.3777756662648524
1942-01-09,1.3744690046658168
1942-01-10,1.3680090003438874
1942-01-12,1.3737546381453316
1942-01-13,1.3972458424576166
1942-01-14,1.400599232479515
1942-01-15,1.3987784534772916
1942-01-16,1.386189447395996
1942-01-17,1.3818922601090684
1942-01-19,1.3856233692113629
1942-01-20,1.3840991835052303
1942-01-21,1.3661058941196622
1942-01-22,1.3662425047090743
1942-01-23,1.368291868466138
1942-01-24,1.372944060818923
1942-01-26,1.3863989126149485
1942-01-27,1.388201231201348
1942-01-28,1.3818155055378218
1942-01-29,1.3802955084817303
1942-01-30,1.3727038831850809
1942-01-31,1.3665267157107481
1942-02-02,1.3710362538725938
1942-02-03,1.375286466259599
1942-02-04,1.3839507709970345
1942-02-05,1.3815980546863393
1942-02-06,1.3701307908324427
1942-02-07,1.3704048169906091
1942-02-09,1.3551933235220133
1942-02-10,1.3359495783280007
1942-02-11,1.3331440842135118
1942-02-13,1.3343439138893038
1942-02-14,1.3412825022415285
1942-02-16,1.338197552486373
1942-02-17,1.3162511126255965
1942-02-18,1.3159878624030714
1942-02-19,1.3196726284178
1942-02-20,1.3161095123210718
1942-02-21,1.3191365641994102
1942-02-24,1.3224344056099087
1942-02-25,1.3151610163790541
1942-02-26,1.3208162087494841
1942-02-27,1.3308544119359802
1942-02-28,1.3328506935538842
1942-03-02,1.3199220418264115
1942-03-03,1.3353651297157805
1942-03-04,1.32348038006131
1942-03-05,1.3036281743603904
1942-03-06,1.2711678328188165
1942-03-07,1.2779050223327564
1942-03-09,1.276243745803724
1942-03-10,1.266671917710196
1942-03-11,1.2457718310679777
1942-03-12,1.2456472538848709
1942-03-13,1.2515017959781296
1942-03-14,1.2517520963373252
1942-03-16,1.2625171643658262
1942-03-17,1.2827174389956795
1942-03-18,1.2746363191300067
1942-03-19,1.2723419737555728
1942-03-20,1.2625449405576548
1942-03-21,1.2636812310041565
1942-03-23,1.265955857219964
1942-03-24,1.2736781879490058
1942-03-25,1.2662908544589015
1942-03-26,1.261225691041066
1942-03-27,1.2488656792688635
1942-03-28,1.2487407927009366
1942-03-30,1.250239281652178
1942-03-31,1.2448632527410737
1942-04-01,1.249842705752038
1942-04-02,1.259591478856904
1942-04-04,1.261228947779418
1942-04-06,1.2758592035736593
1942-04-07,1.2726695555647252
1942-04-08,1.2652880721424498
1942-04-09,1.2480801543613125
1942-04-10,1.247705730315004
1942-04-11,1.244212154270122
1942-04-13,1.2437144694084141
1942-04-14,1.2233175521101163
1942-04-15,1.2255195237039145
1942-04-16,1.2241714522278402
1942-04-17,1.2051967947183087
1942-04-18,1.2131510935634495
1942-04-20,1.217518437500278
1942-04-21,1.2201969780627786
1942-04-22,1.2167804265242028
1942-04-23,1.1900112571406702
1942-04-24,1.1800151625806887
1942-04-25,1.1823751929058501
1942-04-27,1.1745715166326716
1942-04-28,1.1632956300729977
1942-04-29,1.1809777236501073
1942-04-30,1.1905436432116732
1942-05-01,1.1988774487141547
1942-05-02,1.2070298153654109
1942-05-04,1.2095645779776782
1942-05-05,1.2135561410850046
1942-05-06,1.2105222507322921
1942-05-07,1.2203274809632236
1942-05-08,1.2228901686732463
1942-05-09,1.2297383536178166
1942-05-11,1.2369938099041617
1942-05-12,1.2289533501397847
1942-05-13,1.2138372239330653
1942-05-14,1.2162648983809314
1942-05-15,1.2255085116086266
1942-05-16,1.2340870711898868
1942-05-18,1.232729575411578
1942-05-19,1.2254564709166496
1942-05-20,1.2270495643288413
1942-05-21,1.2469277672709684
1942-05-22,1.2444339117364265
1942-05-23,1.2451805720834683
1942-05-25,1.2428147289965097
1942-05-26,1.2438089807797068
1942-05-27,1.2623417345933243
1942-05-28,1.2639827788482958
1942-05-29,1.2614548132905992
1942-06-01,1.2665006325437616
1942-06-02,1.264980831784709
1942-06-03,1.273329705274488
1942-06-04,1.293448314617825
1942-06-05,1.3003035906852995
1942-06-06,1.3058948961252463
1942-06-08,1.3164726447838608
1942-06-09,1.3129181686429443
1942-06-10,1.3009706133082934
1942-06-11,1.3038327486575716
1942-06-12,1.2978351180137466
1942-06-13,1.3030264584858016
1942-06-15,1.3057628140486217
1942-06-16,1.3068074242998604
1942-06-17,1.3240572823006187
1942-06-18,1.3219387906489377
1942-06-19,1.3097769537749675
1942-06-20,1.3054546898275101
1942-06-22,1.288222687921787
1942-06-23,1.2898973774160856
1942-06-24,1.2865436442348037
1942-06-25,1.2875728791501915
1942-06-26,1.2862853062710413
1942-06-27,1.2904014192511088
1942-06-29,1.2937564629411618
1942-06-30,1.2954383463429853
1942-07-01,1.2905156806268818
1942-07-02,1.3038079921373387
1942-07-03,1.3158030256650024
1942-07-06,1.333303205906347
1942-07-07,1.3305032691739436
1942-07-08,1.3564480829228356
1942-07-09,1.3712333670266943
1942-07-10,1.3684909002926409
1942-07-11,1.3678066548424945
1942-07-13,1.360283718240861
1942-07-14,1.3680373354348339
1942-07-15,1.371457428773421
1942-07-16,1.371045991544789
1942-07-17,1.3596663098149673
1942-07-18,1.35626714404043
1942-07-20,1.362912853046228
1942-07-21,1.3660475526082343
1942-07-22,1.364818109810887
1942-07-23,1.3484402924931562
1942-07-24,1.3481706044346575
1942-07-25,1.3496535920995358
1942-07-27,1.3507333149732152
1942-07-28,1.348572141669258
1942-07-29,1.3337378481108961
1942-07-30,1.3349382121741957
1942-07-31,1.340811940307762
1942-08-01,1.3418845898600082
1942-08-03,1.3456418667116161
1942-08-04,1.3433542755382064
1942-08-05,1.3338164601818852
1942-08-06,1.3326160253677215
1942-08-07,1.3360808270336775
1942-08-08,1.3346111381239405
1942-08-10,1.3335434492134413
1942-08-11,1.3379441425958458
1942-08-12,1.339549675566961
1942-08-13,1.3454436941394554
1942-08-14,1.3521709126101527
1942-08-15,1.3555513398916779
1942-08-17,1.3602957695812987
1942-08-18,1.3702259286992424
1942-08-19,1.3714591320350715
1942-08-20,1.3685790678577978
1942-08-21,1.372821662968157
1942-08-22,1.3747436132963127
1942-08-24,1.3747436132963127
1942-08-25,1.3669075747005237
1942-08-26,1.352281663651228
1942-08-27,1.357690790305833
1942-08-28,1.3624427080719035
1942-08-29,1.3635326622383608
1942-08-31,1.364896194900599
1942-09-01,1.3638042779446786
1942-09-02,1.364213419228062
1942-09-03,1.3651683686215215
1942-09-04,1.3653048854583836
1942-09-05,1.367489373275117
1942-09-08,1.3751473137654577
1942-09-09,1.3732221075261861
1942-09-10,1.3656693859347921
1942-09-11,1.359387306759492
1942-09-12,1.3597951229515197
1942-09-14,1.3597951229515197
1942-09-15,1.3652343034433259
1942-09-16,1.3674186783288353
1942-09-17,1.366871710857504
1942-09-18,1.3747995667804775
1942-09-19,1.3743871269104435
1942-09-21,1.3754866366119718
1942-09-22,1.3800257425127913
1942-09-23,1.3874778815223605
1942-09-24,1.403017633795411
1942-09-25,1.407226686696797
1942-09-26,1.4053972920040914
1942-09-28,1.4052567522748909
1942-09-29,1.4024462387703411
1942-09-30,1.4009035479076937
1942-10-01,1.4100094209690937
1942-10-02,1.4269295340207229
1942-10-03,1.433493409877218
1942-10-05,1.4433845144053707
1942-10-06,1.4439618682111328
1942-10-07,1.446705395760734
1942-10-08,1.4692739999346016
1942-10-09,1.4748572411343532
1942-10-10,1.4878359848563354
1942-10-13,1.4957215155760741
1942-10-14,1.4910847788777883
1942-10-15,1.4730426530533671
1942-10-16,1.479082127930886
1942-10-17,1.4771593211645757
1942-10-19,1.4799659238747884
1942-10-20,1.495357569483086
1942-10-21,1.4955071052400344
1942-10-22,1.4980494673189424
1942-10-23,1.4970008326918192
1942-10-24,1.5014918351898945
1942-10-26,1.505996310695464
1942-10-27,1.4907857479574398
1942-10-28,1.4818410334696952
1942-10-29,1.4827301380897768
1942-10-30,1.4879196935730912
1942-10-31,1.4962520438571005
1942-11-02,1.5059776821421715
1942-11-04,1.5020621401686018
1942-11-05,1.5038646147368042
1942-11-06,1.5198055796530143
1942-11-07,1.5301402575946548
1942-11-09,1.5348836923931983
1942-11-10,1.5269022971927537
1942-11-12,1.5275130581116307
1942-11-13,1.5223195137140513
1942-11-14,1.522623977616794
1942-11-16,1.5095294114092894
1942-11-17,1.4959436467066058
1942-11-18,1.4987859396353485
1942-11-19,1.5007343613568744
1942-11-20,1.5133405299922722
1942-11-21,1.51576187484026
1942-11-23,1.498936918029533
1942-11-24,1.4957891505016712
1942-11-25,1.49459251918127
1942-11-27,1.500421430006077
1942-11-28,1.5016217671500818
1942-11-30,1.4984683614390666
1942-12-01,1.5004163703089375
1942-12-02,1.5058178692420496
1942-12-03,1.5100341592759272
1942-12-04,1.5080711148688686
1942-12-05,1.5098808002067114
1942-12-07,1.5045962174059881
1942-12-08,1.5124201177364993
1942-12-09,1.5116639076776313
1942-12-10,1.5133267379760769
1942-12-11,1.5146887320402551
1942-12-12,1.5181725161239477
1942-12-14,1.519538871388459
1942-12-15,1.5251611652125963
1942-12-16,1.5335495516212656
1942-12-17,1.5614601534607726
1942-12-18,1.5611478614300804
1942-12-19,1.5603672874993655
1942-12-21,1.559118993669366
1942-12-22,1.5586512579712652
1942-12-23,1.561924425613005
1942-12-24,1.5691092779708247
1942-12-26,1.5728751402379546
1942-12-28,1.5595057015459322
1942-12-29,1.5563866901428403
1942-12-30,1.5722618343822972
1942-12-31,1.5755635842345
1943-01-02,1.587852980191529
1943-01-04,1.601349730523157
1943-01-05,1.5955848714932734
1943-01-06,1.5962231054418707
1943-01-07,1.595584616199694
1943-01-08,1.5989353438937135
1943-01-09,1.6027727887190584
1943-01-11,1.6075811070852153
1943-01-12,1.6037229124282109
1943-01-13,1.608052964291767
1943-01-14,1.6160932291132255
1943-01-15,1.6311228961439785
1943-01-16,1.634222029646652
1943-01-18,1.633241496428864
1943-01-19,1.6190322954099328
1943-01-20,1.6188703921803917
1943-01-21,1.6378111757689024
1943-01-22,1.640267892532556
1943-01-23,1.644860642631647
1943-01-25,1.6598288744795953
1943-01-26,1.6677960530770972
1943-01-27,1.6642936813656353
1943-01-28,1.6682879862009128
1943-01-29,1.6819679476877603
1943-01-30,1.6876866387098988
1943-02-01,1.6937623106092545
1943-02-02,1.694439815533498
1943-02-03,1.6868148363635975
1943-02-04,1.6854653844945067
1943-02-05,1.6952410837245748
1943-02-06,1.6965972765915542
1943-02-08,1.6926951028553938
1943-02-09,1.7045439685753814
1943-02-10,1.7214189538642777
1943-02-11,1.7258946431443247
1943-02-13,1.7340063479671028
1943-02-15,1.7483986006552297
1943-02-16,1.7452514831740502
1943-02-17,1.7482184106954461
1943-02-18,1.7293376518599353
1943-02-19,1.7276083142080754
1943-02-20,1.7473030489900476
1943-02-23,1.761106743077069
1943-02-24,1.773082268929993
1943-02-25,1.783898070770466
1943-02-26,1.7851467994200052
1943-02-27,1.7915733278979173
1943-03-01,1.781719674594479
1943-03-02,1.7708511845794528
1943-03-03,1.7931639095051537
1943-03-04,1.7989020340155704
1943-03-05,1.804838410727822
1943-03-06,1.8086285713903503
1943-03-08,1.8057347656761256
1943-03-09,1.7938169162226631
1943-03-10,1.7866416485577725
1943-03-11,1.8066520350216198
1943-03-12,1.8176726124352516
1943-03-13,1.8193085177864432
1943-03-15,1.8187627252311074
1943-03-16,1.8120333031477522
1943-03-17,1.7995302733560328
1943-03-18,1.8015097566567246
1943-03-19,1.7962853783624202
1943-03-20,1.794668721521894
1943-03-22,1.7998732608143073
1943-03-23,1.8083326651401344
1943-03-24,1.816650995399779
1943-03-25,1.849895708615595
1943-03-26,1.8632149577176274
1943-03-27,1.8658234586584321
1943-03-29,1.8895194165833942
1943-03-30,1.9031239563827949
1943-03-31,1.9000789580525823
1943-04-01,1.9021690449064403
1943-04-02,1.8941799349178334
1943-04-03,1.8968317868267186
1943-04-05,1.92319774866361
1943-04-06,1.9297366210090665
1943-04-07,1.9197019905798194
1943-04-08,1.9120231826175
1943-04-09,1.8422343364519613
1943-04-10,1.8407605489827996
1943-04-12,1.8396560926534098
1943-04-13,1.8368966085144298
1943-04-14,1.8616947127293748
1943-04-15,1.8771467788450287
1943-04-16,1.873580199965223
1943-04-17,1.881074520765084
1943-04-19,1.881074520765084
1943-04-20,1.8727977928737178
1943-04-21,1.8894656932302938
1943-04-22,1.895700930017954
1943-04-24,1.8987340515059827
1943-04-26,1.8989239249111334
1943-04-27,1.8968351085937312
1943-04-28,1.8945589064634187
1943-04-29,1.9138834073093456
1943-04-30,1.9154145140351928
1943-05-01,1.926523918216597
1943-05-03,1.9519540339370562
1943-05-04,1.9621041949135292
1943-05-05,1.9726995575660624
1943-05-06,1.9792094661060307
1943-05-07,1.9544693477797053
1943-05-08,1.9742094881922803
1943-05-10,1.981711484247411
1943-05-11,1.97497366520097
1943-05-12,1.9680612573727667
1943-05-13,1.9615666552234365
1943-05-14,1.9427356153332915
1943-05-15,1.949340916425425
1943-05-17,1.9491459823337824
1943-05-18,1.9620103458171854
1943-05-19,1.9828076554828473
1943-05-20,1.981221409358461
1943-05-21,1.9804289207947177
1943-05-22,1.9808250065788766
1943-05-24,1.9794384290742713
1943-05-25,1.9843870251469569
1943-05-26,2.00184963096825
1943-05-27,2.008856104676639
1943-05-28,2.0142800161592658
1943-05-29,2.0255599842497576
1943-06-01,2.0330545561914817
1943-06-02,2.0314281125465286
1943-06-03,2.0426009671655345
1943-06-04,2.036473164264038
1943-06-05,2.0499138871481803
1943-06-07,2.034539532994569
1943-06-08,2.0229426576565
1943-06-09,2.026988542971813
1943-06-10,2.031245218912054
1943-06-11,2.0251514832553177
1943-06-12,2.0221137560304348
1943-06-14,1.9899621473095508
1943-06-15,1.9945390602483626
1943-06-16,2.002716670395381
1943-06-17,2.0059210170680135
1943-06-18,2.002510951338998
1943-06-19,2.0021104491487303
1943-06-21,1.9876952539148594
1943-06-22,1.9918694139480806
1943-06-23,2.0074059953768755
1943-06-24,2.0182459877519108
1943-06-25,2.0408503428147324
1943-06-26,2.0494219142545544
1943-06-28,2.0584393706772746
1943-06-29,2.0516465207540397
1943-06-30,2.062930576618187
1943-07-01,2.0664375585984383
1943-07-02,2.066850846110158
1943-07-03,2.069951122379323
1943-07-06,2.069951122379323
1943-07-07,2.065190234797851
1943-07-08,2.0693206152674466
1943-07-09,2.0767701694824097
1943-07-10,2.079469970702737
1943-07-12,2.090075267553321
1943-07-13,2.105750832059971
1943-07-14,2.117543036719507
1943-07-15,2.103355498373486
1943-07-16,2.10146247842495
1943-07-17,2.1033537946555323
1943-07-19,2.102091782378739
1943-07-20,2.08716693072385
1943-07-21,2.0894628143476464
1943-07-22,2.0932238474134723
1943-07-23,2.093642492182955
1943-07-24,2.0955267704259195
1943-07-26,2.063884316192488
1943-07-27,2.0077466627920524
1943-07-28,1.995499408149021
1943-07-29,2.0276269486202203
1943-07-30,1.9903186127656083
1943-07-31,1.9640464070771022
1943-08-02,1.9292827856718373
1943-08-03,1.9578361708997805
1943-08-04,1.9744777783524285
1943-08-05,1.969344136128712
1943-08-06,1.952407776558005
1943-08-07,1.9502601280037912
1943-08-09,1.9506501800293918
1943-08-10,1.971717201973709
1943-08-11,1.9849277072269327
1943-08-12,1.9759955325444116
1943-08-13,1.986863507973406
1943-08-14,1.9892477441829743
1943-08-16,1.9882531203108829
1943-08-17,1.9962061327921263
1943-08-18,2.0047898191631326
1943-08-19,2.0041883822173836
1943-08-20,1.9859502679392054
1943-08-21,1.969665475742104
1943-08-23,1.9527263526507217
1943-08-24,1.9640521654960958
1943-08-25,1.9721047793746298
1943-08-26,1.9762461994113165
1943-08-27,1.969329337713377
1943-08-28,1.970707868249776
1943-08-30,1.9720873637575507
1943-08-31,1.9898361500313684
1943-09-01,1.9975965110164908
1943-09-02,1.9983955496208974
1943-09-03,1.995397956296466
1943-09-04,1.9997878318003184
1943-09-07,2.0009877044993982
1943-09-08,1.991382963517801
1943-09-09,2.0110976548566275
1943-09-10,2.0137120818079413
1943-09-11,2.0141148242243028
1943-09-13,2.011496474952811
1943-09-14,2.0068700330604194
1943-09-15,2.011084460129846
1943-09-16,2.0185254726323265
1943-09-17,2.0387107273586498
1943-09-18,2.055224284250255
1943-09-20,2.063650703815681
1943-09-21,2.064063433956444
1943-09-22,2.057252024624388
1943-09-23,2.045114237679104
1943-09-24,2.0459322833741753
1943-09-25,2.0461368766025125
1943-09-27,2.030790850027994
1943-09-28,2.0281508219229574
1943-09-29,2.0318014934024187
1943-09-30,2.0376937177332857
1943-10-01,2.0407502583098855
1943-10-02,2.0397298831807307
1943-10-04,2.029531233764827
1943-10-05,2.021007202583015
1943-10-06,2.000392929116668
1943-10-07,1.9761881746743566
1943-10-08,1.9819191203809121
1943-10-09,1.992225099806893
1943-10-11,1.9796740816781098
1943-10-13,1.976308635739257
1943-10-14,1.9867830715086752
1943-10-15,1.9975117000948222
1943-10-16,2.0047027422151635
1943-10-18,2.003098980021391
1943-10-19,2.010310136349468
1943-10-20,2.014933849663072
1943-10-21,2.001232299485363
1943-10-22,2.0088369822234076
1943-10-23,2.0092387496198523
1943-10-25,2.0070285869952706
1943-10-26,2.012848969897557
1943-10-27,2.024926063716942
1943-10-28,2.0222936598341104
1943-10-29,2.01278887963289
1943-10-30,2.0137952740727063
1943-11-01,2.0123856173808554
1943-11-03,1.9922617612070468
1943-11-04,1.9717414650666143
1943-11-05,1.963262976766828
1943-11-06,1.9628703241714747
1943-11-08,1.8996658997331533
1943-11-09,1.9097341290017391
1943-11-10,1.9311231512465588
1943-11-12,1.9205019739147027
1943-11-13,1.9166609699668733
1943-11-15,1.9185776309368399
1943-11-16,1.9122463247547483
1943-11-17,1.9011552960711706
1943-11-18,1.9083796861962412
1943-11-19,1.9324252702423137
1943-11-20,1.943440094282695
1943-11-22,1.9381928060281317
1943-11-23,1.935866974660898
1943-11-24,1.9310273072242459
1943-11-26,1.9173170133429538
1943-11-27,1.9113733306015908
1943-11-29,1.892450734628635
1943-11-30,1.8945324304367266
1943-12-01,1.9125304885258756
1943-12-02,1.92763947938523
1943-12-03,1.9311092304481234
1943-12-04,1.9343921161398854
1943-12-06,1.9434837590857428
1943-12-07,1.9586429324066117
1943-12-08,1.979208683196881
1943-12-09,1.974260661488889
1943-12-10,1.9868959297224178
1943-12-11,1.9914657903607793
1943-12-13,1.9848939532525889
1943-12-14,1.9793362501834817
1943-12-15,1.9809197191836283
1943-12-16,1.9890414900322813
1943-12-17,1.9967987518434072
1943-12-18,2.004386587100412
1943-12-20,2.008796237592033
1943-12-21,2.002769848879257
1943-12-22,2.0011676330001533
1943-12-23,2.0003671659469533
1943-12-24,2.0033677166958737
1943-12-27,2.0015646857508473
1943-12-28,1.9847515423905402
1943-12-29,1.9807820393057591
1943-12-30,2.0132668647503733
1943-12-31,2.0148774782421732
1944-01-03,2.0124596252682827
1944-01-04,2.033187959408546
1944-01-05,2.0527065638188677
1944-01-06,2.0481906093784663
1944-01-07,2.0457327806472123
1944-01-08,2.0463465004814063
1944-01-10,2.0424584421304917
1944-01-11,2.0534877177179967
1944-01-12,2.0411667914116887
1944-01-13,2.035655641074877
1944-01-14,2.048683837177756
1944-01-15,2.0583126512124914
1944-01-17,2.0523435445239753
1944-01-18,2.0476231543715704
1944-01-19,2.047213629740696
1944-01-20,2.0494655647334112
1944-01-21,2.0537694424193513
1944-01-22,2.0586984890811575
1944-01-24,2.0554045714986278
1944-01-25,2.0529380860128295
1944-01-26,2.035077524664518
1944-01-27,2.032838939387387
1944-01-28,2.042799850190385
1944-01-29,2.0450469300255945
1944-01-31,2.0497505379646532
1944-02-01,2.0515953134488214
1944-02-02,2.0481076014159583
1944-02-03,2.031927551364772
1944-02-04,2.0189232150360374
1944-02-05,2.0229610614661095
1944-02-07,2.016082993857125
1944-02-08,2.027171450323339
1944-02-09,2.0269687331783066
1944-02-10,2.0393332424506943
1944-02-11,2.0372939092082434
1944-02-14,2.0389237443356096
1944-02-15,2.0497300401805885
1944-02-16,2.048090256148444
1944-02-17,2.056077808147423
1944-02-18,2.048675928038092
1944-02-19,2.0480613252596807
1944-02-21,2.0486757436572587
1944-02-23,2.061172665693568
1944-02-24,2.065295011024955
1944-02-25,2.066121129029365
1944-02-26,2.066121129029365
1944-02-28,2.0694269228358118
1944-02-29,2.0570103612987967
1944-03-01,2.0642098975633427
1944-03-02,2.068544738348226
1944-03-03,2.070820137560409
1944-03-04,2.071441383601677
1944-03-06,2.078069996029203
1944-03-07,2.0919930650025984
1944-03-08,2.107473813683618
1944-03-09,2.1047340977258293
1944-03-10,2.1142054011655955
1944-03-11,2.1199137557487426
1944-03-13,2.1347531520389835
1944-03-14,2.129843219789294
1944-03-15,2.138362592668451
1944-03-16,2.143494662890855
1944-03-17,2.1469242543514806
1944-03-18,2.140698174013861
1944-03-20,2.1319213115004043
1944-03-21,2.138743459697206
1944-03-22,2.1370324649294483
1944-03-23,2.119295095470534
1944-03-24,2.124381403699663
1944-03-25,2.124381403699663
1944-03-27,2.1207699553133734
1944-03-28,2.0944724078674875
1944-03-29,2.090074015810966
1944-03-30,2.1040775117168993
1944-03-31,2.1078648512379896
1944-04-01,2.1087079971784846
1944-04-03,2.0958448783956958
1944-04-04,2.0968928008348935
1944-04-05,2.101925343556897
1944-04-06,2.108441312121924
1944-04-08,2.112658194746168
1944-04-10,2.1111793340098455
1944-04-11,2.1116015698766475
1944-04-12,2.100621241713289
1944-04-13,2.0941093158639776
1944-04-14,2.094318726795564
1944-04-15,2.0980885005037964
1944-04-17,2.0922138527023857
1944-04-18,2.0587384310591474
1944-04-19,2.0505034773349107
1944-04-20,2.0662923541103897
1944-04-21,2.0695984218769663
1944-04-22,2.06835666282384
1944-04-24,2.0487072745270134
1944-04-25,2.0489121452544663
1944-04-26,2.0595664884097897
1944-04-27,2.065539231226178
1944-04-28,2.0719424028429794
1944-04-29,2.072563985563832
1944-05-01,2.086657420665666
1944-05-02,2.083736100276734
1944-05-03,2.0935296599480346
1944-05-04,2.0924828951180605
1944-05-05,2.1033638061726747
1944-05-06,2.106939524643168
1944-05-08,2.1031470334988103
1944-05-09,2.1069326981591083
1944-05-10,2.110303790476163
1944-05-11,2.1132582157828295
1944-05-12,2.0997333632018194
1944-05-13,2.10036328321078
1944-05-15,2.103933900792238
1944-05-16,2.107510588423585
1944-05-17,2.1216309093660226
1944-05-18,2.1269349866394376
1944-05-19,2.1309761631140525
1944-05-20,2.132894041660855
1944-05-22,2.1337471992775194
1944-05-23,2.1405751903152077
1944-05-24,2.1487093760384055
1944-05-25,2.1474201504127826
1944-05-26,2.1536476688489796
1944-05-27,2.1586010584873323
1944-05-29,2.1633499808160046
1944-05-31,2.178060760685553
1944-06-01,2.1774073424573475
1944-06-02,2.176100898051873
1944-06-03,2.1767537283212883
1944-06-05,2.1654346089340177
1944-06-06,2.1751790646742206
1944-06-07,2.1719162960772094
1944-06-08,2.166703696966624
1944-06-09,2.1686537302938937
1944-06-10,2.1790632681993043
1944-06-12,2.2102238729345545
1944-06-13,2.2272425967561507
1944-06-14,2.2303607363916096
1944-06-15,2.2424046843681245
1944-06-16,2.260568162311506
1944-06-17,2.2684801508795966
1944-06-19,2.2807299436943467
1944-06-20,2.2791334327337607
1944-06-21,2.2716122924057394
1944-06-22,2.2718394536349797
1944-06-23,2.273884109143251
1944-06-24,2.275475828019651
1944-06-26,2.2886735878221653
1944-06-27,2.299201486326147
1944-06-28,2.2920739617185357
1944-06-29,2.2913863395300202
1944-06-30,2.297802221280704
1944-07-01,2.3001000235019844
1944-07-03,2.3178107936829497
1944-07-05,2.327777380095786
1944-07-06,2.321259603431518
1944-07-07,2.3263663745590675
1944-07-08,2.3391613896191426
1944-07-10,2.3475823706217716
1944-07-11,2.3435914805917144
1944-07-12,2.3464037903684245
1944-07-13,2.3419456231667244
1944-07-14,2.3419456231667244
1944-07-15,2.3424140122913575
1944-07-17,2.318989872168444
1944-07-18,2.3002060542038794
1944-07-19,2.3188377232429307
1944-07-20,2.303997161814176
1944-07-21,2.2733539995620475
1944-07-22,2.2524391427660766
1944-07-24,2.2555925575659495
1944-07-25,2.275667331328286
1944-07-26,2.2722538303312936
1944-07-27,2.2742988587785917
1944-07-28,2.2638370840282103
1944-07-29,2.2649690025702243
1944-07-31,2.263610021168682
1944-08-01,2.2737962662639406
1944-08-02,2.279253377302974
1944-08-03,2.266261633052347
1944-08-04,2.2492646708044544
1944-08-05,2.2503893031398565
1944-08-07,2.2533148092339386
1944-08-08,2.24542820740162
1944-08-09,2.252389034844565
1944-08-10,2.2659033690536323
1944-08-11,2.2776860665727114
1944-08-12,2.2833802817391433
1944-08-14,2.2874903662462738
1944-08-15,2.2852028758800276
1944-08-16,2.3002852148608355
1944-08-17,2.317537353972292
1944-08-18,2.3258804884465927
1944-08-21,2.319600611127787
1944-08-22,2.3033634068498925
1944-08-23,2.3061274429381124
1944-08-24,2.293443742001953
1944-08-25,2.292297020130952
1944-08-28,2.290233952812834
1944-08-29,2.2934402803467724
1944-08-30,2.301467321327986
1944-08-31,2.2989357072745253
1944-09-01,2.305372727254894
1944-09-05,2.290848879073188
1944-09-06,2.240679288621485
1944-09-07,2.2335091148978963
1944-09-08,2.234402518543855
1944-09-09,2.229710273254913
1944-09-11,2.2419736797578156
1944-09-12,2.2491479955330407
1944-09-13,2.2280060043750303
1944-09-14,2.215083569549655
1944-09-15,2.2343547966047366
1944-09-16,2.244185957709797
1944-09-18,2.2468789808590492
1944-09-19,2.264629324807836
1944-09-20,2.268932120524971
1944-09-21,2.263486683435711
1944-09-22,2.267787308134239
1944-09-23,2.2739103338662012
1944-09-25,2.2857346676023056
1944-09-26,2.2836775064014634
1944-09-27,2.284819345154664
1944-09-28,2.2825345258095093
1944-09-29,2.290295143197262
1944-09-30,2.2992272942557315
1944-10-02,2.30451551703252
1944-10-03,2.3026719046188937
1944-10-04,2.313033928189679
1944-10-05,2.3278373453300927
1944-10-06,2.331794668817154
1944-10-07,2.336458258154788
1944-10-09,2.319402112870258
1944-10-10,2.3221853954057026
1944-10-11,2.334028540922272
1944-10-13,2.3335617352140874
1944-10-14,2.3342618037346514
1944-10-16,2.3251581827000862
1944-10-17,2.3314361097933762
1944-10-18,2.344492152008219
1944-10-19,2.340740964565006
1944-10-20,2.335591334442963
1944-10-21,2.3381604849108504
1944-10-23,2.3061276862675717
1944-10-24,2.308664426722466
1944-10-25,2.308664426722466
1944-10-26,2.29365810794877
1944-10-27,2.2973279609214883
1944-10-28,2.304449677600345
1944-10-30,2.297997218503064
1944-10-31,2.303052812383771
1944-11-01,2.3083498338522537
1944-11-02,2.3203532529882858
1944-11-03,2.3215134296147797
1944-11-04,2.3238349430443943
1944-11-06,2.330109297390614
1944-11-08,2.325449078795833
1944-11-09,2.3356810547425346
1944-11-10,2.342688097906762
1944-11-13,2.3251179371724615
1944-11-14,2.300936710625868
1944-11-15,2.2979454929020546
1944-11-16,2.3043797402821804
1944-11-17,2.302997112438011
1944-11-18,2.3053001095504486
1944-11-20,2.3096801797585944
1944-11-21,2.3223834207472667
1944-11-22,2.325634757536313
1944-11-24,2.3195881071667186
1944-11-25,2.321907695273885
1944-11-27,2.3251583660472686
1944-11-28,2.328413587759735
1944-11-29,2.3416855452099656
1944-11-30,2.3426222194280495
1944-12-01,2.343325006093878
1944-12-02,2.3480116561060655
1944-12-04,2.3618649248770915
1944-12-05,2.3696590791291863
1944-12-06,2.3715548063924894
1944-12-07,2.379380937253585
1944-12-08,2.3953227895331834
1944-12-09,2.4065808066439893
1944-12-11,2.4121159424992706
1944-12-12,2.4092214033682717
1944-12-13,2.404884804842209
1944-12-14,2.4116184822957667
1944-12-15,2.4311525920023622
1944-12-16,2.4316388225207626
1944-12-18,2.419480628408159
1944-12-19,2.421900109036567
1944-12-20,2.4059155683169253
1944-12-21,2.4003819625097966
1944-12-22,2.408303222986079
1944-12-23,2.410470695886766
1944-12-26,2.397213107059389
1944-12-27,2.37827512351362
1944-12-28,2.4041983223599184
1944-12-29,2.435452900550597
1944-12-30,2.4376448081610924
1945-01-02,2.4447139781047595
1945-01-03,2.4676942894989446
1945-01-04,2.4746038335095415
1945-01-05,2.4708919277592774
1945-01-06,2.4674326790604146
1945-01-08,2.4958081548696094
1945-01-09,2.4965568973160703
1945-01-10,2.511536238699967
1945-01-11,2.511285085076097
1945-01-12,2.5057602578889293
1945-01-13,2.507514290069451
1945-01-15,2.492970707187048
1945-01-16,2.492970707187048
1945-01-17,2.5116679874909513
1945-01-18,2.500114314748493
1945-01-19,2.4786133316416556
1945-01-20,2.462502344985985
1945-01-22,2.4543760872475313
1945-01-23,2.4443131452898164
1945-01-24,2.44577973317699
1945-01-25,2.464123081175818
1945-01-26,2.483589653517107
1945-01-27,2.493772371096527
1945-01-29,2.497014275178953
1945-01-30,2.482281890955397
1945-01-31,2.486749998359117
1945-02-01,2.494956273353702
1945-02-02,2.515165419167867
1945-02-03,2.5232139485092047
1945-02-05,2.533811447092943
1945-02-06,2.5383723076977107
1945-02-07,2.5447182384669547
1945-02-08,2.545990597586188
1945-02-09,2.534279040837291
1945-02-10,2.5390941710148818
1945-02-13,2.5698172104841617
1945-02-14,2.5839512051418247
1945-02-15,2.6007468879752467
1945-02-16,2.5994465145312593
1945-02-17,2.601526071742884
1945-02-19,2.6171352281733413
1945-02-20,2.622892925675323
1945-02-21,2.6207946113347824
1945-02-23,2.6168634194177804
1945-02-24,2.6103212608692363
1945-02-26,2.604839586221411
1945-02-27,2.6228129793663384
1945-02-28,2.6414349515198396
1945-03-01,2.6496233998695513
1945-03-02,2.6358453581902297
1945-03-03,2.6342638509753153
1945-03-05,2.647171743845094
1945-03-06,2.6593487338667816
1945-03-07,2.6580190594998485
1945-03-08,2.610972122146701
1945-03-09,2.561885846250343
1945-03-10,2.578281915666345
1945-03-12,2.59400943535191
1945-03-13,2.5932312325213043
1945-03-14,2.5994549874793553
1945-03-15,2.61141248042176
1945-03-16,2.6155907403904353
1945-03-17,2.6174216539087083
1945-03-19,2.601193639654474
1945-03-20,2.572060270890344
1945-03-21,2.5455680501001736
1945-03-22,2.5453134932951635
1945-03-23,2.553967559172367
1945-03-24,2.5358343895022433
1945-03-26,2.491203704247004
1945-03-27,2.50266324128654
1945-03-28,2.5241861451616043
1945-03-29,2.5310014477535403
1945-03-31,2.5375820515176994
1945-04-02,2.5573751915195375
1945-04-03,2.56428010453664
1945-04-04,2.561202968411196
1945-04-05,2.5412255852575885
1945-04-06,2.5536775906253504
1945-04-07,2.5656798753012895
1945-04-09,2.5618313554883376
1945-04-10,2.5748966954013284
1945-04-11,2.6027055797116625
1945-04-12,2.6092123436609413
1945-04-13,2.6274768300665676
1945-04-16,2.674508665324759
1945-04-17,2.6785204283227464
1945-04-18,2.700752147877825
1945-04-19,2.6850877854201336
1945-04-20,2.6834767327488813
1945-04-21,2.6915271629471276
1945-04-23,2.7044464933292733
1945-04-24,2.7171573918479206
1945-04-25,2.7128099400209638
1945-04-26,2.704400229206899
1945-04-27,2.7157587101695677
1945-04-28,2.7285227761073645
1945-04-30,2.7350712307700222
1945-05-01,2.723583931600788
1945-05-02,2.7208603476691873
1945-05-03,2.7393621980333376
1945-05-04,2.750593583045274
1945-05-05,2.7569199482862783
1945-05-07,2.7569199482862783
1945-05-08,2.7547144123276492
1945-05-09,2.7310238683816315
1945-05-10,2.7001632986689192
1945-05-11,2.704213543616923
1945-05-12,2.7196275608155394
1945-05-14,2.710108864352685
1945-05-15,2.717426158286437
1945-05-16,2.727208892456268
1945-05-17,2.7405722160293036
1945-05-18,2.754823191552656
1945-05-19,2.758955426339985
1945-05-21,2.748195500177259
1945-05-22,2.7454473046770818
1945-05-23,2.723209181509197
1945-05-24,2.7251154279362533
1945-05-25,2.743373701303426
1945-05-26,2.756267557699552
1945-05-28,2.7780420714053786
1945-05-29,2.793599107005249
1945-05-31,2.781865990755827
1945-06-01,2.7860387897419607
1945-06-02,2.788546224652728
1945-06-04,2.7891039338976586
1945-06-05,2.7916141274381663
1945-06-06,2.7787727024519504
1945-06-07,2.782107229694893
1945-06-08,2.7809943868030156
1945-06-09,2.781550585680376
1945-06-11,2.774040399099039
1945-06-12,2.777646651617868
1945-06-13,2.7893127675546627
1945-06-14,2.8029804001156804
1945-06-15,2.809707553075958
1945-06-16,2.812798231384342
1945-06-18,2.805203676159604
1945-06-19,2.80828940020338
1945-06-20,2.824015820844519
1945-06-21,2.8370062936204037
1945-06-22,2.8353040898442314
1945-06-23,2.8398405763879824
1945-06-25,2.8517679068088118
1945-06-26,2.8571862658317486
1945-06-27,2.856329109951999
1945-06-28,2.7992025277529593
1945-06-29,2.7756892265198347
1945-06-30,2.792065792956302
1945-07-02,2.8035132627074226
1945-07-03,2.804915019338776
1945-07-05,2.7695730900951077
1945-07-06,2.7778818093653928
1945-07-09,2.803160533830618
1945-07-10,2.8129715956990253
1945-07-11,2.802001006475799
1945-07-12,2.807324808388103
1945-07-13,2.7977799040395834
1945-07-16,2.7773561107400946
1945-07-17,2.720420310469923
1945-07-18,2.7108988393832782
1945-07-19,2.7285196818392694
1945-07-20,2.7287925338074532
1945-07-23,2.7069621935369934
1945-07-24,2.7099398519498843
1945-07-25,2.7348712985878234
1945-07-26,2.6859171023431014
1945-07-27,2.694780628780834
1945-07-30,2.7193031325027395
1945-07-31,2.7312680662857516
1945-08-01,2.732906827125523
1945-08-02,2.7236149439132964
1945-08-03,2.7372330186328626
1945-08-06,2.740243974953359
1945-08-07,2.7040727544839744
1945-08-08,2.712184972747426
1945-08-09,2.7582921172841317
1945-08-10,2.7580162880724033
1945-08-13,2.7331941414797516
1945-08-14,2.7520531810559614
1945-08-17,2.7424209949222655
1945-08-20,2.7056725535903072
1945-08-21,2.7135190039957187
1945-08-22,2.731970933222889
1945-08-23,2.7803268187409347
1945-08-24,2.813690740565826
1945-08-27,2.8556147326002566
1945-08-28,2.862182646485237
1945-08-29,2.862182646485237
1945-08-30,2.8719140674832873
1945-08-31,2.9009203995648685
1945-09-04,2.902951043844564
1945-09-05,2.9052734046796393
1945-09-06,2.938974576173923
1945-09-07,2.9433830380381845
1945-09-08,2.9457377444686146
1945-09-10,2.9525129412808924
1945-09-11,2.963141987869504
1945-09-12,2.979735583001573
1945-09-13,2.9815234243513737
1945-09-14,2.968404721284228
1945-09-15,2.9271438956583773
1945-09-17,2.9142644625174805
1945-09-18,2.9673040757352984
1945-09-19,2.996680386085078
1945-09-20,3.0107647838996776
1945-09-21,3.0011303365911988
1945-09-22,2.9975289801872895
1945-09-24,2.999327497575402
1945-09-25,3.003826488821765
1945-09-26,3.000822662332943
1945-09-27,2.994821017008277
1945-09-28,3.020576477754548
1945-09-29,3.039304051916626
1945-10-01,3.064834205952726
1945-10-02,3.0691249738410598
1945-10-03,3.0691249738410598
1945-10-04,3.0709664488253643
1945-10-05,3.0841716045553134
1945-10-06,3.1002092968990014
1945-10-08,3.115710343383496
1945-10-09,3.122876477173278
1945-10-10,3.13661713367284
1945-10-11,3.1369307953862076
1945-10-15,3.1479100531700595
1945-10-16,3.1479100531700595
1945-10-17,3.159242529361472
1945-10-18,3.166824711431939
1945-10-19,3.1402233838559113
1945-10-20,3.1483879646539363
1945-10-22,3.1638150656807404
1945-10-23,3.140086452688135
1945-10-24,3.102091406610609
1945-10-25,3.1200835367689503
1945-10-26,3.136619979513826
1945-10-29,3.114349977659278
1945-10-30,3.112481367672682
1945-10-31,3.1573010993671686
1945-11-01,3.196767363109258
1945-11-02,3.201562514153922
1945-11-03,3.2063648579251534
1945-11-05,3.2256030470727044
1945-11-07,3.2636651630281626
1945-11-08,3.2600751313488314
1945-11-09,3.261053153888236
1945-11-10,3.262357575149791
1945-11-13,3.2515917951517967
1945-11-14,3.2418370197663413
1945-11-15,3.2658266137126124
1945-11-16,3.2896671479927146
1945-11-17,3.2922988817111087
1945-11-19,3.2876896632767134
1945-11-20,3.303799342626769
1945-11-21,3.2658056501865613
1945-11-23,3.23445391594477
1945-11-24,3.2124596293163457
1945-11-26,3.2535791125715945
1945-11-27,3.2952249252125108
1945-11-28,3.2892935203471283
1945-11-29,3.2929117432195105
1945-11-30,3.327487316523315
1945-12-01,3.347119491690803
1945-12-03,3.376574143217682
1945-12-04,3.373197569074464
1945-12-05,3.3769080864004466
1945-12-06,3.40155951543117
1945-12-07,3.412104349929007
1945-12-08,3.4274588195036872
1945-12-10,3.436712958316347
1945-12-11,3.430183203695546
1945-12-12,3.3801025289215914
1945-12-13,3.366920129058797
1945-12-14,3.3743273533427263
1945-12-15,3.386137499079426
1945-12-17,3.2994523791029926
1945-12-18,3.3232084362325343
1945-12-19,3.3281932488868833
1945-12-20,3.3092225473682277
1945-12-21,3.306575169330333
1945-12-22,3.3409635510913684
1945-12-26,3.3807210173493556
1945-12-27,3.358746330736585
1945-12-28,3.3607615785350267
1945-12-29,3.369163482481364
1945-12-31,3.3674789007401236
1946-01-02,3.3503047583463488
1946-01-03,3.3412589354988134
1946-01-04,3.3355787953084652
1946-01-05,3.347253321092045
1946-01-07,3.3519394757415744
1946-01-08,3.421995010784573
1946-01-09,3.4719561379420276
1946-01-10,3.493135070383474
1946-01-11,3.503614475594624
1946-01-12,3.4860964032166506
1946-01-14,3.536644801063292
1946-01-15,3.544425419625631
1946-01-16,3.549387615213107
1946-01-17,3.5401592074135526
1946-01-18,3.533432904919467
1946-01-19,3.5037520685181436
1946-01-21,3.442436407319076
1946-01-22,3.463779513044454
1946-01-23,3.502227465639248
1946-01-24,3.516586598248369
1946-01-25,3.511663377010821
1946-01-26,3.5151750403878315
1946-01-28,3.5956725488127126
1946-01-29,3.6039425956749818
1946-01-30,3.587004065475309
1946-01-31,3.578036555311621
1946-02-01,3.5984313636768976
1946-02-02,3.617862893040753
1946-02-04,3.598326433418333
1946-02-05,3.611280408578639
1946-02-06,3.588529342004594
1946-02-07,3.5867350773335915
1946-02-08,3.5756161985938575
1946-02-09,3.5459385841455284
1946-02-11,3.5250175464990696
1946-02-13,3.4844798447143304
1946-02-14,3.5109618915341594
1946-02-15,3.576616878905848
1946-02-16,3.612025386007016
1946-02-18,3.5596510179099146
1946-02-19,3.442182534318887
1946-02-20,3.38435386774233
1946-02-21,3.4530562512574994
1946-02-25,3.299049942451415
1946-02-26,3.283214502727648
1946-02-27,3.3508487214838376
1946-02-28,3.3696134743241473
1946-03-01,3.362874247375499
1946-03-02,3.342697001891246
1946-03-04,3.3396885745895437
1946-03-05,3.3800988063420774
1946-03-06,3.3689444802811486
1946-03-07,3.3948853527793137
1946-03-08,3.4210259699957146
1946-03-09,3.430262740114703
1946-03-11,3.3997334017276817
1946-03-12,3.410272575273038
1946-03-13,3.3543441050385603
1946-03-14,3.352331498575537
1946-03-15,3.388201445610295
1946-03-16,3.4244552010783247
1946-03-18,3.449453724046197
1946-03-19,3.4360008545224168
1946-03-20,3.463145261273144
1946-03-21,3.4835778183146555
1946-03-22,3.4926351206422734
1946-03-23,3.505907134100714
1946-03-25,3.5584957411122247
1946-03-26,3.558851590686336
1946-03-27,3.5360749405059435
1946-03-28,3.5318316505773364
1946-03-29,3.5583203879566665
1946-03-30,3.5682836850429447
1946-04-01,3.5643585729893976
1946-04-02,3.568279367419686
1946-04-03,3.6203762461840134
1946-04-04,3.659114272018182
1946-04-05,3.6569188034549707
1946-04-06,3.6649640248225714
1946-04-08,3.6667965068349826
1946-04-09,3.7063979091088
1946-04-10,3.6993557530814933
1946-04-11,3.689737428123481
1946-04-12,3.688630506895044
1946-04-13,3.6705562174112583
1946-04-15,3.6705562174112583
1946-04-16,3.7157040588854167
1946-04-17,3.717190340508971
1946-04-18,3.731315663802905
1946-04-20,3.7331813216348064
1946-04-22,3.7301947765774983
1946-04-23,3.7208692896360547
1946-04-24,3.6929627699637844
1946-04-25,3.672651474728984
1946-04-26,3.6810985731208605
1946-04-27,3.7050257138461458
1946-04-29,3.7091012421313767
1946-04-30,3.7198576357335575
1946-05-01,3.7113019631713704
1946-05-02,3.6971990157113193
1946-05-03,3.668360863388771
1946-05-04,3.6540542560215545
1946-05-06,3.628841281655006
1946-05-07,3.6832739008798305
1946-05-08,3.6873255021707987
1946-05-09,3.692119025323621
1946-05-10,3.747500810703475
1946-05-11,3.7654888145948515
1946-05-13,3.7605936791358783
1946-05-14,3.7511921949380387
1946-05-15,3.7290601609879044
1946-05-16,3.7488241798411406
1946-05-17,3.7469497677512202
1946-05-18,3.73083788374989
1946-05-20,3.7573268327245146
1946-05-21,3.7685988132226877
1946-05-22,3.7870649474074787
1946-05-23,3.784414001944293
1946-05-24,3.7840355605440985
1946-05-27,3.8173350734768863
1946-05-28,3.861234426821871
1946-05-29,3.8685707722328324
1946-05-31,3.866636486846716
1946-06-03,3.8445966588716898
1946-06-04,3.822682457916121
1946-06-05,3.7993640949228324
1946-06-06,3.798604222103848
1946-06-07,3.803542407592583
1946-06-10,3.8100084296854906
1946-06-11,3.7753373529753524
1946-06-12,3.777980089122435
1946-06-13,3.799514575630433
1946-06-14,3.7941952552245506
1946-06-17,3.7972306114287298
1946-06-18,3.7376140908292985
1946-06-19,3.714440883466157
1946-06-20,3.6382948453551007
1946-06-21,3.666673545148871
1946-06-24,3.679140235202377
1946-06-25,3.6555937376970817
1946-06-26,3.642433600241372
1946-06-27,3.7065404316056205
1946-06-28,3.715436128641474
1946-07-01,3.7407010943162358
1946-07-02,3.7320974817993084
1946-07-03,3.7276189648211493
1946-07-05,3.721282012580953
1946-07-08,3.711978807549501
1946-07-09,3.725713129137434
1946-07-10,3.735772554586105
1946-07-11,3.7178408463240915
1946-07-12,3.6862391991303367
1946-07-15,3.622098637065469
1946-07-16,3.6144922299276314
1946-07-17,3.632564691077269
1946-07-18,3.6307484087317308
1946-07-19,3.6162254150968036
1946-07-22,3.6024837585194356
1946-07-23,3.495129742515556
1946-07-24,3.495828768464059
1946-07-25,3.520649152720154
1946-07-26,3.541420982721203
1946-07-29,3.555586666652088
1946-07-30,3.576920186652001
1946-07-31,3.6162663087051725
1946-08-01,3.634347640248698
1946-08-02,3.6376185531249217
1946-08-05,3.6197942222146096
1946-08-06,3.6071249424368586
1946-08-07,3.637424791953328
1946-08-08,3.655611915913094
1946-08-09,3.6464728861233118
1946-08-12,3.6512133008752725
1946-08-13,3.673850823340699
1946-08-14,3.6720138979290287
1946-08-15,3.637129765898703
1946-08-16,3.6080327277715134
1946-08-19,3.59829103940653
1946-08-20,3.62024061474691
1946-08-21,3.592002737951884
1946-08-22,3.534530694144654
1946-08-23,3.555030972170693
1946-08-26,3.53476729562932
1946-08-27,3.4184734516031154
1946-08-28,3.385997953812886
1946-08-29,3.398526146241994
1946-08-30,3.3825530733546567
1946-09-03,3.149495166600521
1946-09-04,3.1255590033343568
1946-09-05,3.2343284566503923
1946-09-06,3.1993977093185677
1946-09-09,3.030149570495616
1946-09-10,2.953789801319126
1946-09-11,3.0409266004580404
1946-09-12,3.0445757123785904
1946-09-13,3.100900363057594
1946-09-16,3.1238470257442206
1946-09-17,3.10260486596916
1946-09-18,3.0036317707447435
1946-09-19,2.9162260862160716
1946-09-20,2.985632267068014
1946-09-23,2.937862150794926
1946-09-24,2.988393379788599
1946-09-25,3.059517142227568
1946-09-26,3.093171830792071
1946-09-27,3.0718289451596057
1946-09-30,3.038653192551882
1946-10-01,3.028929502335716
1946-10-02,3.0577043326079054
1946-10-03,3.044250433544431
1946-10-04,3.010154828688733
1946-10-05,2.9905888223022568
1946-10-07,2.9875982334799547
1946-10-08,2.9550334127350233
1946-10-09,2.870519457130802
1946-10-10,2.9058268464535106
1946-10-11,2.9659774621750983
1946-10-14,2.9941542480657617
1946-10-15,3.109129771191487
1946-10-16,3.1022896856948656
1946-10-17,3.0479996161952054
1946-10-18,3.0403796171547177
1946-10-19,3.03551500976727
1946-10-21,3.042800245790711
1946-10-22,3.0245434443159667
1946-10-23,2.9970200989726914
1946-10-24,2.9997174170617664
1946-10-25,2.9847188299764578
1946-10-26,2.9823310549124766
1946-10-28,2.930140261451508
1946-10-29,2.9031829710461543
1946-10-30,2.9014410612635264
1946-10-31,2.9951576075423385
1946-11-01,3.0505680232818717
1946-11-02,3.0694815450262194
1946-11-04,3.092809604768419
1946-11-06,2.9780663684315103
1946-11-07,2.991169860452609
1946-11-08,3.008518645643234
1946-11-09,3.038002128370538
1946-11-12,3.0243311187928708
1946-11-13,3.000438902954407
1946-11-14,3.0169413169206565
1946-11-15,2.9888837626732943
1946-11-16,2.9864926556631555
1946-11-18,2.9590169232310544
1946-11-19,2.946589052153484
1946-11-20,2.9268469055040556
1946-11-21,2.875919769348285
1946-11-22,2.861252578524609
1946-11-23,2.9067464945231505
1946-11-25,2.898898278987938
1946-11-26,2.9360041769589835
1946-11-27,2.962134614133918
1946-11-29,2.992348387198084
1946-11-30,2.9944430310691224
1946-12-02,2.948328608390658
1946-12-03,2.9595322571025426
1946-12-04,3.0116200248275478
1946-12-05,2.995056114690996
1946-12-06,3.0082343615956364
1946-12-07,3.032601059924561
1946-12-09,3.1269149528882147
1946-12-10,3.125351495411771
1946-12-11,3.1300395226548887
1946-12-12,3.0940440681443575
1946-12-13,3.098994538653389
1946-12-14,3.1169687069775787
1946-12-16,3.114786828882694
1946-12-17,3.102016202884275
1946-12-18,3.109150840150909
1946-12-19,3.154544442417112
1946-12-20,3.1640080757443627
1946-12-21,3.1706524927034256
1946-12-23,3.1465555337588795
1946-12-24,3.141521044904865
1946-12-26,3.1167030286501167
1946-12-27,3.1123396444100067
1946-12-28,3.1241665350587646
1946-12-30,3.1197927019096823
1946-12-31,3.142879167903814
1947-01-02,3.124650468729972
1947-01-03,3.129024979386194
1947-01-04,3.1377862493284754
1947-01-06,3.1641436538228342
1947-01-07,3.1416782338806923
1947-01-08,3.1470190868782897
1947-01-09,3.153627826960734
1947-01-10,3.115468930254509
1947-01-11,3.0749678341612
1947-01-13,3.0251533552477885
1947-01-14,3.034833845984582
1947-01-15,3.0193561933700606
1947-01-16,3.0166387727960275
1947-01-17,3.06792163193356
1947-01-18,3.101055185558442
1947-01-20,3.066943578517299
1947-01-21,3.056822664708192
1947-01-22,3.0659931327023164
1947-01-23,3.0908276770772054
1947-01-24,3.099481994573021
1947-01-25,3.098242201775192
1947-01-27,3.119929897187618
1947-01-28,3.140521434509056
1947-01-29,3.1769514831493613
1947-01-30,3.1712329704796924
1947-01-31,3.1829665324704672
1947-02-01,3.201746035012043
1947-02-03,3.2116714477205806
1947-02-04,3.214883119168301
1947-02-05,3.2225988386543047
1947-02-06,3.216798160744727
1947-02-07,3.262798374443377
1947-02-08,3.275197008266262
1947-02-10,3.252270629208398
1947-02-11,3.2669058470398356
1947-02-13,3.2329300262306213
1947-02-14,3.226787459180783
1947-02-15,3.226464780434865
1947-02-17,3.2316271240835612
1947-02-18,3.2271028461098443
1947-02-19,3.2019314439101874
1947-02-20,3.208655499942399
1947-02-21,3.220527525292186
1947-02-24,3.198627938120199
1947-02-25,3.1570457749246366
1947-02-26,3.1216868622454808
1947-02-27,3.1600836106511
1947-02-28,3.148391301291691
1947-03-01,3.149650657812207
1947-03-03,3.138311915444083
1947-03-04,3.1367427594863613
1947-03-05,3.17156060411666
1947-03-06,3.1845640025935387
1947-03-07,3.0906193645170292
1947-03-08,3.0748572057579926
1947-03-10,3.0613278340526575
1947-03-11,3.033163617979373
1947-03-12,3.0553057123906227
1947-03-13,3.0540835901056664
1947-03-14,3.0180454037424194
1947-03-15,3.0144237492579284
1947-03-17,3.024672790005406
1947-03-18,3.053104714231457
1947-03-19,3.069286169216884
1947-03-20,3.062840668261529
1947-03-21,3.0910188024095353
1947-03-22,3.098437247535318
1947-03-24,3.078297405426339
1947-03-25,3.057980642550525
1947-03-26,3.0919242276828363
1947-03-27,3.13273762748825
1947-03-28,3.1242792358940314
1947-03-29,3.117718249498654
1947-03-31,3.0955824499272135
1947-04-01,3.0989875906221336
1947-04-02,3.1002271856583823
1947-04-03,3.08999643594571
1947-04-05,3.0890694370149263
1947-04-07,3.061267812081792
1947-04-08,3.023614217993186
1947-04-09,3.020590603775193
1947-04-10,3.0248194306204783
1947-04-11,3.004553140435321
1947-04-12,2.972404421832663
1947-04-14,2.8847184913885995
1947-04-15,2.883853075841183
1947-04-16,2.911538065369258
1947-04-17,2.9147407572411645
1947-04-18,2.8797638681542703
1947-04-19,2.911729247090783
1947-04-21,2.9347319081428003
1947-04-22,2.9517533532100284
1947-04-23,2.954409931227917
1947-04-24,2.938160676606164
1947-04-25,2.913773942990333
1947-04-26,2.916687716933323
1947-04-28,2.9152293730748564
1947-04-29,2.9108565290152444
1947-04-30,2.946951149975033
1947-05-01,2.972000234749821
1947-05-02,2.98626583587662
1947-05-03,2.9925369941319606
1947-05-05,2.993135501530787
1947-05-06,2.963204146515479
1947-05-07,2.9614262240275697
1947-05-08,2.9469152355298345
1947-05-09,2.941316096582328
1947-05-10,2.9471987287754926
1947-05-12,2.9150742626318396
1947-05-13,2.865226492740835
1947-05-14,2.851759928224953
1947-05-15,2.87314812768664
1947-05-16,2.8162597947584445
1947-05-17,2.7748607757754953
1947-05-19,2.776248206163383
1947-05-20,2.790684696835433
1947-05-21,2.830870556469863
1947-05-22,2.858046913811974
1947-05-23,2.869193296775841
1947-05-24,2.869193296775841
1947-05-26,2.853412733643574
1947-05-27,2.850273979636566
1947-05-28,2.8961633907087148
1947-05-29,2.9190430814953134
1947-06-02,2.890436459296659
1947-06-03,2.9202079548274145
1947-06-04,2.9102792477810016
1947-06-05,2.9096971919314454
1947-06-06,2.9248276173294894
1947-06-09,2.914298237907103
1947-06-10,2.934115465924871
1947-06-11,3.0013067100945503
1947-06-12,2.996804750029409
1947-06-13,3.0273721584797086
1947-06-16,3.0273721584797086
1947-06-17,3.019198253651813
1947-06-18,3.017386734699622
1947-06-19,3.0475606020466186
1947-06-20,3.0627984050568515
1947-06-23,3.0793375164441588
1947-06-24,3.0251411761547415
1947-06-25,3.0463171643878244
1947-06-26,3.0597209599111306
1947-06-27,3.061250820391086
1947-06-30,3.0731896985906113
1947-07-01,3.118365587159893
1947-07-02,3.123666808658065
1947-07-03,3.157402410191572
1947-07-07,3.16561165645807
1947-07-08,3.178590664249548
1947-07-09,3.156976247732651
1947-07-10,3.181600662464966
1947-07-11,3.217870910017067
1947-07-14,3.2429703031152
1947-07-15,3.2377815506302157
1947-07-16,3.2338962127694595
1947-07-17,3.212229108143904
1947-07-18,3.218974789271006
1947-07-21,3.2138244296081724
1947-07-22,3.2167168715948193
1947-07-23,3.2385905463216638
1947-07-24,3.272595747058041
1947-07-25,3.2699776704603947
1947-07-28,3.2451258401648957
1947-07-29,3.1792497856095485
1947-07-30,3.1585846620030864
1947-07-31,3.2002779795415273
1947-08-01,3.207958646692427
1947-08-04,3.174595876766826
1947-08-05,3.1828498260464193
1947-08-06,3.170754996707443
1947-08-07,3.1745599027034923
1947-08-08,3.140592111744565
1947-08-11,3.1245750919746675
1947-08-12,3.151133980256452
1947-08-13,3.1489281864702727
1947-08-14,3.1552260428432133
1947-08-15,3.181414418998812
1947-08-18,3.1731427415094147
1947-08-19,3.1636233132848863
1947-08-20,3.1500197330377615
1947-08-21,3.1591547902635706
1947-08-22,3.1661049308021503
1947-08-25,3.118929967333198
1947-08-26,3.119865646323398
1947-08-27,3.1251694179221476
1947-08-28,3.122981799329602
1947-08-29,3.1451549701048425
1947-09-02,3.1608807449553664
1947-09-03,3.157719864210411
1947-09-04,3.1166695059756755
1947-09-05,3.110124500013127
1947-09-08,3.068448831712951
1947-09-09,3.073358349843692
1947-09-10,3.101018574992285
1947-09-11,3.1124923437197567
1947-09-12,3.1037773651573413
1947-09-15,3.091362255696712
1947-09-16,3.116711426193425
1947-09-17,3.161280399587991
1947-09-18,3.1521126864291857
1947-09-19,3.1458084610563275
1947-09-22,3.1417189100569543
1947-09-23,3.1018190798992307
1947-09-24,3.1098838095069685
1947-09-25,3.0924684601737296
1947-09-26,3.0881390043294865
1947-09-29,3.101726815948536
1947-09-30,3.128401666565693
1947-10-01,3.1437308347318647
1947-10-02,3.144045207815338
1947-10-03,3.164795906186919
1947-10-04,3.170492538818056
1947-10-06,3.172711883595228
1947-10-07,3.1720773412185093
1947-10-08,3.1546309158418078
1947-10-09,3.1694576811462642
1947-10-10,3.1795999457259327
1947-10-11,3.184051385649949
1947-10-14,3.2279912947719183
1947-10-15,3.239612063433097
1947-10-16,3.2422037530838432
1947-10-17,3.245770177212236
1947-10-18,3.2600515659919695
1947-10-20,3.282871926953913
1947-10-21,3.2782759062561775
1947-10-22,3.2697523888999114
1947-10-23,3.2736760917665917
1947-10-24,3.231118302573626
1947-10-25,3.2356418681972294
1947-10-27,3.236288996570869
1947-10-28,3.238554398868468
1947-10-29,3.2252763258331076
1947-10-30,3.185282899392777
1947-10-31,3.2056687099488905
1947-11-01,3.212721181110778
1947-11-03,3.208223371457223
1947-11-05,3.1899364982399168
1947-11-06,3.1915314664890366
1947-11-07,3.1851484035560587
1947-11-08,3.1861039480771254
1947-11-10,3.1972553118953955
1947-11-12,3.1905410757404153
1947-11-13,3.170121612855677
1947-11-14,3.171389661500819
1947-11-15,3.1758296070269205
1947-11-17,3.1736065263020015
1947-11-18,3.197725935901897
1947-11-19,3.2076388863031933
1947-11-20,3.2185448585166245
1947-11-21,3.207601805997668
1947-11-22,3.2043942041916704
1947-11-24,3.188051793750293
1947-11-25,3.178806443548417
1947-11-26,3.1740382338830946
1947-11-28,3.1464241012483116
1947-11-29,3.1417044650964394
1947-12-01,3.15898383965447
1947-12-02,3.16593360410171
1947-12-03,3.1425056954313573
1947-12-04,3.124279162397855
1947-12-05,3.080851682040525
1947-12-06,3.081467852376933
1947-12-08,3.105811448410711
1947-12-09,3.119787599928559
1947-12-10,3.1269631114083944
1947-12-11,3.1313408597643666
1947-12-12,3.1516945753528347
1947-12-13,3.171865420635093
1947-12-15,3.189945053532713
1947-12-16,3.1867551084791805
1947-12-17,3.1972714003371623
1947-12-18,3.1947135832168927
1947-12-19,3.2071729661914388
1947-12-20,3.2334717845142085
1947-12-22,3.2260347994098257
1947-12-23,3.2366807142478784
1947-12-24,3.2344150377479046
1947-12-26,3.2101569249647954
1947-12-27,3.2050206738848517
1947-12-29,3.191880089121924
1947-12-30,3.2199686339061966
1947-12-31,3.2367124708025092
1948-01-02,3.2499829919327996
1948-01-05,3.220733145005404
1948-01-06,3.201408746135372
1948-01-07,3.2206171986121843
1948-01-08,3.239296778364135
1948-01-09,3.227635309962024
1948-01-10,3.2295718911480007
1948-01-12,3.209871502611998
1948-01-13,3.1662172501764747
1948-01-14,3.162417789476263
1948-01-15,3.152930536107834
1948-01-16,3.153245829161445
1948-01-17,3.1516692062468645
1948-01-19,3.1106975065656552
1948-01-20,3.1122528553189377
1948-01-21,3.081752777336812
1948-01-22,3.0580232809513186
1948-01-23,3.050072420420845
1948-01-24,3.050987442146971
1948-01-26,3.046105862239536
1948-01-27,3.0509796316191196
1948-01-28,3.0753874686720724
1948-01-29,3.1055262658650586
1948-01-30,3.106457923744818
1948-01-31,3.1098750274609377
1948-02-02,3.1098750274609377
1948-02-03,3.091837752301664
1948-02-04,3.0355663052097737
1948-02-05,3.002478632482987
1948-02-06,3.007582846158208
1948-02-07,3.026229859804389
1948-02-09,3.026229859804389
1948-02-10,2.942705915673788
1948-02-11,2.9347606097014687
1948-02-13,2.9338801815185582
1948-02-14,2.9391611658452916
1948-02-16,2.9770763448846957
1948-02-17,2.983625912843442
1948-02-18,2.9794488365654614
1948-02-19,2.9728940491250175
1948-02-20,2.9604078941186924
1948-02-21,2.965440587538694
1948-02-24,2.9695922043612484
1948-02-25,2.98711279836698
1948-02-26,2.971878523095308
1948-02-27,2.958802257593689
1948-02-28,2.9741880293331766
1948-03-01,2.989058969479842
1948-03-02,3.0063955115028254
1948-03-03,3.0145127793838826
1948-03-04,3.005770692323669
1948-03-05,3.00967819422369
1948-03-06,3.0223188426394296
1948-03-08,3.0017670745094813
1948-03-09,2.9834562953549737
1948-03-10,2.996285157425
1948-03-11,2.9956859003935152
1948-03-12,2.9959854689835543
1948-03-13,3.0094674035939804
1948-03-15,3.0085645633729023
1948-03-16,2.9586223916209122
1948-03-17,2.979036886123096
1948-03-18,3.001975470146244
1948-03-19,3.0503072752155984
1948-03-20,3.1180240967253847
1948-03-22,3.1339260196186847
1948-03-23,3.1358063752304557
1948-03-24,3.1364335365055016
1948-03-25,3.148038340590572
1948-03-27,3.14205706774345
1948-03-29,3.1386008049689322
1948-03-30,3.1684175126161374
1948-03-31,3.214676408300333
1948-04-01,3.2217486963985937
1948-04-02,3.2256147948342724
1948-04-03,3.2294855325880736
1948-04-05,3.2375592464195435
1948-04-06,3.253099530802357
1948-04-07,3.246268021787672
1948-04-08,3.255357572248677
1948-04-09,3.2586129298209254
1948-04-10,3.261871542750746
1948-04-12,3.2556739868195192
1948-04-13,3.255999554218201
1948-04-14,3.256325154173623
1948-04-15,3.2830270204378467
1948-04-16,3.2958308258175544
1948-04-17,3.293523744239482
1948-04-19,3.3109794200839517
1948-04-20,3.3066751468378426
1948-04-21,3.321555184998613
1948-04-22,3.3491240930341015
1948-04-23,3.3648649762713614
1948-04-24,3.361163624797463
1948-04-26,3.323182475837252
1948-04-27,3.3284995677985916
1948-04-28,3.3368208167180877
1948-04-29,3.337488180881431
1948-04-30,3.3314807021558446
1948-05-01,3.3234851484706707
1948-05-03,3.34741424153966
1948-05-04,3.3504269143570453
1948-05-05,3.33132948094521
1948-05-06,3.3526499896232593
1948-05-07,3.3694132395713754
1948-05-08,3.378173713994261
1948-05-10,3.3866191482792463
1948-05-11,3.4018589344465027
1948-05-12,3.408322466421951
1948-05-13,3.427749904480556
1948-05-14,3.4969904525510636
1948-05-15,3.5302118618502987
1948-05-17,3.543273645739145
1948-05-18,3.508903891375475
1948-05-19,3.515219918379951
1948-05-20,3.5429901557351524
1948-05-21,3.5543277242335054
1948-05-22,3.560725514137126
1948-05-24,3.5560965709687475
1948-05-25,3.543650232970357
1948-05-26,3.573771259950605
1948-05-27,3.5698401115646594
1948-05-28,3.575551855743163
1948-06-01,3.5816302938979265
1948-06-02,3.589509880544502
1948-06-03,3.5780234489267593
1948-06-04,3.5511882730598088
1948-06-07,3.541600064722547
1948-06-08,3.59543238570633
1948-06-09,3.6141286341120034
1948-06-10,3.618104175609527
1948-06-11,3.6242549527080636
1948-06-14,3.624979803698605
1948-06-15,3.6358547431097006
1948-06-16,3.617675469394152
1948-06-17,3.6136960263778186
1948-06-18,3.606468634325063
1948-06-21,3.5743710634795702
1948-06-22,3.5718690037351344
1948-06-23,3.600086768864642
1948-06-24,3.595406656065118
1948-06-25,3.5824631921032832
1948-06-28,3.5412648653940955
1948-06-29,3.5540134189095145
1948-06-30,3.571783486004062
1948-07-01,3.564282740683453
1948-07-02,3.5885198633201005
1948-07-06,3.592826087156085
1948-07-07,3.582766174112048
1948-07-08,3.5845575571991035
1948-07-09,3.6049895352751387
1948-07-12,3.603908038414556
1948-07-13,3.587330061437849
1948-07-14,3.5919935905177187
1948-07-15,3.5338032943513316
1948-07-16,3.484330048230413
1948-07-19,3.373876785701509
1948-07-20,3.4221232237370405
1948-07-21,3.4399182645004736
1948-07-22,3.4615897495668264
1948-07-23,3.4737053136903104
1948-07-26,3.449042005963109
1948-07-27,3.4787037672143915
1948-07-28,3.4644410817688125
1948-07-29,3.439497105980077
1948-07-30,3.389968347653964
1948-08-02,3.3892903539844332
1948-08-03,3.3926796443384175
1948-08-04,3.436445211750383
1948-08-05,3.430946899411582
1948-08-06,3.434034751621052
1948-08-09,3.406219070132922
1948-08-10,3.3742006108736726
1948-08-11,3.3492315263532078
1948-08-12,3.3612887598480796
1948-08-13,3.3609526309720947
1948-08-16,3.364649678866164
1948-08-17,3.398969105590599
1948-08-18,3.399309002501158
1948-08-19,3.40542775870566
1948-08-20,3.428244124688988
1948-08-23,3.3932760346171604
1948-08-24,3.4041345179279356
1948-08-25,3.398347489247458
1948-08-26,3.4020856714856302
1948-08-27,3.419096099843058
1948-08-30,3.4037101673937644
1948-08-31,3.398604602142674
1948-09-01,3.440747299209243
1948-09-02,3.464144380843866
1948-09-03,3.4620658942153595
1948-09-07,3.4762603643816425
1948-09-08,3.4258545890981087
1948-09-09,3.3700131592958096
1948-09-10,3.367991151400232
1948-09-13,3.34306801687987
1948-09-14,3.369478254213221
1948-09-15,3.3671196194352717
1948-09-16,3.3684664672830458
1948-09-17,3.3519609815933586
1948-09-20,3.291290487826519
1948-09-21,3.311696488851043
1948-09-22,3.3282549712952982
1948-09-23,3.317271729890024
1948-09-24,3.322911091830837
1948-09-27,3.246816427827911
1948-09-28,3.276687138963928
1948-09-29,3.3081433354979817
1948-09-30,3.2972264624908383
1948-10-01,3.3301987271157465
1948-10-02,3.3475157604967487
1948-10-04,3.3655923456034316
1948-10-05,3.3534762131592593
1948-10-06,3.364542684662685
1948-10-07,3.38304766942833
1948-10-08,3.377296488390302
1948-10-09,3.379322866283336
1948-10-11,3.377971137136823
1948-10-13,3.4100618629396227
1948-10-14,3.4209740609010297
1948-10-15,3.418921476464489
1948-10-16,3.4264431037127108
1948-10-18,3.435694500092735
1948-10-19,3.449437278093106
1948-10-20,3.4656496333001434
1948-10-21,3.4701549778234337
1948-10-22,3.517696101019615
1948-10-23,3.528600958932776
1948-10-25,3.5095465137545387
1948-10-26,3.5074407858462857
1948-10-27,3.5021796246675163
1948-10-28,3.4787150211822437
1948-10-29,3.4860203227267266
1948-10-30,3.494038169468998
1948-11-01,3.5212916671908565
1948-11-03,3.3652984463343016
1948-11-04,3.415777923029316
1948-11-05,3.2815378506542636
1948-11-06,3.293351386916619
1948-11-08,3.2999380896904524
1948-11-09,3.20060995319077
1948-11-10,3.1942087332843885
1948-11-12,3.2066661473441975
1948-11-13,3.2143621460978236
1948-11-15,3.2513273107779486
1948-11-16,3.2614064254413604
1948-11-17,3.2512960655224923
1948-11-18,3.2600745648994027
1948-11-19,3.2734408706154903
1948-11-20,3.2790057200955367
1948-11-22,3.258347984058935
1948-11-23,3.2508537836955993
1948-11-24,3.202741147696904
1948-11-26,3.201780325352595
1948-11-27,3.2001794351899187
1948-11-29,3.1777781791435893
1948-11-30,3.167927066788244
1948-12-01,3.2176635217368195
1948-12-02,3.229247110415072
1948-12-03,3.2470079695223553
1948-12-04,3.2729840332785343
1948-12-06,3.2772389125217964
1948-12-07,3.2792052558693094
1948-12-08,3.2739585274599183
1948-12-09,3.2651188394357766
1948-12-10,3.2706695414628175
1948-12-11,3.2948724960696425
1948-12-13,3.2932250598216077
1948-12-14,3.2767589345225
1948-12-15,3.2652902782516713
1948-12-16,3.257453581583867
1948-12-17,3.263968488747035
1948-12-18,3.2623365045026618
1948-12-20,3.265598841007164
1948-12-21,3.2584145235569486
1948-12-22,3.25906620646166
1948-12-23,3.262325272668121
1948-12-24,3.2838566194677306
1948-12-27,3.271377964313753
1948-12-28,3.2481511807671253
1948-12-29,3.2845304739917176
1948-12-30,3.2868296453235115
1948-12-31,3.271381545990491
1949-01-03,3.226236480655822
1949-01-04,3.239786673874576
1949-01-05,3.2725085192807093
1949-01-06,3.3376314388143955
1949-01-07,3.3643324903249106
1949-01-08,3.366014656570073
1949-01-10,3.342789155439739
1949-01-11,3.344126271101915
1949-01-12,3.3417853827121435
1949-01-13,3.325076455798583
1949-01-14,3.297478321215455
1949-01-15,3.304073277857886
1949-01-17,3.312994275708102
1949-01-18,3.3219393602525136
1949-01-19,3.3315729843972455
1949-01-20,3.346565062827033
1949-01-21,3.341879871739075
1949-01-22,3.34655850355951
1949-01-24,3.3358495163481194
1949-01-25,3.314166494491857
1949-01-26,3.3042239950083814
1949-01-27,3.291337521427849
1949-01-28,3.2781721713421375
1949-01-29,3.283745064033419
1949-01-31,3.2791478209437726
1949-02-01,3.295543560048491
1949-02-02,3.3018050928125833
1949-02-03,3.293880760589833
1949-02-04,3.2504015345500474
1949-02-05,3.202945672145617
1949-02-07,3.1802047578733834
1949-02-08,3.175752471212361
1949-02-09,3.1944894107925137
1949-02-10,3.156794435745162
1949-02-11,3.156794435745162
1949-02-14,3.161845306842354
1949-02-15,3.1744926880697237
1949-02-16,3.1925872963917215
1949-02-17,3.219724288411051
1949-02-18,3.2129628674053876
1949-02-19,3.208786015677761
1949-02-21,3.2007640506385666
1949-02-23,3.178038625879033
1949-02-24,3.149118474383534
1949-02-25,3.1434500611296436
1949-02-26,3.156652551386388
1949-02-28,3.1841154285834494
1949-03-01,3.200672828812084
1949-03-02,3.2003527615292024
1949-03-03,3.198432549872285
1949-03-04,3.205469101482004
1949-03-05,3.2339977764851935
1949-03-07,3.2498443655899707
1949-03-08,3.261218820869536
1949-03-09,3.2560008707561443
1949-03-10,3.2595824717139763
1949-03-11,3.289570630453745
1949-03-12,3.300755170597288
1949-03-14,3.300755170597288
1949-03-15,3.279960413022525
1949-03-16,3.2674965634530393
1949-03-17,3.280239800050506
1949-03-18,3.2733512964704
1949-03-19,3.2723692910814592
1949-03-21,3.2658245524992964
1949-03-22,3.241330868355552
1949-03-23,3.27212351160493
1949-03-24,3.283903156246708
1949-03-25,3.2674836404654743
1949-03-26,3.2697708790138
1949-03-28,3.2730406498928133
1949-03-29,3.330646165330927
1949-03-30,3.33963890997732
1949-03-31,3.3132557625884993
1949-04-01,3.292050925707933
1949-04-02,3.3019270784850567
1949-04-04,3.3058893909792393
1949-04-05,3.3075423356747287
1949-04-06,3.300927251003379
1949-04-07,3.2923448401507702
1949-04-08,3.2972833574109965
1949-04-09,3.306515750811747
1949-04-11,3.2995720677350424
1949-04-12,3.302871639802777
1949-04-13,3.3012202039828757
1949-04-14,3.2952780076157064
1949-04-16,3.3051638416385534
1949-04-18,3.308799521864356
1949-04-19,3.2982113633943904
1949-04-20,3.291944761803941
1949-04-21,3.2438823682816036
1949-04-22,3.245504309465744
1949-04-23,3.2581617762726607
1949-04-25,3.249364739476724
1949-04-26,3.260737516064893
1949-04-27,3.2626939585745314
1949-04-28,3.245727949989944
1949-04-29,3.245078804399946
1949-04-30,3.251893469889186
1949-05-02,3.2567713100940203
1949-05-03,3.268821363941368
1949-05-04,3.2998751668988113
1949-05-05,3.301195116965571
1949-05-06,3.2886505755211015
1949-05-07,3.2876639803484453
1949-05-09,3.279773586795609
1949-05-10,3.2741979716980563
1949-05-11,3.2791092686556036
1949-05-12,3.2876349527541078
1949-05-13,3.2912513512021375
1949-05-14,3.299808604715263
1949-05-16,3.307728145366579
1949-05-17,3.299128052188626
1949-05-18,3.292529796084249
1949-05-19,3.273103870287352
1949-05-20,3.260338765193231
1949-05-21,3.2609908329462693
1949-05-23,3.2332724108662263
1949-05-24,3.214519430883202
1949-05-25,3.2228771814034984
1949-05-26,3.2257777708667614
1949-05-27,3.2199713708792013
1949-05-31,3.1552499463245294
1949-06-01,3.1476773464533507
1949-06-02,3.1511397915344497
1949-06-03,3.13380852268101
1949-06-06,3.085861252283991
1949-06-07,3.091107216412874
1949-06-08,3.11181763476284
1949-06-09,3.1108840894724112
1949-06-10,3.0884857240282098
1949-06-13,3.031657586706091
1949-06-14,3.0419652225008917
1949-06-15,3.0927660417166565
1949-06-16,3.0881268926540817
1949-06-17,3.0915238322360015
1949-06-20,3.1286221182228333
1949-06-21,3.1339407758238123
1949-06-22,3.130493440970406
1949-06-23,3.1495894509603253
1949-06-24,3.153368958301478
1949-06-27,3.152107610718158
1949-06-28,3.1253146960270537
1949-06-29,3.1434415212640108
1949-06-30,3.158844384718204
1949-07-01,3.181272179849704
1949-07-05,3.1955879046590274
1949-07-06,3.2233895194295608
1949-07-07,3.222422502573732
1949-07-08,3.2230669870742465
1949-07-11,3.2266123607600283
1949-07-12,3.242745422563828
1949-07-13,3.2742000531626974
1949-07-14,3.283040393306236
1949-07-15,3.27450448828364
1949-07-18,3.2846554521973195
1949-07-19,3.30863343699836
1949-07-20,3.3221988340900532
1949-07-21,3.309242258637102
1949-07-22,3.3099041070888298
1949-07-25,3.3188408481779694
1949-07-26,3.3380901250974016
1949-07-27,3.342763451272538
1949-07-28,3.337080753405375
1949-07-29,3.33407738072731
1949-08-01,3.351414583107092
1949-08-02,3.3618039683147245
1949-08-03,3.361467787917893
1949-08-04,3.360459347581518
1949-08-05,3.3987685841439474
1949-08-08,3.4351354079942875
1949-08-09,3.4224254069847087
1949-08-10,3.4433022019673154
1949-08-11,3.434693946462397
1949-08-12,3.4254202728069485
1949-08-15,3.4161716380703697
1949-08-16,3.4288114731312302
1949-08-17,3.464471112451795
1949-08-18,3.477982549790357
1949-08-19,3.4623316283163006
1949-08-22,3.4502134676171936
1949-08-23,3.4081208633122637
1949-08-24,3.4111881720892443
1949-08-25,3.420057261336676
1949-08-26,3.4262133644070825
1949-08-29,3.4025724921926734
1949-08-30,3.4155022676630056
1949-08-31,3.420283970837734
1949-09-01,3.443883930236514
1949-09-02,3.4456058722016323
1949-09-06,3.44078202398055
1949-09-07,3.4628030289340255
1949-09-08,3.4707674759005736
1949-09-09,3.466949631677083
1949-09-12,3.495725313620003
1949-09-13,3.546762903198855
1949-09-14,3.543216140295656
1949-09-15,3.524791416366119
1949-09-16,3.5350133114735804
1949-09-19,3.5123892262801495
1949-09-20,3.435116663301986
1949-09-21,3.4842388315872044
1949-09-22,3.5054926884598863
1949-09-23,3.5209168562891096
1949-09-26,3.511762472462758
1949-09-27,3.4871801351555187
1949-09-28,3.51926219239895
1949-09-29,3.528764200318427
1949-09-30,3.525941188958172
1949-10-01,3.511132235964548
1949-10-03,3.528336783920774
1949-10-04,3.5576219792273163
1949-10-05,3.5718524671442253
1949-10-06,3.5825680245456577
1949-10-07,3.5872253629775672
1949-10-08,3.5908125883405444
1949-10-10,3.58686269449337
1949-10-11,3.6166336548576647
1949-10-13,3.6180803083196076
1949-10-14,3.609035107548809
1949-10-15,3.605786975952015
1949-10-17,3.57008968489009
1949-10-18,3.5979363844322325
1949-10-19,3.613407510885291
1949-10-20,3.6087100811211403
1949-10-21,3.6054622420481315
1949-10-22,3.606543880720746
1949-10-24,3.606543880720746
1949-10-25,3.622412673795917
1949-10-26,3.6528409402558024
1949-10-27,3.6689134403929278
1949-10-28,3.6498350905028847
1949-10-29,3.6509300410300356
1949-10-31,3.6366914138700186
1949-11-01,3.663602930332657
1949-11-02,3.697308077291718
1949-11-03,3.691022653560322
1949-11-04,3.691391755825678
1949-11-05,3.696559704283834
1949-11-07,3.688796928904838
1949-11-09,3.6862147710546043
1949-11-10,3.6825285562835495
1949-11-12,3.6825285562835495
1949-11-14,3.6578556149564494
1949-11-15,3.6351769101437195
1949-11-16,3.6548068654584958
1949-11-17,3.6829488783225264
1949-11-18,3.7212515466570806
1949-11-19,3.72906617490506
1949-11-21,3.7078104977081012
1949-11-22,3.719304710250997
1949-11-23,3.725999458729449
1949-11-25,3.7055064617064373
1949-11-26,3.7095825188143148
1949-11-28,3.6958570634947017
1949-11-29,3.692161206431207
1949-11-30,3.7032376900505
1949-12-01,3.7254571161908028
1949-12-02,3.7604764130829964
1949-12-03,3.785671605050652
1949-12-05,3.7932429482607533
1949-12-06,3.7898290296073185
1949-12-07,3.7943768244428475
1949-12-08,3.798930076632179
1949-12-09,3.798550183624516
1949-12-10,3.804248008899953
1949-12-12,3.825932222550683
1949-12-13,3.848887815885987
1949-12-14,3.8627438120231767
1949-12-15,3.871241848409628
1949-12-16,3.868531979115741
1949-12-17,3.8669845663240947
1949-12-19,3.8592505971914464
1949-12-20,3.8384106439666126
1949-12-21,3.8330368690650594
1949-12-22,3.8629345566437667
1949-12-23,3.87027413230139
1949-12-27,3.850535734226653
1949-12-28,3.8694033593243633
1949-12-29,3.8775291063789443
1949-12-30,3.8957534931789253
1949-12-31,3.8930264657337
1950-01-03,3.870057609585871
1950-01-04,3.9118542317693983
1950-01-05,3.927892834119653
1950-01-06,3.93731977692154
1950-01-07,3.9625186234938377
1950-01-09,3.96766989770438
1950-01-10,3.953783053062415
1950-01-11,3.970388941885277
1950-01-12,3.898127863142965
1950-01-13,3.8786372238272504
1950-01-14,3.8844551796629916
1950-01-16,3.891447198986385
1950-01-17,3.920633052978783
1950-01-18,3.917888609841698
1950-01-19,3.924940809339413
1950-01-20,3.9339681732008938
1950-01-21,3.938295538191415
1950-01-23,3.9308127766688514
1950-01-24,3.9182341757835113
1950-01-25,3.89472477072881
1950-01-26,3.9001773854078308
1950-01-27,3.914218023995299
1950-01-28,3.9267435216720843
1950-01-30,3.953052703267287
1950-01-31,3.9585869770518616
1950-02-01,3.9589828357495667
1950-02-02,3.9977808675399125
1950-02-03,4.010973544402795
1950-02-04,4.020599880909361
1950-02-06,4.01135250118327
1950-02-07,3.9949059559284184
1950-02-08,3.99930035247994
1950-02-09,4.016497343995604
1950-02-10,4.008062699573213
1950-02-11,4.005257055683512
1950-02-14,3.9804244619382745
1950-02-15,3.983608801507825
1950-02-16,3.977235027425412
1950-02-17,4.002689331600934
1950-02-18,4.019900895726819
1950-02-20,4.014675024562374
1950-02-21,4.008653012025531
1950-02-23,4.014665991543569
1950-02-24,4.028717322513971
1950-02-25,4.02549434865596
1950-02-27,4.031130040744078
1950-02-28,4.017424198605549
1950-03-01,4.031083440880808
1950-03-02,4.03269587425716
1950-03-03,4.047616848991912
1950-03-04,4.05854541448419
1950-03-06,4.06098054173288
1950-03-07,4.03377197210327
1950-03-08,4.0414361388502655
1950-03-09,4.016379234789394
1950-03-10,4.01396940724852
1950-03-11,4.024405727707365
1950-03-13,4.022393524843512
1950-03-14,4.043712210525182
1950-03-15,4.097089211704115
1950-03-16,4.108561061496887
1950-03-17,4.101165651586192
1950-03-18,4.109367982889364
1950-03-20,4.103614867713319
1950-03-21,4.105256313660404
1950-03-22,4.127835223385537
1950-03-23,4.130724708041907
1950-03-24,4.129485490629494
1950-03-25,4.140635101454193
1950-03-27,4.106267830112124
1950-03-28,4.11858663360246
1950-03-29,4.104171580384851
1950-03-30,4.066002784687273
1950-03-31,4.067629185801147
1950-04-01,4.07861178460281
1950-04-03,4.114095707128854
1950-04-04,4.121089669830973
1950-04-05,4.134689265741416
1950-04-06,4.173141875912812
1950-04-08,4.1831574164150025
1950-04-10,4.185667310864851
1950-04-11,4.1622275739240076
1950-04-12,4.201768735876286
1950-04-13,4.206810858359337
1950-04-14,4.200921323157634
1950-04-15,4.182857361468057
1950-04-17,4.179929361315029
1950-04-18,4.196649078760289
1950-04-19,4.2021047225626775
1950-04-20,4.173110199976995
1950-04-21,4.1872987746569175
1950-04-22,4.191486073431574
1950-04-24,4.15921163066615
1950-04-25,4.1600434729922835
1950-04-26,4.152971399088196
1950-04-27,4.177058633202908
1950-04-28,4.202956396728766
1950-04-29,4.227753839469465
1950-05-01,4.252274811738388
1950-05-02,4.233139575085566
1950-05-03,4.262771552111165
1950-05-04,4.238900031419342
1950-05-05,4.257127301554445
1950-05-06,4.280541501712995
1950-05-08,4.2792573392624815
1950-05-09,4.295090591417753
1950-05-10,4.295090591417753
1950-05-11,4.304969299778014
1950-05-12,4.287318925648924
1950-05-13,4.2941786359299625
1950-05-15,4.301908157474637
1950-05-16,4.333312087024202
1950-05-17,4.350645335372299
1950-05-18,4.365002464979028
1950-05-19,4.392065480261898
1950-05-20,4.400849611222422
1950-05-22,4.381045787971922
1950-05-23,4.395503239072229
1950-05-24,4.3906681855092495
1950-05-25,4.389350985053597
1950-05-26,4.388912049955092
1950-05-27,4.386717593930115
1950-05-29,4.4011937619900845
1950-05-31,4.410436268890264
1950-06-01,4.405584788994484
1950-06-02,4.4073470229100815
1950-06-05,4.369443838513055
1950-06-06,4.4004668897664985
1950-06-07,4.419388897392494
1950-06-08,4.4551859474613735
1950-06-09,4.4801349887671575
1950-06-12,4.500743609715486
1950-06-13,4.477789817305937
1950-06-14,4.42719079237038
1950-06-15,4.4258626351326695
1950-06-16,4.426747807659696
1950-06-19,4.409926165990589
1950-06-20,4.397578372725815
1950-06-21,4.435837304568529
1950-06-22,4.469106084352793
1950-06-23,4.472681369220275
1950-06-26,4.237418329199289
1950-06-27,4.193349178575617
1950-06-28,4.245766043307812
1950-06-29,4.095041348770385
1950-06-30,4.148686390439278
1950-07-03,4.125868615291862
1950-07-05,4.160525911660314
1950-07-06,4.18923354045077
1950-07-07,4.141895201443677
1950-07-10,4.121599914956603
1950-07-11,4.062248876181227
1950-07-12,3.964754903152878
1950-07-13,3.9259003051019796
1950-07-14,3.976151829007285
1950-07-17,3.9427521536436236
1950-07-18,4.032252627531333
1950-07-19,4.101607372724873
1950-07-20,4.161901001103928
1950-07-21,4.169808613006025
1950-07-24,4.145623723050591
1950-07-25,4.090486927534018
1950-07-26,4.103576485702127
1950-07-27,4.153229761179123
1950-07-28,4.18770156819691
1950-07-31,4.204871144626517
1950-08-01,4.238089626669066
1950-08-02,4.236818199781066
1950-08-03,4.2486812907404525
1950-08-04,4.270774433452304
1950-08-07,4.320315416880351
1950-08-08,4.328956047714112
1950-08-09,4.353198201581311
1950-08-10,4.362339917804631
1950-08-11,4.3374745802731445
1950-08-14,4.3431132972275
1950-08-15,4.354405391800292
1950-08-16,4.367904048514873
1950-08-17,4.411583089000022
1950-08-18,4.437170270916222
1950-08-21,4.443826026322596
1950-08-22,4.435827139475215
1950-08-23,4.467765094879437
1950-08-24,4.468211871388925
1950-08-25,4.415933792493674
1950-08-28,4.4168169792521725
1950-08-29,4.426975658304452
1950-08-30,4.414137428895369
1950-08-31,4.408840463980695
1950-09-01,4.4313255503469975
1950-09-05,4.452595912988663
1950-09-06,4.428106635467225
1950-09-07,4.444490630018454
1950-09-08,4.480491004121604
1950-09-11,4.451367812594814
1950-09-12,4.502113405658395
1950-09-13,4.549835807758374
1950-09-14,4.570310068893286
1950-09-15,4.588591309168859
1950-09-18,4.601439364834531
1950-09-19,4.5867147588670605
1950-09-20,4.564239856548612
1950-09-21,4.601666623372311
1950-09-22,4.626975789800859
1950-09-25,4.618184535800237
1950-09-26,4.562304502917055
1950-09-27,4.620245770104101
1950-09-28,4.626252089605237
1950-09-29,4.630878341694841
1950-10-02,4.674871685940943
1950-10-03,4.665054455400467
1950-10-04,4.721501614310813
1950-10-05,4.704976358660725
1950-10-06,4.742616169530011
1950-10-07,4.756369756421648
1950-10-09,4.7168918874433485
1950-10-10,4.682930265853757
1950-10-11,4.707749796262782
1950-10-13,4.712457546059044
1950-10-14,4.690780241347172
1950-10-16,4.688434851226498
1950-10-17,4.724535799580942
1950-10-18,4.75477282869826
1950-10-19,4.75382187413252
1950-10-20,4.745740376946495
1950-10-21,4.7571301538511666
1950-10-23,4.75380016274347
1950-10-24,4.763783143085232
1950-10-25,4.7575902249992215
1950-10-26,4.658632348319237
1950-10-27,4.685186552704657
1950-10-28,4.694088407154796
1950-10-30,4.6513722026496875
1950-10-31,4.6220685577729945
1950-11-01,4.641019038859864
1950-11-02,4.684180515921261
1950-11-03,4.699638311623802
1950-11-04,4.683659541364281
1950-11-06,4.582024129316676
1950-11-08,4.649379884017631
1950-11-09,4.711216636475066
1950-11-10,4.745608517921334
1950-11-13,4.766014634548395
1950-11-14,4.777453069671311
1950-11-15,4.7698091447598365
1950-11-16,4.760269526470317
1950-11-17,4.799779763540021
1950-11-18,4.823778662357721
1950-11-20,4.824743418090192
1950-11-21,4.824260943748382
1950-11-22,4.875398109752115
1950-11-24,4.911476055764281
1950-11-25,4.907055727314093
1950-11-27,4.89233456013215
1950-11-28,4.754859958992437
1950-11-29,4.713968163345102
1950-11-30,4.7493229245701905
1950-12-01,4.7854177787969245
1950-12-02,4.756226730346263
1950-12-04,4.624479249915672
1950-12-05,4.695696230364374
1950-12-06,4.736079217945507
1950-12-07,4.728027883275
1950-12-08,4.740793558559842
1950-12-09,4.758334494726514
1950-12-11,4.802587005527471
1950-12-12,4.805468557730787
1950-12-13,4.806910198298106
1950-12-14,4.756918332235806
1950-12-15,4.737890658906863
1950-12-16,4.812749331317591
1950-12-18,4.8623206494301625
1950-12-19,4.888090948872143
1950-12-20,4.901288794434097
1950-12-21,4.907660469866862
1950-12-22,4.92434651546441
1950-12-26,4.885444177992241
1950-12-27,4.982175972716488
1950-12-28,5.008581505371885
1950-12-29,5.006077214619199
1950-12-30,5.013085722719667
1951-01-02,5.091791168566366
1951-01-03,5.07753415329438
1951-01-04,5.112569138952111
1951-01-05,5.114614166607692
1951-01-06,5.110522475274405
1951-01-08,5.135052983155722
1951-01-09,5.163809279861394
1951-01-10,5.095646997367224
1951-01-11,5.1771773493251
1951-01-12,5.161645817277124
1951-01-13,5.166291298512673
1951-01-15,5.193672642394791
1951-01-16,5.229508983627315
1951-01-17,5.258271283037265
1951-01-18,5.243022296316457
1951-01-19,5.2362063673312464
1951-01-20,5.244060676882244
1951-01-22,5.191620070113421
1951-01-23,5.208752416344796
1951-01-24,5.193126159095761
1951-01-25,5.15781290121391
1951-01-26,5.209391030226048
1951-01-27,5.263568696940399
1951-01-29,5.299887320949288
1951-01-30,5.312607050519565
1951-01-31,5.298794272188214
1951-02-01,5.330587037821344
1951-02-02,5.370566440605004
1951-02-03,5.390437536435243
1951-02-05,5.408765024059123
1951-02-06,5.3903752229773225
1951-02-07,5.375821209875284
1951-02-08,5.404313062287623
1951-02-09,5.4291729023741455
1951-02-10,5.4367737444374695
1951-02-13,5.4422105181819065
1951-02-14,5.425883886627361
1951-02-15,5.41394694207678
1951-02-16,5.43506133515088
1951-02-17,5.438865878085485
1951-02-19,5.375231147311885
1951-02-20,5.3639431619025295
1951-02-21,5.387544511814901
1951-02-23,5.401013373094438
1951-02-24,5.411815399840627
1951-02-26,5.411274218300643
1951-02-27,5.365819514866918
1951-02-28,5.373868244139219
1951-03-01,5.391602009344878
1951-03-02,5.414246737784127
1951-03-03,5.4126224637627915
1951-03-05,5.382853040212097
1951-03-06,5.372625619435693
1951-03-07,5.394116121913436
1951-03-08,5.412456116727943
1951-03-09,5.415703590397979
1951-03-10,5.404872183217183
1951-03-12,5.3535258974766196
1951-03-13,5.269475540886236
1951-03-14,5.224158051234614
1951-03-15,5.230427040896096
1951-03-16,5.314636916254523
1951-03-17,5.3257976537786575
1951-03-19,5.296505766682875
1951-03-20,5.288031357456182
1951-03-21,5.318173136193683
1951-03-22,5.335723107543123
1951-03-24,5.278097297981657
1951-03-26,5.28284758554984
1951-03-27,5.286017294101169
1951-03-28,5.226285298677826
1951-03-29,5.239873640454388
1951-03-30,5.272360857025205
1951-03-31,5.258125482711237
1951-04-02,5.230783230201139
1951-04-03,5.220321663740736
1951-04-04,5.244335143393943
1951-04-05,5.318280268915798
1951-04-06,5.337426077883895
1951-04-07,5.333156137021588
1951-04-09,5.3358227150900985
1951-04-10,5.326751816474445
1951-04-11,5.318229013568086
1951-04-12,5.370347657901053
1951-04-13,5.4396251426879765
1951-04-14,5.461383643258729
1951-04-16,5.43462286340676
1951-04-17,5.443318259988211
1951-04-18,5.464002869376166
1951-04-19,5.439414856463974
1951-04-20,5.4372390905213885
1951-04-21,5.438870262248545
1951-04-23,5.437238601169871
1951-04-24,5.413314751324724
1951-04-25,5.4214347234517115
1951-04-26,5.469143349018086
1951-04-27,5.519459467829053
1951-04-28,5.528842548924363
1951-04-30,5.527736780414578
1951-05-01,5.545425538111905
1951-05-02,5.560952729618618
1951-05-03,5.601547684544835
1951-05-04,5.604348458387107
1951-05-05,5.588095847857784
1951-05-07,5.576919656162069
1951-05-08,5.596438874958636
1951-05-09,5.608751040483545
1951-05-10,5.580146410177079
1951-05-11,5.551129648844158
1951-05-12,5.520043322810631
1951-05-14,5.515627288152382
1951-05-15,5.431238190643651
1951-05-16,5.414401352252655
1951-05-17,5.4669210453695065
1951-05-18,5.379997000748131
1951-05-19,5.383762998648654
1951-05-21,5.36115119405433
1951-05-22,5.344531625352762
1951-05-23,5.310326622950505
1951-05-24,5.288554283796408
1951-05-25,5.293313982651824
1951-05-26,5.302841947820598
1951-05-28,5.329886441754484
1951-05-29,5.368794612779292
1951-05-31,5.398322983149578
1951-06-01,5.390765330973169
1951-06-04,5.339553060328924
1951-06-05,5.349164255837516
1951-06-06,5.397306734140053
1951-06-07,5.424832998484168
1951-06-08,5.415068299086896
1951-06-11,5.44268514741224
1951-06-12,5.4209144068225905
1951-06-13,5.42579322978873
1951-06-14,5.477880844794702
1951-06-15,5.514034858370346
1951-06-18,5.511829244426998
1951-06-19,5.506317415182571
1951-06-20,5.482089618555768
1951-06-21,5.451938125653712
1951-06-22,5.409413008273613
1951-06-25,5.327189930547854
1951-06-26,5.339975186381168
1951-06-27,5.3645390722385216
1951-06-28,5.306602050258346
1951-06-29,5.26786385529146
1951-07-02,5.299997824808738
1951-07-03,5.33762780936488
1951-07-05,5.420894803190973
1951-07-06,5.421436892671292
1951-07-09,5.434448341213703
1951-07-10,5.414884327185334
1951-07-11,5.426797072705141
1951-07-12,5.451217659532314
1951-07-13,5.489376183149039
1951-07-16,5.449303737012051
1951-07-17,5.48526914167633
1951-07-18,5.483623560933827
1951-07-19,5.488558822138667
1951-07-20,5.497889372136303
1951-07-23,5.544621431799461
1951-07-24,5.611711351124235
1951-07-25,5.602171441827323
1951-07-26,5.630742516180644
1951-07-27,5.647071669477567
1951-07-30,5.680954099494433
1951-07-31,5.645164088667618
1951-08-01,5.683551204470557
1951-08-02,5.742660136997051
1951-08-03,5.752422659229946
1951-08-06,5.790963891046786
1951-08-07,5.789805698268577
1951-08-08,5.780542009151347
1951-08-09,5.760310112119318
1951-08-10,5.751093615939927
1951-08-13,5.758570037640649
1951-08-14,5.7545390386143
1951-08-15,5.7775571947687565
1951-08-16,5.808178247901031
1951-08-17,5.8250219648199435
1951-08-20,5.821526951641051
1951-08-21,5.799987301919979
1951-08-22,5.773887359061339
1951-08-23,5.810262849423426
1951-08-24,5.812005928278253
1951-08-27,5.803869119978663
1951-08-28,5.809672989098641
1951-08-29,5.854988438413611
1951-08-30,5.894802359794823
1951-08-31,5.901286642390597
1951-09-04,5.907778057697228
1951-09-05,5.953858726547266
1951-09-06,5.973506460344873
1951-09-07,5.999192538124356
1951-09-10,6.025588985292103
1951-09-11,5.998473834858289
1951-09-12,6.0362642200178955
1951-09-13,6.053769386255947
1951-09-14,6.051347878501445
1951-09-17,6.033193834865941
1951-09-18,6.028970599181534
1951-09-19,6.033793775660879
1951-09-20,6.0253464643749535
1951-09-21,5.980758900538579
1951-09-24,5.952649333706047
1951-09-25,5.974078871307389
1951-09-26,5.983637397501481
1951-09-27,5.954915937993474
1951-09-28,5.952533971618276
1951-10-01,5.98943968224231
1951-10-02,6.029568928113333
1951-10-03,6.066349298574824
1951-10-04,6.058463044486677
1951-10-05,6.066944892748959
1951-10-06,6.068764976216783
1951-10-08,6.063303087738188
1951-10-09,6.034805563225818
1951-10-10,6.021528990986722
1951-10-11,6.04922802434526
1951-10-13,6.066770785615861
1951-10-15,6.078904327187093
1951-10-16,6.055804490743782
1951-10-17,6.040664979516922
1951-10-18,6.033416181541502
1951-10-19,5.949551696618075
1951-10-20,5.896005731348512
1951-10-22,5.789288027611104
1951-10-23,5.826918399790576
1951-10-24,5.869454904109047
1951-10-25,5.841281520569324
1951-10-26,5.798056037317111
1951-10-27,5.7064467519275
1951-10-29,5.755522193994077
1951-10-30,5.756673298432876
1951-10-31,5.816542700736577
1951-11-01,5.854931882561439
1951-11-02,5.812776373006996
1951-11-03,5.762786496199136
1951-11-05,5.767396725396095
1951-11-07,5.717797113557689
1951-11-08,5.728660928073448
1951-11-09,5.7922490643750635
1951-11-10,5.8206310847905005
1951-11-13,5.810153948837877
1951-11-14,5.825841364499739
1951-11-15,5.8229284438174895
1951-11-16,5.81652322252929
1951-11-17,5.818268179496049
1951-11-19,5.7967405872319135
1951-11-20,5.786306454174896
1951-11-21,5.7816774090115555
1951-11-23,5.722126131698737
1951-11-24,5.700954265011451
1951-11-26,5.734589895175019
1951-11-27,5.779319696357384
1951-11-28,5.771228648782484
1951-11-29,5.796044931972249
1951-11-30,5.850527754332789
1951-12-01,5.864569020943187
1951-12-03,5.884508555614395
1951-12-04,5.908635040692414
1951-12-05,5.910998494708691
1951-12-06,5.964197481161069
1951-12-07,5.976125876123391
1951-12-08,5.982102001999514
1951-12-10,5.982700212199713
1951-12-11,5.954581521202375
1951-12-12,5.961727019027818
1951-12-13,5.979016027382999
1951-12-14,5.977820224177522
1951-12-15,5.974233532043016
1951-12-17,5.982597458987876
1951-12-18,5.989776575938662
1951-12-19,6.0065479503512895
1951-12-20,6.007148605146325
1951-12-21,5.993932878215003
1951-12-22,5.993932878215003
1951-12-24,5.991535305063717
1951-12-26,5.9543877861723224
1951-12-27,6.005000082354787
1951-12-28,6.031422082717148
1951-12-29,6.029009513884061
1951-12-31,6.0452878395715475
1952-01-02,6.055564828898819
1952-01-03,6.064648176142168
1952-01-04,6.076171007676837
1952-01-05,6.081031944482978
1952-01-07,6.072518499760703
1952-01-08,6.047013922061708
1952-01-09,6.0306869844721405
1952-01-10,6.067474175077421
1952-01-11,6.093564314030253
1952-01-12,6.118547927717777
1952-01-14,6.131396878365984
1952-01-15,6.10503187178901
1952-01-16,6.123346967404377
1952-01-17,6.147840355273995
1952-01-18,6.157062115806906
1952-01-19,6.174301889731165
1952-01-21,6.199616527479063
1952-01-22,6.231234571769207
1952-01-23,6.210048374225192
1952-01-24,6.218742441949107
1952-01-25,6.226204932879447
1952-01-26,6.232431137812325
1952-01-28,6.238663568950137
1952-01-29,6.238039702593242
1952-01-30,6.172540285716013
1952-01-31,6.147232870544578
1952-02-01,6.184116267767845
1952-02-02,6.206997497958586
1952-02-04,6.138099825731246
1952-02-05,6.122754576166918
1952-02-06,6.142959666268269
1952-02-07,6.154016993667552
1952-02-08,6.186017882034624
1952-02-09,6.18911089097564
1952-02-11,6.169924647213616
1952-02-13,6.129203144542005
1952-02-14,6.114493056995105
1952-02-15,6.114493056995105
1952-02-16,6.111435810466608
1952-02-18,6.087601210805788
1952-02-19,5.999330993249105
1952-02-20,5.93273841922404
1952-02-21,5.9523164560074795
1952-02-23,5.991601744617128
1952-02-25,5.9748252597322
1952-02-26,5.946146098485485
1952-02-27,5.958633005292305
1952-02-28,6.00153516293041
1952-02-29,5.998534395348945
1952-03-01,6.003333222865224
1952-03-03,6.018941889244672
1952-03-04,6.097790027993779
1952-03-05,6.111814945058164
1952-03-06,6.111203763563658
1952-03-07,6.1240372914671415
1952-03-08,6.141796999612396
1952-03-10,6.111702194314295
1952-03-11,6.125147939141786
1952-03-12,6.141073323783554
1952-03-13,6.144143860445445
1952-03-14,6.158889805710514
1952-03-15,6.1718234743025056
1952-03-17,6.177995297776808
1952-03-18,6.169346104359921
1952-03-19,6.154539673709457
1952-03-20,6.175465108600069
1952-03-21,6.179787934176089
1952-03-22,6.179169955382671
1952-03-24,6.17237286843175
1952-03-25,6.1464489023843365
1952-03-26,6.142146388152668
1952-03-27,6.188826700702628
1952-03-28,6.225340778236774
1952-03-29,6.2602026865949
1952-03-31,6.264584828475516
1952-04-01,6.216347525296254
1952-04-02,6.211374447276017
1952-04-03,6.216964684278565
1952-04-04,6.1852581643887445
1952-04-05,6.175980277142162
1952-04-07,6.11854366056474
1952-04-08,6.152807505063903
1952-04-09,6.152192224313397
1952-04-10,6.173724897098494
1952-04-12,6.176811759547043
1952-04-14,6.131103352526395
1952-04-15,6.06488743631911
1952-04-16,6.056396593908264
1952-04-17,6.004311583200653
1952-04-18,6.028328829533455
1952-04-19,6.031945826831175
1952-04-21,6.074169447618993
1952-04-22,6.04744310204947
1952-04-23,6.020834352400453
1952-04-24,5.99554684812037
1952-04-25,6.020728144882476
1952-04-26,6.029157164285312
1952-04-28,6.015893018523885
1952-04-29,5.995438982260904
1952-04-30,5.954070453283303
1952-05-01,5.913582774200976
1952-05-02,5.99814700787205
1952-05-03,6.016741263596454
1952-05-05,6.034189813260883
1952-05-06,6.049878706775361
1952-05-07,6.088597930498723
1952-05-08,6.106254864497169
1952-05-09,6.108697366442968
1952-05-10,6.103810408549814
1952-05-12,6.0958754550186995
1952-05-13,6.1068480308377335
1952-05-14,6.086695432335969
1952-05-15,6.066000667866027
1952-05-16,6.070246868333533
1952-05-17,6.072067942394033
1952-05-19,6.081176044307624
1952-05-20,6.112798159738024
1952-05-21,6.12991399458529
1952-05-22,6.169145444150636
1952-05-23,6.16482704233973
1952-05-24,6.16482704233973
1952-05-26,6.178389661832877
1952-05-27,6.167268560441578
1952-05-28,6.1592511113130035
1952-05-29,6.160482961535266
1952-06-02,6.153090381981423
1952-06-03,6.148783218714036
1952-06-04,6.183216404738835
1952-06-05,6.222788989729163
1952-06-06,6.257636608071647
1952-06-09,6.282041390843126
1952-06-10,6.261938858392428
1952-06-11,6.278219899424248
1952-06-12,6.2813590093739595
1952-06-13,6.2945498632936445
1952-06-16,6.285737493485033
1952-06-17,6.290766083479821
1952-06-18,6.305863922080173
1952-06-19,6.32604268663083
1952-06-20,6.335531750660777
1952-06-23,6.329196218910116
1952-06-24,6.334259575885244
1952-06-25,6.357062910358431
1952-06-26,6.371048448761219
1952-06-27,6.38570186019337
1952-06-30,6.409328957076085
1952-07-01,6.4439393334442965
1952-07-02,6.432984636577441
1952-07-03,6.433627935041098
1952-07-07,6.4111102372684545
1952-07-08,6.414956903410816
1952-07-09,6.3976365197716065
1952-07-10,6.385481010384041
1952-07-11,6.418046963537
1952-07-14,6.423181401107829
1952-07-15,6.454654989973257
1952-07-16,6.448200334983284
1952-07-17,6.42627645384434
1952-07-18,6.385148284539737
1952-07-21,6.399834125594178
1952-07-22,6.413913760670485
1952-07-23,6.441493589841368
1952-07-24,6.4633946680468295
1952-07-25,6.448528860310322
1952-07-28,6.44659430165223
1952-07-29,6.460132149685699
1952-07-30,6.474344440415008
1952-07-31,6.4821136537435065
1952-08-01,6.486651133301127
1952-08-04,6.478867151941166
1952-08-05,6.482106585517136
1952-08-06,6.492477956053964
1952-08-07,6.509358398739704
1952-08-08,6.509358398739704
1952-08-11,6.5119621420991995
1952-08-12,6.467029603318715
1952-08-13,6.466382900358384
1952-08-14,6.465736262068348
1952-08-15,6.4534513631704185
1952-08-18,6.388271504402398
1952-08-19,6.389549158703278
1952-08-20,6.404245121768295
1952-08-21,6.413851489450948
1952-08-22,6.414492874599893
1952-08-25,6.391400700251333
1952-08-26,6.387565859831183
1952-08-27,6.411199853512558
1952-08-28,6.426586733160988
1952-08-29,6.44586649336047
1952-09-02,6.467782439437896
1952-09-03,6.48201156080466
1952-09-04,6.476825951556016
1952-09-05,6.4697014430093045
1952-09-08,6.442528696948665
1952-09-09,6.374882145630704
1952-09-10,6.347470152404492
1952-09-11,6.356991357633099
1952-09-12,6.344277374917833
1952-09-15,6.284641167593605
1952-09-16,6.311036660497498
1952-09-17,6.328076459480841
1952-09-18,6.317318729499724
1952-09-19,6.331216830704623
1952-09-22,6.338181169218399
1952-09-23,6.360998621427585
1952-09-24,6.381989916878297
1952-09-25,6.382628115869984
1952-09-26,6.366033282768722
1952-09-29,6.362850266127338
1952-09-30,6.32849087469025
1952-10-01,6.313302496590994
1952-10-02,6.313302496590994
1952-10-03,6.3025698823467895
1952-10-06,6.286183200652688
1952-10-07,6.289326292253014
1952-10-08,6.320772923714278
1952-10-09,6.3226691555913925
1952-10-10,6.3226691555913925
1952-10-14,6.301172080462382
1952-10-15,6.2104352025037235
1952-10-16,6.1725515477684505
1952-10-17,6.2429186354130115
1952-10-20,6.223565587643232
1952-10-21,6.214230239261767
1952-10-22,6.155195051988781
1952-10-23,6.1755071956603445
1952-10-24,6.201444325882118
1952-10-27,6.209506203505765
1952-10-28,6.212610956607518
1952-10-29,6.2163385231814825
1952-10-30,6.2157168893291646
1952-10-31,6.300872210712974
1952-11-03,6.336787182314039
1952-11-05,6.370372154380304
1952-11-06,6.395216605782387
1952-11-07,6.421436993866095
1952-11-10,6.422079137565482
1952-11-12,6.412446018859134
1952-11-13,6.418858464877992
1952-11-14,6.4201422365709675
1952-11-17,6.432982521044109
1952-11-18,6.52497417109504
1952-11-19,6.571953985126925
1952-11-20,6.562753249547748
1952-11-21,6.563409524872703
1952-11-24,6.605415345831887
1952-11-25,6.614002385781469
1952-11-26,6.655009200573314
1952-11-28,6.68828424657618
1952-12-01,6.697647844521387
1952-12-02,6.716401258486046
1952-12-03,6.7143863381085005
1952-12-04,6.6935717404603645
1952-12-05,6.704281455245101
1952-12-08,6.73243943735713
1952-12-09,6.761388926937766
1952-12-10,6.764093482508541
1952-12-11,6.764769891856791
1952-12-12,6.786417155510733
1952-12-15,6.793203572666243
1952-12-16,6.791844931951711
1952-12-17,6.784373902526564
1952-12-18,6.785052339916817
1952-12-19,6.812871054510476
1952-12-22,6.842166400044871
1952-12-23,6.818903034284719
1952-12-24,6.823676266408717
1952-12-26,6.8339117808083305
1952-12-29,6.85783047204116
1952-12-30,6.891433841354161
1952-12-31,6.899014418579651
1953-01-02,6.903843728672657
1953-01-05,6.93560140982455
1953-01-06,6.900229842634445
1953-01-07,6.878149107138015
1953-01-08,6.876085662405874
1953-01-09,6.817638934275425
1953-01-12,6.77468780898949
1953-01-13,6.813980998281629
1953-01-14,6.82079497927991
1953-01-15,6.832390330744686
1953-01-16,6.8036942913555585
1953-01-19,6.799612074780745
1953-01-20,6.828850406702302
1953-01-21,6.819972901173589
1953-01-22,6.824064884914293
1953-01-23,6.815876007052396
1953-01-26,6.8063337806425235
1953-01-27,6.819946448203808
1953-01-28,6.833586341100216
1953-01-29,6.856137176025848
1953-01-30,6.890417861905976
1953-02-02,6.904887739415979
1953-02-03,6.909721160833569
1953-02-04,6.903502411788819
1953-02-05,6.848964742735687
1953-02-06,6.792803231845254
1953-02-09,6.768349140210611
1953-02-10,6.759550286328337
1953-02-11,6.7669857916432985
1953-02-13,6.796760529126529
1953-02-16,6.78656538833284
1953-02-17,6.754668531007676
1953-02-18,6.756019464713877
1953-02-19,6.775611921161547
1953-02-20,6.787130461427521
1953-02-24,6.829889383334515
1953-02-25,6.870868719634522
1953-02-26,6.885984630817719
1953-02-27,6.885984630817719
1953-03-02,6.890804820059291
1953-03-03,6.91630079789351
1953-03-04,6.858895501270994
1953-03-05,6.865754396772264
1953-03-06,6.891157688040321
1953-03-09,6.895981498421949
1953-03-10,6.9097734614187925
1953-03-11,6.958141875648724
1953-03-12,6.9588376898362885
1953-03-13,6.9755389002918955
1953-03-16,6.986699762532363
1953-03-17,7.0083585317962145
1953-03-18,7.006956860089855
1953-03-19,7.011861729891917
1953-03-20,7.006953426680993
1953-03-23,6.965612401463575
1953-03-24,7.004619830911772
1953-03-25,6.994813363148496
1953-03-26,6.964036184350642
1953-03-27,6.983535485666824
1953-03-30,6.877385746284689
1953-03-31,6.801734503075557
1953-04-01,6.807175890678017
1953-04-02,6.805814455499881
1953-04-06,6.661531189043283
1953-04-07,6.680849629491508
1953-04-08,6.729619831786796
1953-04-09,6.7033743144428275
1953-04-10,6.692648915539719
1953-04-13,6.680602147491747
1953-04-14,6.699975893719473
1953-04-15,6.7334757731880694
1953-04-16,6.718662126487056
1953-04-17,6.655506702498077
1953-04-20,6.6688177159030735
1953-04-21,6.6601482528724
1953-04-22,6.610197140975857
1953-04-23,6.532196814712342
1953-04-24,6.533503254075284
1953-04-27,6.564864069694845
1953-04-28,6.596375417229379
1953-04-29,6.632655482024141
1953-04-30,6.6246962954457125
1953-05-01,6.65185755025704
1953-05-04,6.713054639719405
1953-05-05,6.720438999823097
1953-05-06,6.731863746122796
1953-05-07,6.705609477512917
1953-05-08,6.721702940258948
1953-05-11,6.726408132317128
1953-05-12,6.695466654908469
1953-05-13,6.691449374915524
1953-05-14,6.723568331915118
1953-05-15,6.728947186580649
1953-05-18,6.716835081644804
1953-05-19,6.704073094989679
1953-05-20,6.767761789392082
1953-05-21,6.788065074760257
1953-05-22,6.788065074760257
1953-05-25,6.781277009685497
1953-05-26,6.761611306357409
1953-05-27,6.708870738167821
1953-05-28,6.661237755926829
1953-05-29,6.672561860111905
1953-06-01,6.5798132502563496
1953-06-02,6.589682970131735
1953-06-03,6.587706065240695
1953-06-04,6.533686875505722
1953-06-05,6.546100880569183
1953-06-08,6.5336632888961015
1953-06-09,6.408216953749297
1953-06-10,6.403090380186297
1953-06-11,6.458156957455899
1953-06-12,6.479468875415504
1953-06-15,6.426985177524639
1953-06-16,6.408346920509818
1953-06-17,6.487810422324139
1953-06-18,6.489107984408603
1953-06-19,6.489756895207044
1953-06-22,6.524152606751643
1953-06-23,6.561340276610127
1953-06-24,6.554778936333517
1953-06-25,6.581653529972485
1953-06-26,6.578362703207499
1953-06-29,6.568495159152688
1953-06-30,6.56126981447762
1953-07-01,6.587514893735531
1953-07-02,6.611229947352979
1953-07-03,6.629080268210831
1953-07-06,6.637698072559506
1953-07-07,6.662257555427977
1953-07-08,6.665588684205691
1953-07-09,6.644258800416233
1953-07-10,6.637614541615816
1953-07-13,6.573893442016304
1953-07-14,6.566004769885885
1953-07-15,6.585702784195542
1953-07-16,6.600849900599191
1953-07-17,6.633854150102186
1953-07-20,6.603338421011716
1953-07-21,6.588811076485491
1953-07-22,6.596058768669625
1953-07-23,6.609910492083831
1953-07-24,6.613215447329872
1953-07-27,6.575520119280092
1953-07-28,6.579465431351659
1953-07-29,6.615652491224093
1953-07-30,6.677178059392478
1953-07-31,6.733934072897314
1953-08-03,6.760196415781613
1953-08-04,6.759520396140035
1953-08-05,6.772363484892701
1953-08-06,6.800130175180761
1953-08-07,6.798090136128207
1953-08-10,6.793331473032917
1953-08-11,6.789934807296401
1953-08-12,6.819810520448505
1953-08-13,6.81912853939646
1953-08-14,6.797307328070391
1953-08-17,6.781673521215829
1953-08-18,6.749799655666115
1953-08-19,6.7086258777665515
1953-08-20,6.711980190705434
1953-08-21,6.722719359010563
1953-08-24,6.648769446061447
1953-08-25,6.613530967997321
1953-08-26,6.596335787480528
1953-08-27,6.569290810751857
1953-08-28,6.554838370968203
1953-08-31,6.440784183313356
1953-09-01,6.468479555301603
1953-09-02,6.510524672411063
1953-09-03,6.495550465664518
1953-09-04,6.513738006968378
1953-09-08,6.528068230583708
1953-09-09,6.530679457875941
1953-09-10,6.475168682483996
1953-09-11,6.38451632092922
1953-09-14,6.268318123888308
1953-09-15,6.3134500143803045
1953-09-16,6.360169544486719
1953-09-17,6.3652576801223075
1953-09-18,6.32897571134561
1953-09-21,6.31378616963838
1953-09-22,6.397759525694571
1953-09-23,6.421431235939641
1953-09-24,6.422715522186829
1953-09-25,6.44134139720117
1953-09-28,6.480633579724097
1953-09-29,6.489058403377739
1953-09-30,6.466995604806256
1953-10-01,6.506444277995573
1953-10-02,6.532470055107556
1953-10-05,6.506993421892636
1953-10-06,6.475109154125362
1953-10-07,6.52302496186589
1953-10-08,6.538027919278182
1953-10-09,6.542604538821676
1953-10-13,6.530173590197915
1953-10-14,6.560212388712825
1953-10-15,6.638278916138508
1953-10-16,6.678108589635339
1953-10-19,6.689461374237719
1953-10-20,6.694812943337109
1953-10-21,6.696821387220109
1953-10-22,6.719590579936658
1953-10-23,6.726982129574589
1953-10-26,6.711510070676567
1953-10-27,6.692046691471605
1953-10-28,6.706769194192842
1953-10-29,6.77383688613477
1953-10-30,6.77790118826645
1953-11-02,6.807046163375996
1953-11-04,6.81453391415571
1953-11-05,6.8622356515547995
1953-11-06,6.866352992945732
1953-11-09,6.86017327525208
1953-11-10,6.823128339565719
1953-11-12,6.8435977245844155
1953-11-13,6.860022359123418
1953-11-16,6.82229223614824
1953-11-17,6.794320837980032
1953-11-18,6.809268343823588
1953-11-19,6.840590978205176
1953-11-20,6.8446953327920985
1953-11-23,6.83511275932619
1953-11-24,6.870655345674686
1953-11-25,6.88851904957344
1953-11-27,6.931916719585753
1953-11-30,6.970042261543475
1953-12-01,6.978406312257328
1953-12-02,7.023068112655775
1953-12-03,7.037816555692352
1953-12-04,7.030778739136659
1953-12-07,7.019529493154041
1953-12-08,6.994961139928002
1953-12-09,6.994961139928002
1953-12-10,6.985867690446096
1953-12-11,6.985169103677051
1953-12-14,6.969801731648961
1953-12-15,6.970498711822126
1953-12-16,7.0332332002285245
1953-12-17,7.029013260308387
1953-12-18,7.04869449743725
1953-12-21,7.03741658624135
1953-12-22,6.981820995210043
1953-12-23,6.976933720513396
1953-12-24,7.00484145539545
1953-12-28,6.97472063713725
1953-12-29,6.929384952995858
1953-12-30,6.976504770676229
1953-12-31,6.986271877355176
1954-01-04,7.037970289247605
1954-01-05,7.084420893156639
1954-01-06,7.098589734942952
1954-01-07,7.075874247791135
1954-01-08,7.048278338224749
1954-01-11,7.013741774367448
1954-01-12,7.050213231594159
1954-01-13,7.087579361721609
1954-01-14,7.1208909847217
1954-01-15,7.1849790035841945
1954-01-18,7.19144548468742
1954-01-19,7.243943036725638
1954-01-20,7.26422607722847
1954-01-21,7.26422607722847
1954-01-22,7.281660219813817
1954-01-25,7.307874196605147
1954-01-26,7.362683253079687
1954-01-27,7.342804008296371
1954-01-28,7.345741129899689
1954-01-29,7.359698038046498
1954-02-01,7.343506702362796
1954-02-02,7.333225792979489
1954-02-03,7.374291857420174
1954-02-04,7.422962183679147
1954-02-05,7.448200255103656
1954-02-08,7.446710615052636
1954-02-09,7.448944628237151
1954-02-10,7.437771211294796
1954-02-11,7.428102108720113
1954-02-12,7.451872035468018
1954-02-15,7.427280857750973
1954-02-16,7.369348067060515
1954-02-17,7.389245306841578
1954-02-18,7.4254526088451005
1954-02-19,7.416542065714487
1954-02-23,7.39206747689763
1954-02-24,7.387632236411491
1954-02-25,7.41866029180442
1954-02-26,7.483202636343118
1954-03-01,7.522115290052103
1954-03-02,7.540920578277232
1954-03-03,7.543182854450715
1954-03-04,7.561286493301397
1954-03-05,7.593800025222593
1954-03-08,7.5778530451696255
1954-03-09,7.593766536564481
1954-03-10,7.616547836174174
1954-03-11,7.651583956220575
1954-03-12,7.644697530659976
1954-03-15,7.619470028808799
1954-03-16,7.6217558698174415
1954-03-17,7.630139801274241
1954-03-18,7.669816528240868
1954-03-19,7.698961831048184
1954-03-22,7.69511235013266
1954-03-23,7.642016074916744
1954-03-24,7.606098599364635
1954-03-25,7.599253110625206
1954-03-26,7.646368479911082
1954-03-29,7.6769539538307265
1954-03-30,7.6999848156922175
1954-03-31,7.759274698773048
1954-04-01,7.815141476604214
1954-04-02,7.822175103933158
1954-04-05,7.826868408995517
1954-04-06,7.755643906473658
1954-04-07,7.798299947959263
1954-04-08,7.855227537579366
1954-04-09,7.889790538744715
1954-04-12,7.884267685367593
1954-04-13,7.898459367201255
1954-04-14,7.954538428708385
1954-04-15,7.986356582423218
1954-04-19,7.944028892536375
1954-04-20,7.947206504093389
1954-04-21,7.940054018239705
1954-04-22,7.956728131678008
1954-04-23,7.98855504420472
1954-04-26,7.997342454753346
1954-04-27,7.964553350688857
1954-04-28,7.982871823395441
1954-04-29,8.080262859640865
1954-04-30,8.090767201358398
1954-05-03,8.081058280716768
1954-05-04,8.090755550653629
1954-05-05,8.087519248433368
1954-05-06,8.129574348525223
1954-05-07,8.162092645919323
1954-05-10,8.169438529300649
1954-05-11,8.140845494448097
1954-05-12,8.202715920205904
1954-05-13,8.181388858813369
1954-05-14,8.222295803107436
1954-05-17,8.240384853874271
1954-05-18,8.253569469640471
1954-05-19,8.23706233070119
1954-05-20,8.265892048858646
1954-05-21,8.308048098307825
1954-05-24,8.311371317547149
1954-05-25,8.293086300648545
1954-05-26,8.337868966672048
1954-05-27,8.321193228738704
1954-05-28,8.342828331133424
1954-06-01,8.357845422129465
1954-06-02,8.342801300369631
1954-06-03,8.347806981149851
1954-06-04,8.331946147885667
1954-06-07,8.321114617893416
1954-06-08,8.151363879688391
1954-06-09,8.114682742229794
1954-06-10,8.16012496558628
1954-06-11,8.21398179035915
1954-06-14,8.218910179433363
1954-06-15,8.280552005779114
1954-06-16,8.341828090621881
1954-06-17,8.33348626253126
1954-06-18,8.336819657036271
1954-06-21,8.350992250453233
1954-06-22,8.35850814347864
1954-06-23,8.372717607322553
1954-06-24,8.421279369445024
1954-06-25,8.42801639294058
1954-06-28,8.480270094576811
1954-06-29,8.480270094576811
1954-06-30,8.434476636066098
1954-07-01,8.43616353139331
1954-07-02,8.519681550354104
1954-07-06,8.59295081168715
1954-07-07,8.594669401849487
1954-07-08,8.581777397746713
1954-07-09,8.62211175151612
1954-07-12,8.630733863267636
1954-07-13,8.607430881836814
1954-07-14,8.629810202129589
1954-07-15,8.655699632735976
1954-07-16,8.622807974131579
1954-07-19,8.596939550209184
1954-07-20,8.575447201333661
1954-07-21,8.639763055343664
1954-07-22,8.709745136091948
1954-07-23,8.725422677336914
1954-07-26,8.727167761872382
1954-07-27,8.764694583248433
1954-07-28,8.784853380789905
1954-07-29,8.817357338298827
1954-07-30,8.854390239119681
1954-08-02,8.879182531789215
1954-08-03,8.901380488118688
1954-08-04,8.9022706261675
1954-08-05,8.885356311977782
1954-08-06,8.77784350060285
1954-08-09,8.74097655790032
1954-08-10,8.815274858642471
1954-08-11,8.891086222426797
1954-08-12,8.876860484470914
1954-08-13,8.901715693827432
1954-08-16,8.966698218392374
1954-08-17,8.965801548570534
1954-08-18,8.974767350119103
1954-08-19,8.998999221964425
1954-08-20,9.009798021030782
1954-08-23,8.95033335409198
1954-08-24,8.918112154017248
1954-08-25,8.864603481093145
1954-08-26,8.838009670649866
1954-08-27,8.859220893859424
1954-08-30,8.775944217457146
1954-08-31,8.64606024303878
1954-09-01,8.7169579370317
1954-09-02,8.772746467828702
1954-09-03,8.828892045222805
1954-09-07,8.87038783783535
1954-09-08,8.881032303240755
1954-09-09,8.901458677538209
1954-09-10,8.93172363704184
1954-09-13,8.989779840682612
1954-09-14,9.018547136172797
1954-09-15,9.004117460754921
1954-09-16,9.035631871867563
1954-09-17,9.091652789473143
1954-09-20,9.058013674152091
1954-09-21,9.107832749359929
1954-09-22,9.161568962581153
1954-09-23,9.199131395327736
1954-09-24,9.245127052304374
1954-09-27,9.263617306408984
1954-09-28,9.274733647176674
1954-09-29,9.23670723922325
1954-09-30,9.198836739542434
1954-10-01,9.209875343629886
1954-10-04,9.255924720348034
1954-10-05,9.287394864397218
1954-10-06,9.30968461207177
1954-10-07,9.29013427438642
1954-10-08,9.288276247531542
1954-10-11,9.22883127954734
1954-10-12,9.194684603813014
1954-10-13,9.189167793050727
1954-10-14,9.083492363430643
1954-10-15,9.054425187867666
1954-10-18,9.083399348468843
1954-10-19,9.11064954651425
1954-10-20,9.166224508747986
1954-10-21,9.178140600609359
1954-10-22,9.18915436933009
1954-10-25,9.136776189424909
1954-10-26,9.13038044609231
1954-10-27,9.13038044609231
1954-10-28,9.109380571066298
1954-10-29,9.045614907068835
1954-11-01,9.086320174150645
1954-11-03,9.266229313598828
1954-11-04,9.360744852597536
1954-11-05,9.357000554656498
1954-11-08,9.438406459482009
1954-11-09,9.47427240402804
1954-11-10,9.50743235744214
1954-11-11,9.577787356887212
1954-11-12,9.606520718957873
1954-11-15,9.599796154454602
1954-11-16,9.648755114842322
1954-11-17,9.681560882232786
1954-11-18,9.637025702174514
1954-11-19,9.667864184421473
1954-11-22,9.722004223854235
1954-11-23,9.836723873695716
1954-11-24,9.861315683379955
1954-11-26,9.933303287868629
1954-11-29,9.9581365460883
1954-11-30,9.89838772681177
1954-12-01,9.851865304495753
1954-12-02,9.918857988566323
1954-12-03,10.01110336785999
1954-12-06,10.081181091435008
1954-12-07,10.105375926054451
1954-12-08,10.105375926054451
1954-12-09,10.070007110313261
1954-12-10,10.052888098225727
1954-12-13,10.038814054888212
1954-12-14,9.967538475098506
1954-12-15,10.007408628998899
1954-12-16,10.10347975183729
1954-12-17,10.165110978323497
1954-12-20,10.23931628846526
1954-12-21,10.253651331269111
1954-12-22,10.25057523586973
1954-12-23,10.2608258111056
1954-12-27,10.194130443333414
1954-12-28,10.286897030367749
1954-12-29,10.370220896313727
1954-12-30,10.378517073030777
1954-12-31,10.440788175468962
1955-01-03,10.553548687764026
1955-01-04,10.509223783275418
1955-01-05,10.285377316691653
1955-01-06,10.144467647452977
1955-01-07,10.257071238339707
1955-01-10,10.403747357047964
1955-01-11,10.385020611805277
1955-01-12,10.362173566459306
1955-01-13,10.311398915983656
1955-01-14,10.272215600102918
1955-01-17,10.077043503700962
1955-01-18,10.145567399526128
1955-01-19,10.195280679783805
1955-01-20,10.221788409551243
1955-01-21,10.289252213054281
1955-01-24,10.303657166152558
1955-01-25,10.29232314326979
1955-01-26,10.366427869901333
1955-01-27,10.381977511706186
1955-01-28,10.425581817255352
1955-01-31,10.503773680884768
1955-02-01,10.547889530344484
1955-02-02,10.53734164081414
1955-02-03,10.525750565009243
1955-02-04,10.634165795828839
1955-02-07,10.663941460057158
1955-02-08,10.578629928376701
1955-02-09,10.691821268610331
1955-02-10,10.775217474505492
1955-02-11,10.793535344212152
1955-02-14,10.766551505851623
1955-02-15,10.799927815519764
1955-02-16,10.771848003199413
1955-02-17,10.785851405603573
1955-02-18,10.814973204398703
1955-02-21,10.821462188321341
1955-02-23,10.829037211853166
1955-02-24,10.775974929515085
1955-02-25,10.76519895458557
1955-02-28,10.820101469253958
1955-03-01,10.854725793955572
1955-03-02,10.941563600307216
1955-03-03,10.971105822028045
1955-03-04,11.013893134733955
1955-03-07,10.970938951508492
1955-03-08,10.770170768695886
1955-03-09,10.638774685317797
1955-03-10,10.722821005331808
1955-03-11,10.557689561849697
1955-03-14,10.30324924340912
1955-03-15,10.500041303958232
1955-03-16,10.598741692215441
1955-03-17,10.643256407322745
1955-03-18,10.65922129193373
1955-03-21,10.601661496957288
1955-03-22,10.657850302891163
1955-03-23,10.784678721495567
1955-03-24,10.87527002275613
1955-03-25,10.90463325181757
1955-03-28,10.867557498761391
1955-03-29,10.877338300510274
1955-03-30,10.781617723465784
1955-03-31,10.805337282457408
1955-04-01,10.89610211563005
1955-04-04,10.880847572668168
1955-04-05,10.923282878201574
1955-04-06,10.944037115670158
1955-04-07,10.988907667844405
1955-04-11,11.014182155480446
1955-04-12,11.063745975180108
1955-04-13,11.09583083850813
1955-04-14,11.105817086262785
1955-04-15,11.151350936316463
1955-04-18,11.219374177027994
1955-04-19,11.202545115762453
1955-04-20,11.2238299514824
1955-04-21,11.21709565351151
1955-04-22,11.134089145675526
1955-04-25,11.16415118636885
1955-04-26,11.228903263249789
1955-04-27,11.185110540523114
1955-04-28,11.095629656198929
1955-04-29,11.163312997101743
1955-05-02,11.178941635297686
1955-05-03,11.085038525561187
1955-05-04,11.099449075644417
1955-05-05,11.152726431207508
1955-05-06,11.187299883144252
1955-05-09,11.200724643004026
1955-05-10,11.179443266182318
1955-05-11,11.076592388133442
1955-05-12,11.01345581152108
1955-05-13,11.077333855227902
1955-05-16,10.9654527832901
1955-05-17,10.959970056898456
1955-05-18,11.045457823342264
1955-05-19,11.12056693654099
1955-05-20,11.195074735015815
1955-05-23,11.124545764185216
1955-05-24,11.137895219102239
1955-05-25,11.192470905675838
1955-05-26,11.271937449106138
1955-05-27,11.288845355279799
1955-05-31,11.29336089342191
1955-06-01,11.31368894303007
1955-06-02,11.346498640964857
1955-06-03,11.419116232267031
1955-06-06,11.479637548298047
1955-06-07,11.558847047381303
1955-06-08,11.618953052027686
1955-06-09,11.559696391462346
1955-06-10,11.618650843058806
1955-06-13,11.723218700646333
1955-06-14,11.720874056906204
1955-06-15,11.800576000493166
1955-06-16,11.818276864493907
1955-06-17,11.851368039714488
1955-06-20,11.878626186205832
1955-06-21,11.932080004043758
1955-06-22,11.954750956051441
1955-06-23,11.967901182103098
1955-06-24,11.981065873403413
1955-06-27,11.990650726102135
1955-06-28,11.948683448560779
1955-06-29,11.964216737043909
1955-06-30,12.031216350771356
1955-07-01,12.078138094539364
1955-07-05,12.188049151199673
1955-07-06,12.33552454592919
1955-07-07,12.164060754740774
1955-07-08,12.150680287910559
1955-07-11,12.207788485263737
1955-07-12,12.191918360232895
1955-07-13,12.076095135810684
1955-07-14,12.101454935595886
1955-07-15,12.152281046325388
1955-07-18,12.1340526247559
1955-07-19,12.063675119532316
1955-07-20,12.09142157230724
1955-07-21,12.183316376256776
1955-07-22,12.269817922528201
1955-07-25,12.329940030348588
1955-07-26,12.328707036345554
1955-07-27,12.334871389863725
1955-07-28,12.275664007192379
1955-07-29,12.259705643983029
1955-08-01,12.121170970206022
1955-08-02,12.13571637537027
1955-08-03,12.162414951396086
1955-08-04,12.012817247493913
1955-08-05,12.077686460630382
1955-08-08,12.019713565619355
1955-08-09,11.895910515893476
1955-08-10,11.913754381667317
1955-08-11,12.01502129391149
1955-08-12,12.049864855663833
1955-08-15,12.032995044865904
1955-08-16,11.970423470632602
1955-08-17,11.966832343591411
1955-08-18,11.965635660357053
1955-08-19,11.98358411384759
1955-08-22,11.971600529733742
1955-08-23,12.085330734766213
1955-08-24,12.1324635246318
1955-08-25,12.188272856845106
1955-08-26,12.237025948272487
1955-08-29,12.248039271625931
1955-08-30,12.251713683407418
1955-08-31,12.314197423192798
1955-09-01,12.349908595720056
1955-09-02,12.404248193541223
1955-09-06,12.474952408244409
1955-09-07,12.479942389207705
1955-09-08,12.50490227398612
1955-09-09,12.521158646942304
1955-09-12,12.578755976718238
1955-09-13,12.659260014969234
1955-09-14,12.68964223900516
1955-09-15,12.674414668318354
1955-09-16,12.731449534325787
1955-09-19,12.735268969186084
1955-09-20,12.731448388495329
1955-09-21,12.787466761404708
1955-09-22,12.79386049478541
1955-09-23,12.843756550715073
1955-09-26,12.010196750573664
1955-09-27,12.270818020061114
1955-09-28,12.427884490717895
1955-09-29,12.353317183773587
1955-09-30,12.292785929573096
1955-10-03,12.019886081936573
1955-10-04,12.07878352373806
1955-10-05,12.1415931980615
1955-10-06,12.093026825269254
1955-10-07,12.002329124079735
1955-10-10,11.696269731415702
1955-10-11,11.612056589349509
1955-10-12,11.772302970282531
1955-10-13,11.756998976421164
1955-10-14,11.739363477956532
1955-10-17,11.776929441085993
1955-10-18,11.827570237682663
1955-10-19,11.925739070655428
1955-10-20,12.03784101791959
1955-10-21,12.051082643039303
1955-10-24,12.12097892236893
1955-10-25,12.064010321433797
1955-10-26,11.99041985847305
1955-10-27,11.966439018756104
1955-10-28,11.99994504800862
1955-10-31,11.991545086475012
1955-11-01,11.995142550000955
1955-11-02,12.017933320845957
1955-11-03,12.187386180669884
1955-11-04,12.351915894108929
1955-11-07,12.424792197884171
1955-11-09,12.530402931566186
1955-11-10,12.516619488341464
1955-11-11,12.615500782299362
1955-11-14,12.799687093720932
1955-11-15,12.820166593070885
1955-11-16,12.790680209906823
1955-11-17,12.740796557088187
1955-11-18,12.721685362252556
1955-11-21,12.64789958715149
1955-11-22,12.755406733642278
1955-11-23,12.791121872496475
1955-11-25,12.837169911237464
1955-11-28,12.785821231592514
1955-11-29,12.830571605903089
1955-11-30,12.861364977757255
1955-12-01,12.843359066788395
1955-12-02,12.8793204721754
1955-12-05,12.946292938630714
1955-12-06,12.96053386086321
1955-12-07,12.944981220230174
1955-12-08,13.004528133843232
1955-12-09,13.012330850723536
1955-12-12,12.92644946710876
1955-12-13,12.927742112055471
1955-12-14,12.847590110960727
1955-12-15,12.851444387994015
1955-12-16,12.893854154474395
1955-12-19,12.883539071150816
1955-12-20,12.873232239893895
1955-12-21,12.980080067485014
1955-12-22,13.00993425164023
1955-12-23,13.032051139868019
1955-12-27,12.99816780690436
1955-12-28,12.968272020948481
1955-12-29,12.976052984161049
1955-12-30,13.08245661863117
1956-01-03,12.998728896271931
1956-01-04,12.931135506011318
1956-01-05,12.947945982169133
1956-01-06,13.00750653368711
1956-01-09,12.843611951362654
1956-01-10,12.74856922292257
1956-01-11,12.828885209026982
1956-01-12,12.908424297322949
1956-01-13,12.90326092760402
1956-01-16,12.772937992235219
1956-01-17,12.834248094597948
1956-01-18,12.732857534650623
1956-01-19,12.604255673550652
1956-01-20,12.514765458268442
1956-01-23,12.469712302618676
1956-01-24,12.630571591322456
1956-01-25,12.677304706210348
1956-01-26,12.610114991267434
1956-01-27,12.581111726787519
1956-01-30,12.60879017258645
1956-01-31,12.713443131018918
1956-02-01,12.78845244549193
1956-02-02,12.815308195627464
1956-02-03,12.933209031027237
1956-02-06,12.933209031027237
1956-02-07,12.907342612965182
1956-02-08,12.776978452574234
1956-02-09,12.650486365893748
1956-02-10,12.68590772771825
1956-02-13,12.674490410763303
1956-02-14,12.627594796243478
1956-02-15,12.776600414839152
1956-02-16,12.757435514216894
1956-02-17,12.941142585621616
1956-02-20,12.952789613948674
1956-02-21,12.977399914215177
1956-02-23,13.1175558332887
1956-02-24,13.208066968538391
1956-02-27,13.201462935054122
1956-02-28,13.25426878679434
1956-02-29,13.221133114827355
1956-03-01,13.300459913516319
1956-03-02,13.39755327088499
1956-03-05,13.480618101164476
1956-03-06,13.47118166849366
1956-03-07,13.47252878666051
1956-03-08,13.521029890292489
1956-03-09,13.675169631041824
1956-03-12,13.776365886311535
1956-03-13,13.777743522900165
1956-03-14,13.864543307094436
1956-03-15,13.949117021267712
1956-03-16,13.957486491480472
1956-03-19,14.039835661780208
1956-03-20,14.077743218067013
1956-03-21,13.95526685206983
1956-03-22,14.041789506552663
1956-03-23,14.104977559332148
1956-03-26,14.110619550355882
1956-03-27,14.03442220478396
1956-03-28,14.089156451382618
1956-03-29,14.127197173801349
1956-04-02,14.221849394865817
1956-04-03,14.186294771378654
1956-04-04,14.226016396738512
1956-04-05,14.167689729511885
1956-04-06,14.241361716105349
1956-04-09,14.171579043696433
1956-04-10,13.984514200319639
1956-04-11,14.094991862502164
1956-04-12,14.017469407258403
1956-04-13,14.025879888902757
1956-04-16,14.024477300913867
1956-04-17,14.017465062263412
1956-04-18,13.989430132138885
1956-04-19,13.940467126676399
1956-04-20,14.007381368884445
1956-04-23,14.00317915447378
1956-04-24,13.888353085407095
1956-04-25,13.853632202693579
1956-04-26,13.963075897094859
1956-04-27,14.09851773329668
1956-04-30,14.195797505656426
1956-05-01,14.153210113139457
1956-05-02,14.16170203920734
1956-05-03,14.224013528179851
1956-05-04,14.299400799879205
1956-05-07,14.257932537559554
1956-05-08,14.218010326454387
1956-05-09,14.222275729552322
1956-05-10,14.031697234776322
1956-05-11,14.059760629245876
1956-05-14,13.906509238387095
1956-05-15,13.832804739423644
1956-05-16,13.812055532314508
1956-05-17,13.914264743253636
1956-05-18,13.87669622844685
1956-05-21,13.733766257293848
1956-05-22,13.562094179077675
1956-05-23,13.51055822119718
1956-05-24,13.337623075965855
1956-05-25,13.341624362888645
1956-05-28,13.18152487053398
1956-05-29,13.478109180120995
1956-05-31,13.490239478383103
1956-06-01,13.556341651827179
1956-06-04,13.618700823425582
1956-06-05,13.630957654166664
1956-06-06,13.585975493907915
1956-06-07,13.668849944420753
1956-06-08,13.431011955387833
1956-06-11,13.590840997656947
1956-06-12,13.76616284652672
1956-06-13,13.80195486992769
1956-06-14,13.770210373726856
1956-06-15,13.796373773436937
1956-06-18,13.714975168173659
1956-06-19,13.762977581262268
1956-06-20,13.801513918489801
1956-06-21,13.8691413366904
1956-06-22,13.85665910948738
1956-06-25,13.799846807138481
1956-06-26,13.881265903300598
1956-06-27,13.965941625310732
1956-06-28,13.985493943586167
1956-06-29,13.985493943586167
1956-07-02,13.988291042374884
1956-07-03,14.075018446837609
1956-07-05,14.19184109994636
1956-07-06,14.257123569006113
1956-07-09,14.309874926211437
1956-07-10,14.369976400901525
1956-07-11,14.407338339543868
1956-07-12,14.372760727528963
1956-07-13,14.4417499790211
1956-07-16,14.541398053876344
1956-07-17,14.595201226675687
1956-07-18,14.586444105939682
1956-07-19,14.590820039171463
1956-07-20,14.622919843257641
1956-07-23,14.63315588714792
1956-07-24,14.619986046849487
1956-07-25,14.649226018943185
1956-07-26,14.68145431618486
1956-07-27,14.586024863129659
1956-07-30,14.587483465615971
1956-07-31,14.685219604835597
1956-08-01,14.705778912282367
1956-08-02,14.783719540517465
1956-08-03,14.761543961206689
1956-08-06,14.556358500145915
1956-08-07,14.66553118889701
1956-08-08,14.753524376030391
1956-08-09,14.77122860528163
1956-08-10,14.709189445139447
1956-08-13,14.598870524300903
1956-08-14,14.652886345240816
1956-08-15,14.651421056606292
1956-08-16,14.638234777655347
1956-08-17,14.638234777655347
1956-08-20,14.502099194223153
1956-08-21,14.346926732844965
1956-08-22,14.286669640567016
1956-08-23,14.406677665547779
1956-08-24,14.418203007680216
1956-08-27,14.338902891137975
1956-08-28,14.288716731018992
1956-08-29,14.232990735768018
1956-08-30,14.102047220998953
1956-08-31,14.25152892154154
1956-09-04,14.358415388453103
1956-09-05,14.41154152539038
1956-09-06,14.42883537522085
1956-09-07,14.3538054312697
1956-09-10,14.296390209544622
1956-09-11,14.206322951224491
1956-09-12,14.131029439583003
1956-09-13,14.10700668953571
1956-09-14,14.164845416962807
1956-09-17,14.13651572612888
1956-09-18,14.026250903465074
1956-09-19,13.897209395153196
1956-09-20,13.862466371665313
1956-09-21,13.95950363626697
1956-09-24,13.885518266994755
1956-09-25,13.695286666736926
1956-09-26,13.689808552070232
1956-09-27,13.632311356151538
1956-09-28,13.540974870065321
1956-10-01,13.336506149527334
1956-10-02,13.568561356529111
1956-10-03,13.772089776877046
1956-10-04,13.766580940966296
1956-10-05,13.817517290447872
1956-10-08,13.818899042176916
1956-10-09,13.755332106582902
1956-10-10,13.899763093702022
1956-10-11,13.920612738342577
1956-10-12,13.9581983927361
1956-10-15,13.962385852253922
1956-10-16,13.910725024600582
1956-10-17,13.814741021930837
1956-10-18,13.839607555770312
1956-10-19,13.836839634259158
1956-10-22,13.810549638954067
1956-10-23,13.802263309170694
1956-10-24,13.749814708595846
1956-10-25,13.709940245940917
1956-10-26,13.83195871412979
1956-10-29,13.856856239815224
1956-10-30,13.830528212959575
1956-10-31,13.642433029263323
1956-11-01,13.882539850578357
1956-11-02,13.997764931338157
1956-11-05,14.192333863883757
1956-11-07,14.105760627314066
1956-11-08,14.002788574734673
1956-11-09,13.935575189575946
1956-11-12,14.006646623042785
1956-11-13,14.003845293718177
1956-11-14,13.914220683838382
1956-11-15,13.846041002487574
1956-11-16,13.836348773785833
1956-11-19,13.696601651170596
1956-11-20,13.617161361593807
1956-11-21,13.587203606598301
1956-11-23,13.714923320500326
1956-11-26,13.672407058206774
1956-11-27,13.677876021030057
1956-11-28,13.543832836023963
1956-11-29,13.511327637217507
1956-11-30,13.716699817303214
1956-12-03,13.933423674416606
1956-12-04,13.925063620211954
1956-12-05,14.057351724603969
1956-12-06,14.131855688744372
1956-12-07,14.17001169910398
1956-12-10,14.12891866517658
1956-12-11,14.066751423049803
1956-12-12,13.979537564226895
1956-12-13,14.07599637342006
1956-12-14,14.1041483661669
1956-12-17,14.098506706820434
1956-12-18,14.101326408161798
1956-12-19,14.064662959500577
1956-12-20,13.978868515447624
1956-12-21,14.06274172654031
1956-12-26,14.099304855029313
1956-12-27,14.089435341630793
1956-12-28,14.12465892998487
1956-12-31,14.176920168025815
1957-01-02,14.074846342816029
1957-01-03,14.187445113558557
1957-01-04,14.212982514762963
1957-01-07,14.149024093446531
1957-01-08,14.132045264534396
1957-01-09,14.106607583058233
1957-01-10,14.16162335263216
1957-01-11,14.148877891614791
1957-01-14,14.048420858584327
1957-01-15,13.895293071225758
1957-01-16,13.888345424690145
1957-01-17,13.848069222958545
1957-01-18,13.680507585360747
1957-01-21,13.635361910329056
1957-01-22,13.680358604633144
1957-01-23,13.758336648679553
1957-01-24,13.79410832396612
1957-01-25,13.72513778234629
1957-01-28,13.631806845426334
1957-01-29,13.664523181855357
1957-01-30,13.73694515471919
1957-01-31,13.702602791832394
1957-02-01,13.65053290122343
1957-02-04,13.625961942001227
1957-02-05,13.455637417726212
1957-02-06,13.477166437594574
1957-02-07,13.431344071706754
1957-02-08,13.376275561012756
1957-02-11,13.146203621363336
1957-02-12,13.07652874217011
1957-02-13,13.280522590547964
1957-02-14,13.288490904102291
1957-02-15,13.453268191313159
1957-02-18,13.4250163281114
1957-02-19,13.453208862400434
1957-02-20,13.515093623167475
1957-02-21,13.463736267399439
1957-02-25,13.466429014652919
1957-02-26,13.493361872682225
1957-02-27,13.471772493685933
1957-02-28,13.447523303197297
1957-03-01,13.568551012926072
1957-03-04,13.66217401491526
1957-03-05,13.720921363179396
1957-03-06,13.764828311541573
1957-03-07,13.73041624076272
1957-03-08,13.683732825544126
1957-03-11,13.611209041568744
1957-03-12,13.609847920664587
1957-03-13,13.687424053812375
1957-03-14,13.701111477866187
1957-03-15,13.7202930339352
1957-03-18,13.666783891102853
1957-03-19,13.717350991499934
1957-03-20,13.736555282888036
1957-03-21,13.74204990500119
1957-03-22,13.72143683014369
1957-03-25,13.6651789391401
1957-03-26,13.687043225442725
1957-03-27,13.729473059441599
1957-03-28,13.777526215149646
1957-03-29,13.759615431069951
1957-04-01,13.759615431069951
1957-04-02,13.842173123656371
1957-04-03,13.892004946901535
1957-04-04,13.860053335523661
1957-04-05,13.871141378192078
1957-04-08,13.876689834743354
1957-04-09,13.994641698338672
1957-04-10,14.070212763509701
1957-04-11,14.082875954996858
1957-04-12,14.111041706906851
1957-04-15,14.095519561029255
1957-04-16,14.106795976678077
1957-04-17,14.139241607424436
1957-04-18,14.238216298676406
1957-04-22,14.253878336604952
1957-04-23,14.336550830957261
1957-04-24,14.36092296736989
1957-04-25,14.316404106171042
1957-04-26,14.300656061654253
1957-04-29,14.356428620294706
1957-04-30,14.37365633463906
1957-05-01,14.45414881011304
1957-05-02,14.561109511307878
1957-05-03,14.552372845601093
1957-05-06,14.534909998186372
1957-05-07,14.511654142189272
1957-05-08,14.571151924172248
1957-05-09,14.59155153686609
1957-05-10,14.6557543636283
1957-05-13,14.761275795046426
1957-05-14,14.700754564286736
1957-05-15,14.737506450697452
1957-05-16,14.80087772843545
1957-05-17,14.845280361620755
1957-05-20,14.886847146633292
1957-05-21,14.898756624350597
1957-05-22,14.851080603152676
1957-05-23,14.840684846730468
1957-05-24,14.861461805515892
1957-05-27,14.732167087807904
1957-05-28,14.713015270593754
1957-05-29,14.835133297339683
1957-05-31,14.903374910507445
1957-06-03,14.876548835668531
1957-06-04,14.85869697706573
1957-06-05,14.86315458615885
1957-06-06,14.958278775510266
1957-06-07,14.964262087020469
1957-06-10,14.868490809663538
1957-06-11,15.057320642946264
1957-06-12,15.082918088039273
1957-06-13,15.10855904878894
1957-06-14,15.107048192884061
1957-06-17,15.132730174811964
1957-06-18,15.067659435060273
1957-06-19,14.930543734201224
1957-06-20,14.846932689289696
1957-06-21,14.762305172960744
1957-06-24,14.65454034519813
1957-06-25,14.752725765510958
1957-06-26,14.730596676862692
1957-06-27,14.785099884567085
1957-06-28,14.820584124290045
1957-07-01,14.848743234126196
1957-07-02,14.97644242593968
1957-07-03,15.096253965347199
1957-07-05,15.214004746276908
1957-07-08,15.27181796431276
1957-07-09,15.23516560119841
1957-07-10,15.33724121072644
1957-07-11,15.278959694125678
1957-07-12,15.343131324841005
1957-07-15,15.355405829900876
1957-07-16,15.281699881917351
1957-07-17,15.19306602260223
1957-07-18,15.179392263181887
1957-07-19,15.18394608086084
1957-07-22,15.152059794091032
1957-07-23,15.135392528317533
1957-07-24,15.147500842340186
1957-07-25,15.147500842340186
1957-07-26,15.097514089560464
1957-07-29,14.929931683166343
1957-07-30,14.94934059435446
1957-07-31,14.950835528413895
1957-08-01,14.914953523145703
1957-08-02,14.903021560327186
1957-08-05,14.776345877064406
1957-08-06,14.615283707004403
1957-08-07,14.73659056177254
1957-08-08,14.692380790087222
1957-08-09,14.696788504324248
1957-08-12,14.536593509627114
1957-08-13,14.53513985027615
1957-08-14,14.354904116132728
1957-08-15,14.367823529837246
1957-08-16,14.390812047484985
1957-08-19,14.115947537378021
1957-08-20,14.223228738662096
1957-08-21,14.30430114247247
1957-08-22,14.20989275493215
1957-08-23,14.012375245638593
1957-08-26,13.814800754675089
1957-08-27,14.028930166372554
1957-08-28,14.04716777558884
1957-08-29,13.98395552059869
1957-08-30,14.217487577792687
1957-09-03,14.281466271892754
1957-09-04,14.161501955208855
1957-09-05,14.111936698365625
1957-09-06,14.075245662949873
1957-09-09,13.95842112394739
1957-09-10,13.836982860169048
1957-09-11,13.942143929906333
1957-09-12,14.11502651463717
1957-09-13,14.109380504031316
1957-09-16,14.044477353712772
1957-09-17,14.066948517478712
1957-09-18,14.086642245403183
1957-09-19,14.002122391930765
1957-09-20,13.782289070377452
1957-09-23,13.490104542085449
1957-09-24,13.577790221609003
1957-09-25,13.408067843838891
1957-09-26,13.43890639987972
1957-09-27,13.436218618599744
1957-09-30,13.393222719020224
1957-10-01,13.492332567140975
1957-10-02,13.607017393961673
1957-10-03,13.613820902658652
1957-10-04,13.518524156340042
1957-10-07,13.264375902200849
1957-10-08,13.159587332573462
1957-10-09,13.184590548505351
1957-10-10,12.858931161957269
1957-10-11,12.84350044456292
1957-10-14,12.935973647763774
1957-10-15,13.07309496843007
1957-10-16,12.97373944667
1957-10-17,12.741509510574607
1957-10-18,12.633206679734723
1957-10-21,12.251683838006734
1957-10-22,12.184299576897697
1957-10-23,12.724064048154265
1957-10-24,12.738060518607236
1957-10-25,12.696024918895832
1957-10-28,12.64143201174458
1957-10-29,12.722337176619746
1957-10-30,12.833021510056337
1957-10-31,12.849704438019412
1957-11-01,12.668523605443339
1957-11-04,12.660922491280072
1957-11-06,12.688776520760888
1957-11-07,12.761102546929225
1957-11-08,12.634767631714626
1957-11-11,12.62086938731974
1957-11-12,12.47446730242683
1957-11-13,12.455755601473191
1957-11-14,12.379775492304205
1957-11-15,12.707839542850266
1957-11-18,12.60744761046175
1957-11-19,12.530542180037932
1957-11-20,12.583170457194091
1957-11-21,12.75681820950337
1957-11-22,12.885662073419354
1957-11-25,12.991324502421392
1957-11-26,12.656148330258919
1957-11-27,13.018114172504323
1957-11-29,13.175633353991625
1957-12-02,13.070228287159692
1957-12-03,13.078070424131987
1957-12-04,13.135613933998167
1957-12-05,13.143495302358565
1957-12-06,13.06594868007465
1957-12-09,12.969260659842098
1957-12-10,12.861615796365408
1957-12-11,12.841037211091223
1957-12-12,12.86029876690786
1957-12-13,12.918170111358945
1957-12-16,12.729564827733105
1957-12-17,12.513162225661642
1957-12-18,12.501900379658546
1957-12-19,12.629419763531063
1957-12-20,12.525858521470107
1957-12-23,12.518343006357226
1957-12-24,12.533365017964856
1957-12-26,12.659952004646302
1957-12-27,12.624504139033291
1957-12-30,12.556331816682512
1957-12-31,12.685662034394342
1958-01-02,12.811250088534846
1958-01-03,12.98548308973892
1958-01-06,12.930944060762018
1958-01-07,13.03568470765419
1958-01-08,13.036988276124955
1958-01-09,12.958766346468206
1958-01-10,12.844729202619286
1958-01-13,12.883263390227143
1958-01-14,12.942526401822187
1958-01-15,13.051243623597493
1958-01-16,13.078651235207047
1958-01-17,13.094345616689298
1958-01-20,13.167673952142758
1958-01-21,13.161090115166688
1958-01-22,13.133451825924839
1958-01-23,13.18729897841113
1958-01-24,13.303347209421148
1958-01-27,13.275410180281364
1958-01-28,13.280720344353476
1958-01-29,13.357748522350727
1958-01-30,13.300310203704619
1958-01-31,13.30430029676573
1958-02-03,13.406743409050826
1958-02-04,13.547514214845858
1958-02-05,13.483840898036082
1958-02-06,13.455524832150207
1958-02-07,13.35460839590908
1958-02-10,13.281158049731582
1958-02-11,13.174908785333729
1958-02-12,13.122209150192393
1958-02-13,13.12745803385247
1958-02-14,13.249543393567299
1958-02-17,13.18064576792075
1958-02-18,13.204370930303007
1958-02-19,13.208332241582097
1958-02-20,13.134365581029236
1958-02-21,13.123858088564413
1958-02-24,13.054301640695021
1958-02-25,13.042552769218396
1958-02-26,13.145588936095221
1958-02-27,13.078546432521135
1958-02-28,13.126937054321463
1958-03-03,13.216200226290848
1958-03-04,13.27170826724127
1958-03-05,13.33010378361713
1958-03-06,13.484732987507089
1958-03-07,13.509005506884602
1958-03-10,13.536023517898371
1958-03-11,13.645665308393347
1958-03-12,13.623832243899917
1958-03-13,13.634731309695036
1958-03-14,13.615642685861463
1958-03-17,13.505355980105985
1958-03-18,13.478345268145773
1958-03-19,13.544389159959685
1958-03-20,13.54303472104369
1958-03-21,13.641898874507309
1958-03-24,13.677367811581027
1958-03-25,13.648645339176706
1958-03-26,13.614523725828766
1958-03-27,13.576403059396446
1958-03-28,13.594052383373663
1958-03-31,13.553270226223542
1958-04-01,13.50041247234127
1958-04-02,13.396459296304242
1958-04-03,13.36028885620422
1958-04-07,13.308183729665023
1958-04-08,13.407995107637511
1958-04-09,13.416039904702092
1958-04-10,13.433480756578206
1958-04-11,13.456317673864389
1958-04-14,13.534364316372802
1958-04-15,13.664294213809981
1958-04-16,13.564544866049168
1958-04-17,13.609307864107132
1958-04-18,13.745400942748203
1958-04-21,13.810004327179119
1958-04-22,13.761669312033993
1958-04-23,13.778183315208436
1958-04-24,13.88427532673554
1958-04-25,13.952308275836543
1958-04-28,13.900684735215947
1958-04-29,13.839521722380997
1958-04-30,13.970997178743618
1958-05-01,13.993350774229608
1958-05-02,14.052122847481373
1958-05-05,14.087253154600075
1958-05-06,14.173185398843136
1958-05-07,14.15759489490441
1958-05-08,14.184494325204728
1958-05-09,14.198678819529931
1958-05-12,14.143303972133765
1958-05-13,14.115017364189498
1958-05-14,13.959752173183414
1958-05-15,14.036530810135924
1958-05-16,14.047760034784032
1958-05-19,14.01404541070055
1958-05-20,14.133164796691505
1958-05-21,14.12468489781349
1958-05-22,14.199545727771902
1958-05-23,14.239304455809663
1958-05-26,14.240728386255244
1958-05-27,14.225063585030362
1958-05-28,14.243556167690903
1958-05-29,14.326168793463511
1958-06-02,14.393501786792788
1958-06-03,14.442439692867884
1958-06-04,14.45254940065289
1958-06-05,14.477118734634
1958-06-06,14.508968395850195
1958-06-09,14.495910324293929
1958-06-10,14.469817685710199
1958-06-11,14.479946558090194
1958-06-12,14.559586264159691
1958-06-13,14.645487823118234
1958-06-16,14.702605225628396
1958-06-17,14.746713041305279
1958-06-18,14.69362487435658
1958-06-19,14.526117550788916
1958-06-20,14.604558585563177
1958-06-23,14.553442630513707
1958-06-24,14.505416269833013
1958-06-25,14.540229268880612
1958-06-26,14.611476392298126
1958-06-27,14.65238852619656
1958-06-30,14.746163812764218
1958-07-01,14.759435360195704
1958-07-02,14.774194795555898
1958-07-03,14.825904477340345
1958-07-07,14.870382190772364
1958-07-08,14.793056203380349
1958-07-09,14.744239117909194
1958-07-10,14.812062617851575
1958-07-11,14.906859818605826
1958-07-14,14.720524070873253
1958-07-15,14.73966075216539
1958-07-16,14.772088005820153
1958-07-17,14.881401457063223
1958-07-18,14.93943892274577
1958-07-21,15.112736414249623
1958-07-22,15.138428066153848
1958-07-23,15.139941908960463
1958-07-24,15.220183601077954
1958-07-25,15.323680849565283
1958-07-28,15.375781364453806
1958-07-29,15.33426675476978
1958-07-30,15.394070395113383
1958-07-31,15.392530988073872
1958-08-01,15.509514223583235
1958-08-04,15.652201754440203
1958-08-05,15.575505965843446
1958-08-06,15.50853129019032
1958-08-07,15.618641862350673
1958-08-08,15.701420664221132
1958-08-11,15.756375636545908
1958-08-12,15.63032463145354
1958-08-13,15.664711345642738
1958-08-14,15.700740181737716
1958-08-15,15.562573668138423
1958-08-18,15.478535770330476
1958-08-19,15.506397134717071
1958-08-20,15.528106090705675
1958-08-21,15.62127472724991
1958-08-22,15.650955149231685
1958-08-25,15.663475913351068
1958-08-26,15.722997121821802
1958-08-27,15.72928632067053
1958-08-28,15.650639889067177
1958-08-29,15.686636360812031
1958-09-02,15.768206869888255
1958-09-03,15.831279697367808
1958-09-04,15.80594964985202
1958-09-05,15.790143700202167
1958-09-08,15.851725260632955
1958-09-09,15.937324577040375
1958-09-10,15.897481265597774
1958-09-11,16.00240464195072
1958-09-12,15.963998870810038
1958-09-15,16.104482060873163
1958-09-16,16.210771642474924
1958-09-17,16.199424102325192
1958-09-18,16.129766578685196
1958-09-19,16.237836014762387
1958-09-22,16.172884670703336
1958-09-23,16.281242997997047
1958-09-24,16.344739845689237
1958-09-25,16.282629834275617
1958-09-26,16.32007988289445
1958-09-29,16.390256226390896
1958-09-30,16.450900174428543
1958-10-01,16.417998374079687
1958-10-02,16.47217776871415
1958-10-03,16.54136091534275
1958-10-06,16.63399253646867
1958-10-07,16.72048929765831
1958-10-08,16.742225933745267
1958-10-09,16.750597046712137
1958-10-10,16.85110062899241
1958-10-13,16.91344970131968
1958-10-14,16.79167286347018
1958-10-15,16.59521029096758
1958-10-16,16.72299341020803
1958-10-17,16.878517248922964
1958-10-20,16.83294525235087
1958-10-21,16.827895368775167
1958-10-22,16.775728893131962
1958-10-23,16.74888772690295
1958-10-24,16.713715062676453
1958-10-27,16.58836219970638
1958-10-28,16.66300982960506
1958-10-29,16.84963553969664
1958-10-30,16.878279920114124
1958-10-31,16.906972995978318
1958-11-03,16.977982282561427
1958-11-05,17.156251096528322
1958-11-06,17.26433547843645
1958-11-07,17.241891842314484
1958-11-10,17.35913670684222
1958-11-11,17.496273886826277
1958-11-12,17.5242679250452
1958-11-13,17.462932987307543
1958-11-14,17.55199394554281
1958-11-17,17.599384329195775
1958-11-18,17.5747451911349
1958-11-19,17.606379732478945
1958-11-20,17.61870419829168
1958-11-21,17.460135860507055
1958-11-24,17.037600572682784
1958-11-25,16.935374969246688
1958-11-26,17.246985868680827
1958-11-28,17.447050904757525
1958-12-01,17.520328518557506
1958-12-02,17.453751270186988
1958-12-03,17.483422647346305
1958-12-04,17.49740938546418
1958-12-05,17.48866068077145
1958-12-08,17.527135734269145
1958-12-09,17.62002955366077
1958-12-10,17.82265989352787
1958-12-11,17.778103243794053
1958-12-12,17.753213899252742
1958-12-15,17.799372255390796
1958-12-16,17.859890121059127
1958-12-17,17.979551384870224
1958-12-18,18.046075724994243
1958-12-19,18.01720200383425
1958-12-22,17.90729707161086
1958-12-23,17.815969856545642
1958-12-24,18.06183024056597
1958-12-29,18.224386712731064
1958-12-30,18.29910669825326
1958-12-31,18.38511249973505
1959-01-02,18.460491460983963
1959-01-05,18.526949230243506
1959-01-06,18.510274975936287
1959-01-07,18.29185373122024
1959-01-08,18.469284712413078
1959-01-09,18.598569705399967
1959-01-12,18.619028132075908
1959-01-13,18.529656797041945
1959-01-14,18.583392801753366
1959-01-15,18.654009694400028
1959-01-16,18.657740496338906
1959-01-19,18.62602233749513
1959-01-20,18.650236166533876
1959-01-21,18.754677489066466
1959-01-22,18.71904360183724
1959-01-23,18.739634549799263
1959-01-26,18.653432230870184
1959-01-27,18.657162917316356
1959-01-28,18.453799841517608
1959-01-29,18.47040826137497
1959-01-30,18.54983101689888
1959-02-02,18.494181523848184
1959-02-03,18.521922796133957
1959-02-04,18.46820922002517
1959-02-05,18.399876845911077
1959-02-06,18.276597671043472
1959-02-09,18.029863602484387
1959-02-10,18.284084679279417
1959-02-11,18.298711947022838
1959-02-12,18.198069031314212
1959-02-13,18.343653583564727
1959-02-16,18.385843986806925
1959-02-17,18.332525039245184
1959-02-18,18.418687906929634
1959-02-19,18.58813983567339
1959-02-20,18.749856652243746
1959-02-24,18.746106680913297
1959-02-25,18.687993750202466
1959-02-26,18.73658253395299
1959-02-27,18.76468740775392
1959-03-02,18.86414025101502
1959-03-03,19.03203109924905
1959-03-04,19.058675942788
1959-03-05,19.098699162267856
1959-03-06,19.033763585116144
1959-03-09,19.02805345604061
1959-03-10,19.090846032445544
1959-03-11,19.129027724510436
1959-03-12,19.215108349270732
1959-03-13,19.236244968454933
1959-03-16,19.03234077178931
1959-03-17,19.192212434272342
1959-03-18,19.16726255810779
1959-03-19,19.144261843038063
1959-03-20,19.163406104881098
1959-03-23,18.98901910932668
1959-03-24,19.0250982456344
1959-03-25,19.000365617915076
1959-03-26,18.977565179173578
1959-03-30,18.863699788098536
1959-03-31,18.85804067816211
1959-04-01,18.925929624603494
1959-04-02,19.035700016426194
1959-04-03,19.18417847655432
1959-04-06,19.22446525135508
1959-04-07,19.201395893053455
1959-04-08,19.109229192766797
1959-04-09,19.105407346928246
1959-04-10,19.13597599868333
1959-04-13,19.202951914678724
1959-04-14,19.30856815020946
1959-04-15,19.38773327962532
1959-04-16,19.515692319270844
1959-04-17,19.67376942705694
1959-04-20,19.744594996994344
1959-04-21,19.72485040199735
1959-04-22,19.604528814545166
1959-04-23,19.559438398271713
1959-04-24,19.668971253302036
1959-04-27,19.743713344064584
1959-04-28,19.680533461363577
1959-04-29,19.621491860979486
1959-04-30,19.58617317562972
1959-05-01,19.613593818075604
1959-05-04,19.621439255602834
1959-05-05,19.65675784626292
1959-05-06,19.629238385278153
1959-05-07,19.383872905462177
1959-05-08,19.538943888705873
1959-05-11,19.622961347427307
1959-05-12,19.64650890104422
1959-05-13,19.750635398219757
1959-05-14,19.882964655387827
1959-05-15,19.81337427909397
1959-05-18,19.803467591954426
1959-05-19,19.850995914175115
1959-05-20,19.787472727249757
1959-05-21,19.803302705431555
1959-05-22,19.87459459517111
1959-05-25,19.787146378952357
1959-05-26,19.77329537648709
1959-05-27,19.816796626315362
1959-05-28,19.878228695856944
1959-05-29,19.9676807249883
1959-06-01,19.94571627619081
1959-06-02,19.81606912039557
1959-06-03,19.81805072730761
1959-06-04,19.604015779452688
1959-06-05,19.580490960517345
1959-06-08,19.310280185262204
1959-06-09,19.188625420095054
1959-06-10,19.47261707631246
1959-06-11,19.507667787049822
1959-06-12,19.51352008738594
1959-06-15,19.419855190966484
1959-06-16,19.291684146706103
1959-06-17,19.473025977685143
1959-06-18,19.46523676729407
1959-06-19,19.504167240828657
1959-06-22,19.502216824104575
1959-06-23,19.49051549401011
1959-06-24,19.582120916831958
1959-06-25,19.691780793966217
1959-06-26,19.772517095221477
1959-06-29,19.908947463178503
1959-06-30,19.95672893709013
1959-07-01,20.116382768586853
1959-07-02,20.214953044152928
1959-07-06,20.32613528589577
1959-07-07,20.427765962325246
1959-07-08,20.454322058076272
1959-07-09,20.409322549548506
1959-07-10,20.41952721082328
1959-07-13,20.23779341864695
1959-07-14,20.298506798902892
1959-07-15,20.324894857741466
1959-07-16,20.251725236253595
1959-07-17,20.195020405592086
1959-07-20,20.098084307645244
1959-07-21,20.266908215829464
1959-07-22,20.339869085406452
1959-07-23,20.364276928308943
1959-07-24,20.368349783694605
1959-07-27,20.474265202569818
1959-07-28,20.58073138162318
1959-07-29,20.671286599702324
1959-07-30,20.62374264052301
1959-07-31,20.629929763315165
1959-08-03,20.691819552605107
1959-08-04,20.652505095455158
1959-08-05,20.56782982456379
1959-08-06,20.5390348628094
1959-08-07,20.415800653632544
1959-08-10,20.029942021278888
1959-08-11,20.272304319736364
1959-08-12,20.239868632824784
1959-08-13,20.199388895559135
1959-08-14,20.24988736779803
1959-08-17,20.209387593062434
1959-08-18,20.029524043484177
1959-08-19,19.915355756436316
1959-08-20,20.200145343753356
1959-08-21,20.188025256547103
1959-08-24,20.107273155520915
1959-08-25,20.157541338409715
1959-08-26,20.18979340455117
1959-08-27,20.377558483213498
1959-08-28,20.340878877943712
1959-08-31,20.383594723587393
1959-09-01,20.1410299463767
1959-09-02,20.151100461349888
1959-09-03,19.919362806044365
1959-09-04,20.030911237758215
1959-09-08,19.752481571553375
1959-09-09,19.59841221529526
1959-09-10,19.488661106889605
1959-09-11,19.636774931301968
1959-09-14,19.503244861769115
1959-09-15,19.38037441913997
1959-09-16,19.39200264379145
1959-09-17,19.29892103110125
1959-09-18,19.165758475986653
1959-09-21,18.876355522999255
1959-09-22,18.827276998639455
1959-09-23,19.08709342122068
1959-09-24,19.40203046267082
1959-09-25,19.398150056578285
1959-09-28,19.528117661957356
1959-09-29,19.643333556162904
1959-09-30,19.446900220601275
1959-10-01,19.47607057093218
1959-10-02,19.557870067330093
1959-10-05,19.534400623249297
1959-10-06,19.524633422937672
1959-10-07,19.489489082776384
1959-10-08,19.45830590024394
1959-10-09,19.528355801484818
1959-10-12,19.637714593973133
1959-10-13,19.580765221650612
1959-10-14,19.437825635532562
1959-10-15,19.49225154731205
1959-10-16,19.65208801000001
1959-10-19,19.54596673474601
1959-10-20,19.428690934337535
1959-10-21,19.39566215974916
1959-10-22,19.215282501663495
1959-10-23,19.42280755268146
1959-10-26,19.54711352101862
1959-10-27,19.70349042918677
1959-10-28,19.717282872487196
1959-10-29,19.699537317901957
1959-10-30,19.736966438805972
1959-11-02,19.709334685791646
1959-11-04,19.681741617231538
1959-11-05,19.703391533010493
1959-11-06,19.81176018644205
1959-11-09,19.784023722181033
1959-11-10,19.791937331669903
1959-11-11,19.80579168780207
1959-11-12,19.70874330853184
1959-11-13,19.60231609466577
1959-11-16,19.404332702109645
1959-11-17,19.452843533864918
1959-11-18,19.655153106617114
1959-11-19,19.63942898413182
1959-11-20,19.655140527319123
1959-11-23,19.690519780268296
1959-11-24,19.7791271192795
1959-11-25,19.812751635382277
1959-11-27,19.905871568068573
1959-11-30,20.09099617365161
1959-12-01,20.23163314686717
1959-12-02,20.193193043888122
1959-12-03,20.251753303715397
1959-12-04,20.300357511644314
1959-12-07,20.361258584179247
1959-12-08,20.475281632250653
1959-12-09,20.350382414293925
1959-12-10,20.372767834949652
1959-12-11,20.34017140641373
1959-12-14,20.395089869211045
1959-12-15,20.340023126564173
1959-12-16,20.37053316125402
1959-12-17,20.346088521460516
1959-12-18,20.441715137511377
1959-12-21,20.466245195676393
1959-12-22,20.43759245240245
1959-12-23,20.382410952780962
1959-12-24,20.404831604829024
1959-12-28,20.382386290063714
1959-12-29,20.467992312481982
1959-12-30,20.633783050213086
1959-12-31,20.677113994618534
1960-01-04,20.67504628321907
1960-01-05,20.840446653484825
1960-01-06,20.746664643544143
1960-01-07,20.615960656289815
1960-01-08,20.552051178255315
1960-01-11,20.319812999941032
1960-01-12,20.20602204714136
1960-01-13,20.10297133470094
1960-01-14,20.219568568442206
1960-01-15,20.225634439012737
1960-01-18,20.061806800056733
1960-01-19,19.865201093416175
1960-01-20,19.80957853035461
1960-01-21,19.857121518827462
1960-01-22,19.91669288338394
1960-01-25,19.711550946685087
1960-01-26,19.745060583294453
1960-01-27,19.693723425777886
1960-01-28,19.50269430854784
1960-01-29,19.31741871261664
1960-02-01,19.415937548050987
1960-02-02,19.71688458004578
1960-02-03,19.555206126489402
1960-02-04,19.54151748220086
1960-02-05,19.445764046538073
1960-02-08,19.251306406072693
1960-02-09,19.424568163727347
1960-02-10,19.31579058201047
1960-02-11,19.219211629100418
1960-02-12,19.307620002594277
1960-02-15,19.214943426581822
1960-02-16,19.04777341877056
1960-02-17,19.167774391308814
1960-02-18,19.432289677908877
1960-02-19,19.57220216358982
1960-02-23,19.476298372988232
1960-02-24,19.421764737543864
1960-02-25,19.511104855336566
1960-02-26,19.596953716700046
1960-02-29,19.583235849098354
1960-03-01,19.55777764249453
1960-03-02,19.424784754525565
1960-03-03,19.129528026256775
1960-03-04,19.056835819756998
1960-03-07,18.851021992903622
1960-03-08,18.67759259056891
1960-03-09,18.884913868324226
1960-03-10,18.82637063533242
1960-03-11,18.967568415097414
1960-03-14,19.00550355192761
1960-03-15,19.15754758034303
1960-03-16,19.260998337276884
1960-03-17,19.23018073993724
1960-03-18,19.245564884529188
1960-03-21,19.264810449413716
1960-03-22,19.338016729121488
1960-03-23,19.488853259608636
1960-03-24,19.57265532862495
1960-03-25,19.576569859690675
1960-03-28,19.533501405999356
1960-03-29,19.500294453609158
1960-03-30,19.472994041374104
1960-03-31,19.354208777721723
1960-04-01,19.39485261615494
1960-04-04,19.431702836125634
1960-04-05,19.538577201724326
1960-04-06,19.737870689181914
1960-04-07,19.75366098573326
1960-04-08,19.714153663761792
1960-04-11,19.639239879839497
1960-04-12,19.682446207575143
1960-04-13,19.67850971833363
1960-04-14,19.731641694573128
1960-04-18,19.777024470470646
1960-04-19,19.634629894283258
1960-04-20,19.40686818750957
1960-04-21,19.472851539347104
1960-04-22,19.4222221253448
1960-04-25,19.226057681878817
1960-04-26,19.295271489533583
1960-04-27,19.291412435235678
1960-04-28,19.127435429536174
1960-04-29,19.06240214907575
1960-05-02,18.967090138330374
1960-05-03,19.22883598223933
1960-05-04,19.309597093364737
1960-05-05,19.24780638266597
1960-05-06,19.22663379564504
1960-05-09,19.249705756199816
1960-05-10,19.139982433389477
1960-05-11,19.18591839122961
1960-05-12,19.291440942381374
1960-05-13,19.463134766768565
1960-05-16,19.449510572431826
1960-05-17,19.523418712607068
1960-05-18,19.52927573822085
1960-05-19,19.61520455146902
1960-05-20,19.656396481027105
1960-05-23,19.642637003490385
1960-05-24,19.632815684988643
1960-05-25,19.626925840283146
1960-05-26,19.644590073539398
1960-05-27,19.660305745598226
1960-05-31,19.693728265365742
1960-06-01,19.727207603416865
1960-06-02,19.800198271549508
1960-06-03,19.83979866809261
1960-06-06,20.06200441317525
1960-06-07,20.25660585598305
1960-06-08,20.410556060488524
1960-06-09,20.435048727761114
1960-06-10,20.449353261870545
1960-06-13,20.463667809153854
1960-06-14,20.461621442372937
1960-06-15,20.35317484872836
1960-06-16,20.334856991364507
1960-06-17,20.31655562007228
1960-06-20,20.24341601984002
1960-06-21,20.225196945422162
1960-06-22,20.26969237870209
1960-06-23,20.36698690211986
1960-06-24,20.39957408116325
1960-06-27,20.287376423716854
1960-06-28,20.147393526393206
1960-06-29,20.157467223156402
1960-06-30,20.147388489544824
1960-07-01,20.197756960768686
1960-07-05,20.177559203807917
1960-07-06,20.147292865002207
1960-07-07,20.25608824647322
1960-07-08,20.310779684738694
1960-07-11,20.134075901481467
1960-07-12,19.920654696925762
1960-07-13,19.87085306018345
1960-07-14,19.874827230795486
1960-07-15,19.86687729990317
1960-07-18,19.74568934837376
1960-07-19,19.749638486243434
1960-07-20,19.721988992362693
1960-07-21,19.552379887028373
1960-07-22,19.41942370379658
1960-07-25,19.205810043054814
1960-07-26,19.342171294360504
1960-07-27,19.216447180947164
1960-07-28,19.37402204783093
1960-07-29,19.713067433667973
1960-08-01,19.705182206694506
1960-08-02,19.54557023082028
1960-08-03,19.443933265620018
1960-08-04,19.506153852070003
1960-08-05,19.710968467516736
1960-08-08,19.75039040445177
1960-08-09,19.862967629757147
1960-08-10,19.95036468732808
1960-08-11,20.034156219014857
1960-08-12,20.172391896926058
1960-08-15,20.170374657736367
1960-08-16,20.22080059438071
1960-08-17,20.28146299616385
1960-08-18,20.28146299616385
1960-08-19,20.346363677751576
1960-08-22,20.405368132417053
1960-08-23,20.593097519235293
1960-08-24,20.698122316583394
1960-08-25,20.611190202853745
1960-08-26,20.555539989306038
1960-08-29,20.510317801329563
1960-08-30,20.303163591536133
1960-08-31,20.351891184155818
1960-09-01,20.39666534476096
1960-09-02,20.378308345950675
1960-09-06,20.19694140167171
1960-09-07,19.952558410711482
1960-09-08,19.94657264318827
1960-09-09,20.068246736311718
1960-09-12,19.939809957199323
1960-09-13,19.973707634126562
1960-09-14,19.825902197634026
1960-09-15,19.74858117906325
1960-09-16,19.715008591058844
1960-09-19,19.2655063951827
1960-09-20,19.321376363728728
1960-09-21,19.52618295318425
1960-09-22,19.453936076257467
1960-09-23,19.276905257963524
1960-09-26,18.993534750671458
1960-09-27,18.94035285336958
1960-09-28,18.77935985411594
1960-09-29,18.833819997692874
1960-09-30,19.170945375651577
1960-10-03,19.123018012212448
1960-10-04,18.98150767892208
1960-10-05,19.114378232674532
1960-10-06,19.22715306424731
1960-10-07,19.334825121407096
1960-10-10,19.361893876577067
1960-10-11,19.383191959841305
1960-10-12,19.359932129489497
1960-10-13,19.522555559377206
1960-10-14,19.627977359397846
1960-10-17,19.559279438639955
1960-10-18,19.45952711350289
1960-10-19,19.420608059275885
1960-10-20,19.267185255607604
1960-10-21,19.07644012157709
1960-10-24,18.832261688020903
1960-10-25,18.69290295152955
1960-10-26,18.962080754031575
1960-10-27,19.176352266552133
1960-10-28,19.090058681352648
1960-10-31,19.0766956402757
1960-11-01,19.26746259667846
1960-11-02,19.369580148440857
1960-11-03,19.45286934307915
1960-11-04,19.62016401942963
1960-11-07,19.700606691909293
1960-11-09,19.785319300684503
1960-11-10,20.06824936668429
1960-11-11,19.981955894407548
1960-11-14,19.906024462008798
1960-11-15,20.00555458431884
1960-11-16,19.97354569698393
1960-11-17,19.92361183274147
1960-11-18,20.029206975455004
1960-11-21,20.087291675683822
1960-11-22,20.021003613154065
1960-11-23,20.069054021825632
1960-11-25,20.203516683771863
1960-11-28,20.181292815419713
1960-11-29,20.11671267841037
1960-11-30,20.016129115018316
1960-12-01,19.940067824381245
1960-12-02,19.973965939682692
1960-12-05,19.938012800991263
1960-12-06,20.03172146115592
1960-12-07,20.222022815036905
1960-12-08,20.26853346751149
1960-12-09,20.45095026871909
1960-12-12,20.530708974767094
1960-12-13,20.55945196733177
1960-12-14,20.547116296151373
1960-12-15,20.508076775188684
1960-12-16,20.69675108152042
1960-12-19,20.671914980222596
1960-12-20,20.65951183123446
1960-12-21,20.810326267602473
1960-12-22,20.75830045193347
1960-12-23,20.77283126224982
1960-12-27,20.803990509143198
1960-12-28,20.88720647117977
1960-12-29,20.98955378288855
1960-12-30,21.004246470536568
1961-01-03,20.823609950889953
1961-01-04,21.0984816022417
1961-01-05,21.18287552865067
1961-01-06,21.161692653122017
1961-01-09,21.28866280904075
1961-01-10,21.344013332344257
1961-01-11,21.405910971008055
1961-01-12,21.470128703921077
1961-01-13,21.562450257347937
1961-01-16,21.555981522270734
1961-01-17,21.48053558694279
1961-01-18,21.62230712181661
1961-01-19,21.6590650439237
1961-01-20,21.739203584586217
1961-01-23,21.85224744322607
1961-01-24,21.90469283708981
1961-01-25,21.922216591359483
1961-01-26,21.948523251269116
1961-01-27,22.15483936983105
1961-01-30,22.416266474395055
1961-01-31,22.34901767497187
1961-02-01,22.420534531531782
1961-02-02,22.572994166346195
1961-02-03,22.539134675096676
1961-02-06,22.406153780513606
1961-02-07,22.401672549757503
1961-02-08,22.6144884389802
1961-02-09,22.566998013258342
1961-02-10,22.393232128556253
1961-02-13,22.27678732148776
1961-02-14,22.40376500922024
1961-02-15,22.574033623290315
1961-02-16,22.713992631754714
1961-02-17,22.659479049438502
1961-02-20,22.75918075725603
1961-02-21,22.784215856089013
1961-02-23,22.882187984270196
1961-02-24,22.966852079811996
1961-02-27,23.14599352603453
1961-02-28,23.1922855130866
1961-03-01,23.1922855130866
1961-03-02,23.34535459747297
1961-03-03,23.38037262936918
1961-03-06,23.42011926283911
1961-03-07,23.25383641607295
1961-03-08,23.267788717922592
1961-03-09,23.284076170025138
1961-03-10,23.302703430961156
1961-03-13,23.363290459881654
1961-03-14,23.274509956134104
1961-03-15,23.362953093967413
1961-03-16,23.596582624907086
1961-03-17,23.735802462394037
1961-03-20,23.837866412982333
1961-03-21,23.80449340000416
1961-03-22,23.783069355944154
1961-03-23,23.706963534005133
1961-03-24,23.67851517776433
1961-03-27,23.664308068657668
1961-03-28,23.67850665349886
1961-03-29,23.860831154730803
1961-03-30,23.915711066386685
1961-04-03,24.10464518381114
1961-04-04,24.11187657736628
1961-04-05,24.039540947634183
1961-04-06,24.106851662287557
1961-04-07,24.229796605765227
1961-04-10,24.433326897253654
1961-04-11,24.44554356070228
1961-04-12,24.33309406032305
1961-04-13,24.33796067913511
1961-04-14,24.39393798869712
1961-04-17,24.511028891042866
1961-04-18,24.334549483027356
1961-04-19,24.21287673561222
1961-04-20,24.21045544793866
1961-04-21,24.208034402393867
1961-04-24,23.677878448981442
1961-04-25,24.025943262181467
1961-04-26,24.129254818208846
1961-04-27,24.102712637908816
1961-04-28,24.03281477125888
1961-05-01,23.984749141716364
1961-05-02,24.16943171010758
1961-05-03,24.365204106959453
1961-05-04,24.46266492338729
1961-05-05,24.50180518726471
1961-05-08,24.48955428467108
1961-05-09,24.518941749812686
1961-05-10,24.514037961462723
1961-05-11,24.523843576647305
1961-05-12,24.55572457329695
1961-05-15,24.693236630907414
1961-05-16,24.804356195746497
1961-05-17,24.89117144243161
1961-05-18,24.736846179488534
1961-05-19,24.85310935653213
1961-05-22,24.696534767585977
1961-05-23,24.657020311957837
1961-05-24,24.533735210398046
1961-05-25,24.462587378287893
1961-05-26,24.63137923119808
1961-05-31,24.66093688627552
1961-06-01,24.65847079258689
1961-06-02,24.710253581251322
1961-06-05,24.838746899873833
1961-06-06,24.77665003262415
1961-06-07,24.677543432493653
1961-06-08,24.6948177128964
1961-06-09,24.699756676438977
1961-06-12,24.529328355371547
1961-06-13,24.399322915088078
1961-06-14,24.45544135779278
1961-06-15,24.35028295995427
1961-06-16,24.160350752866627
1961-06-19,23.938075525940253
1961-06-20,24.141549167910743
1961-06-21,24.153619942494696
1961-06-22,24.057005462724717
1961-06-23,24.141204981844254
1961-06-26,23.885308209036705
1961-06-27,23.885308209036705
1961-06-28,23.937855887096585
1961-06-29,23.91152424562078
1961-06-30,23.954564989262895
1961-07-03,24.158178791671627
1961-07-05,24.310375318059158
1961-07-06,24.383306444013332
1961-07-07,24.368676460146922
1961-07-10,24.35649212191685
1961-07-11,24.329699980582742
1961-07-12,24.186154750697302
1961-07-13,24.02410751386763
1961-07-14,24.175459391204996
1961-07-17,23.989308353892717
1961-07-18,23.84777143460475
1961-07-19,23.940777743199707
1961-07-20,23.952748132071306
1961-07-21,24.003048903148656
1961-07-24,23.991047378697083
1961-07-25,24.132594558231396
1961-07-26,24.34496139034383
1961-07-27,24.617624957915684
1961-07-28,24.65701315784835
1961-07-31,24.684135872321985
1961-08-01,24.901356267998416
1961-08-02,24.766888944151226
1961-08-03,24.900630144449643
1961-08-04,25.055014051345232
1961-08-07,25.08508006820685
1961-08-08,25.140267244356902
1961-08-09,25.142781271081336
1961-08-10,25.23329528365723
1961-08-11,25.28628520375291
1961-08-14,25.154796520693395
1961-08-15,25.107002407304076
1961-08-16,25.192366215488914
1961-08-17,25.325885756431006
1961-08-18,25.399330825124654
1961-08-21,25.442509687527366
1961-08-22,25.44759818946487
1961-08-23,25.29491260032808
1961-08-24,25.15832007228631
1961-08-25,25.19354172038751
1961-08-28,25.206138491247703
1961-08-29,25.18849419430383
1961-08-30,25.296804719339335
1961-08-31,25.385343535857025
1961-09-01,25.44119129163591
1961-09-05,25.359779479502677
1961-09-06,25.529690002015343
1961-09-07,25.47607765301111
1961-09-08,25.305387932735936
1961-09-11,25.100414290480774
1961-09-12,25.346398350527487
1961-09-13,25.354002270032645
1961-09-14,25.166382653234404
1961-09-15,25.191549035887636
1961-09-18,25.025284812250778
1961-09-19,24.83008759071522
1961-09-20,24.94678900239158
1961-09-21,24.959262396892775
1961-09-22,24.859425347305205
1961-09-25,24.5089074499082
1961-09-26,24.516260122143173
1961-09-27,24.768777601401247
1961-09-28,24.82079203436419
1961-09-29,24.892772331263842
1961-10-02,24.902729440196346
1961-10-03,24.885297529588208
1961-10-04,25.052029023036447
1961-10-05,25.26747647263456
1961-10-06,25.338225406757935
1961-10-09,25.343293051839286
1961-10-10,25.41171994307925
1961-10-11,25.409178771084942
1961-10-12,25.409178771084942
1961-10-13,25.376146838682534
1961-10-16,25.305093627534223
1961-10-17,25.332929230524513
1961-10-18,25.454527290831027
1961-10-19,25.510527250870854
1961-10-20,25.518180409046114
1961-10-23,25.36507132659184
1961-10-24,25.32956022673461
1961-10-25,25.45367507184561
1961-10-26,25.509673157003668
1961-10-27,25.476510581899564
1961-10-30,25.504534743539658
1961-10-31,25.583598801244634
1961-11-01,25.63732435872725
1961-11-02,25.773202177828505
1961-11-03,25.92268675045991
1961-11-06,26.13006824446359
1961-11-08,26.43840304974826
1961-11-09,26.435759209443287
1961-11-10,26.55472012588578
1961-11-13,26.645006174313792
1961-11-14,26.79421820888995
1961-11-15,26.788859365248175
1961-11-16,26.78618047931165
1961-11-17,26.79421633345544
1961-11-20,26.839766501222318
1961-11-21,26.863922291073415
1961-11-22,26.84780393769877
1961-11-24,26.917608227936785
1961-11-27,26.920299988759577
1961-11-28,26.922992018758453
1961-11-29,26.909530522749076
1961-11-30,26.783055729292155
1961-12-01,26.946432369240835
1961-12-04,27.00840916369009
1961-12-05,26.97869991361003
1961-12-06,27.013772223497725
1961-12-07,26.91652264349313
1961-12-08,27.037646995388847
1961-12-11,27.140390053971327
1961-12-12,27.22452526313864
1961-12-13,27.18096602271762
1961-12-14,26.990699260558596
1961-12-15,26.985301120706485
1961-12-18,26.885455506559868
1961-12-19,26.71607713686854
1961-12-20,26.66798819802218
1961-12-21,26.579983836968708
1961-12-22,26.59327382888719
1961-12-26,26.61188912056741
1961-12-27,26.82478423353195
1961-12-28,26.830149190378656
1961-12-29,26.792586981512127
1962-01-02,26.58092554435818
1962-01-03,26.647377858219073
1962-01-04,26.426204621995854
1962-01-05,26.07473610052331
1962-01-08,25.88178305337944
1962-01-09,25.889547588295454
1962-01-10,25.830001628842375
1962-01-11,25.990147638941195
1962-01-12,26.075915126149702
1962-01-15,26.01594052135956
1962-01-16,25.880657630648493
1962-01-17,25.621851054342006
1962-01-18,25.637224164974608
1962-01-19,25.780792620298467
1962-01-22,25.778214541036437
1962-01-23,25.60550050361149
1962-01-24,25.659272054669074
1962-01-25,25.628480928203473
1962-01-26,25.559284029697324
1962-01-29,25.480050249205263
1962-01-30,25.569230425077482
1962-01-31,25.814695037158227
1962-02-01,25.959257329366313
1962-02-02,26.16173953653537
1962-02-05,26.20621449374748
1962-02-06,26.266488787083098
1962-02-07,26.452980857471392
1962-02-08,26.503241521100588
1962-02-09,26.479388603731596
1962-02-12,26.471444787150478
1962-02-13,26.479386220586623
1962-02-14,26.468794466098387
1962-02-15,26.58261028230261
1962-02-16,26.524128539681545
1962-02-19,26.463123044040277
1962-02-20,26.553097662390016
1962-02-21,26.425642793610542
1962-02-23,26.372791508023322
1962-02-26,26.243564829634007
1962-02-27,26.28293017687846
1962-02-28,26.327611158179153
1962-03-01,26.414492275001145
1962-03-02,26.398643579636143
1962-03-05,26.34584629247687
1962-03-06,26.261539584340944
1962-03-07,26.23265189079817
1962-03-08,26.426773514790078
1962-03-09,26.506053835334445
1962-03-12,26.503403229950912
1962-03-13,26.58026309931777
1962-03-14,26.68658415171504
1962-03-15,26.734620003188127
1962-03-16,26.713232307185574
1962-03-19,26.66514848903264
1962-03-20,26.59848561781006
1962-03-21,26.542628798012657
1962-03-22,26.508123380575242
1962-03-23,26.531980691617758
1962-03-26,26.332990836430625
1962-03-27,26.26189176117226
1962-03-28,26.39320121997812
1962-03-29,26.372086659002136
1962-03-30,26.200668095718623
1962-04-02,26.122066091431467
1962-04-03,25.90786514948173
1962-04-04,25.770553464189476
1962-04-05,25.93033089566745
1962-04-06,25.909586630950916
1962-04-09,25.7074918552295
1962-04-10,25.79232657835176
1962-04-11,25.74332115785289
1962-04-12,25.47044195357965
1962-04-13,25.50610057231466
1962-04-16,25.411728000197098
1962-04-17,25.543868985798124
1962-04-18,25.684360265220015
1962-04-19,25.80764519449307
1962-04-23,25.77925678477913
1962-04-24,25.750899602315872
1962-04-25,25.459914436809704
1962-04-26,25.218045249660012
1962-04-27,24.945690360963685
1962-04-30,24.526602762899493
1962-05-01,24.72772090555527
1962-05-02,24.84394119381138
1962-05-03,25.05014590572001
1962-05-04,24.932410219963128
1962-05-07,24.855119748281243
1962-05-08,24.559343823276695
1962-05-09,24.23761641919177
1962-05-10,23.97342640022258
1962-05-11,23.62341437477933
1962-05-14,23.805314665465133
1962-05-15,24.226668735043866
1962-05-16,24.21213273380284
1962-05-17,24.062017510853263
1962-05-18,24.035549291591323
1962-05-21,23.944214204283277
1962-05-22,23.467724341618037
1962-05-23,23.000716627219838
1962-05-24,22.802910464225747
1962-05-25,22.3742157474983
1962-05-28,20.81473290989767
1962-05-29,21.840899242355626
1962-05-31,22.45462851106582
1962-06-01,22.38277369983041
1962-06-04,21.574755569266532
1962-06-05,21.680471871555937
1962-06-06,21.990502619319187
1962-06-07,21.994900719843052
1962-06-08,22.003698680130988
1962-06-11,21.768259104253584
1962-06-12,21.20663801936384
1962-06-13,20.873693802459826
1962-06-14,20.439520971368662
1962-06-15,21.052706600509723
1962-06-18,20.966390503447634
1962-06-19,20.91187788813867
1962-06-20,20.62120278549354
1962-06-21,20.161349963377035
1962-06-22,19.820623148995963
1962-06-25,19.75323303028938
1962-06-26,19.68212139138034
1962-06-27,19.788404846893794
1962-06-28,20.461210611688184
1962-06-29,20.58807011748065
1962-07-02,21.016301975924247
1962-07-03,21.257989448647375
1962-07-05,21.387663184284126
1962-07-06,21.152398889257
1962-07-09,21.29835044159287
1962-07-10,21.5581903169803
1962-07-11,21.771616401118408
1962-07-12,21.884828806404226
1962-07-13,21.819174319985013
1962-07-16,21.82572007228101
1962-07-17,21.437222254994406
1962-07-18,21.218562587993464
1962-07-19,21.303436838345437
1962-07-20,21.444039521478516
1962-07-23,21.435461905669925
1962-07-24,21.25326047947173
1962-07-25,21.29789232647862
1962-07-26,21.393732841947774
1962-07-27,21.55632521154658
1962-07-30,21.782666626267815
1962-07-31,21.924253959338554
1962-08-01,21.764206905435383
1962-08-02,21.84255805029495
1962-08-03,21.890611678005598
1962-08-06,21.754889885601965
1962-08-07,21.624360546288354
1962-08-08,21.700045808200365
1962-08-09,21.676175757811343
1962-08-10,21.71302525659962
1962-08-13,21.76079391216414
1962-08-14,21.97840185128578
1962-08-15,22.13664634461504
1962-08-16,22.147714667787348
1962-08-17,22.28503049872763
1962-08-20,22.42319768781974
1962-08-21,22.344716495912373
1962-08-22,22.608384150564138
1962-08-23,22.583514927998518
1962-08-24,22.55641471008492
1962-08-27,22.547392144200884
1962-08-28,22.299370830614674
1962-08-29,22.26146190020263
1962-08-30,22.26146190020263
1962-08-31,22.44400588778429
1962-09-04,22.22854343126156
1962-09-05,22.07294362724273
1962-09-06,22.15682081302625
1962-09-07,22.161252177188857
1962-09-10,22.178981178930606
1962-09-11,22.236646529995824
1962-09-12,22.334487774727805
1962-09-13,22.28088500406846
1962-09-14,22.349955747581074
1962-09-17,22.41030062809954
1962-09-18,22.39685444772268
1962-09-19,22.35654010971678
1962-09-20,22.206751290981675
1962-09-21,21.889194747520637
1962-09-24,21.48643356416626
1962-09-25,21.60675759212559
1962-09-26,21.30426298583583
1962-09-27,21.167915702726482
1962-09-28,21.31185752950502
1962-10-01,21.041196938880304
1962-10-02,21.262129506738546
1962-10-03,21.294022700998656
1962-10-04,21.466504284876745
1962-10-05,21.59959661144298
1962-10-08,21.603916530765268
1962-10-09,21.670888672010644
1962-10-10,21.670888672010644
1962-10-11,21.608043094861813
1962-10-12,21.571309421600546
1962-10-15,21.672694575882065
1962-10-16,21.60550922269683
1962-10-17,21.508284431194696
1962-10-18,21.308257385984586
1962-10-19,21.022726737012395
1962-10-22,20.77886310686305
1962-10-23,20.224067461909804
1962-10-24,20.798430977828044
1962-10-25,20.64036290239655
1962-10-26,20.5805058499796
1962-10-29,21.03327697867915
1962-10-30,21.348776133359337
1962-10-31,21.348776133359337
1962-11-01,21.566533649919602
1962-11-02,21.799452213338732
1962-11-05,22.026166516357453
1962-11-07,22.180349681971954
1962-11-08,22.051703653816517
1962-11-09,22.2700155199893
1962-11-12,22.579568735717153
1962-11-13,22.53892551199286
1962-11-14,22.811646510687975
1962-11-15,22.752336229760186
1962-11-16,22.822868472072443
1962-11-19,22.720165563948118
1962-11-20,22.9473672195876
1962-11-21,23.10799879012471
1962-11-23,23.37836237596917
1962-11-26,23.315240797554054
1962-11-27,23.483110531296447
1962-11-28,23.659233860281173
1962-11-29,23.765700412652436
1962-11-30,23.715792441785865
1962-12-03,23.6233008512629
1962-12-04,23.880794830541664
1962-12-05,23.983482248312992
1962-12-06,24.00506738233647
1962-12-07,24.055478023839377
1962-12-10,23.74516235733185
1962-12-11,23.757034938510515
1962-12-12,23.868693002721514
1962-12-13,23.78515257721199
1962-12-14,23.835101397624133
1962-12-17,23.74452801231316
1962-12-18,23.632928730655287
1962-12-19,23.814902281881334
1962-12-20,23.891109969183358
1962-12-21,23.838549527251153
1962-12-24,23.8242463975348
1962-12-26,23.971956725199515
1962-12-27,23.933601594439196
1962-12-28,23.94796175539586
1962-12-31,24.005436863608807
1963-01-02,23.87820804823168
1963-01-03,24.27697412263715
1963-01-04,24.444485244083342
1963-01-07,24.4615963837542
1963-01-08,24.684196910846364
1963-01-09,24.647170615480096
1963-01-10,24.696464956711058
1963-01-11,24.760675765598506
1963-01-14,24.904287685038977
1963-01-15,24.88187382612244
1963-01-16,24.712677084104808
1963-01-17,24.878252020568308
1963-01-18,24.885715496174477
1963-01-21,24.92304406941874
1963-01-22,24.99033628840617
1963-01-23,25.050313095498343
1963-01-24,25.09289862776069
1963-01-25,25.158140164192865
1963-01-28,25.261288538866054
1963-01-29,25.268866925427712
1963-01-30,25.12988815733786
1963-01-31,25.24297265404588
1963-02-01,25.290934302088566
1963-02-04,25.242881526914598
1963-02-05,25.22773579799845
1963-02-06,25.35135170340864
1963-02-07,25.280367918639094
1963-02-08,25.29300810259841
1963-02-11,25.169072362895676
1963-02-12,25.181656899077122
1963-02-13,25.30252885219269
1963-02-14,25.38096669163449
1963-02-15,25.419038141671944
1963-02-18,25.45970860269862
1963-02-19,25.355323797427555
1963-02-20,25.22854717844042
1963-02-21,25.25882143505455
1963-02-25,25.109794388587726
1963-02-26,25.13490418297631
1963-02-27,24.974040796205262
1963-02-28,24.691834135208143
1963-03-01,24.61035108256196
1963-03-04,24.83676631252153
1963-03-05,24.831798959259025
1963-03-06,24.87649619738569
1963-03-07,25.023267524950267
1963-03-08,25.058300099485198
1963-03-11,25.113428359704066
1963-03-12,25.176211930603326
1963-03-13,25.25677580878126
1963-03-14,25.145645995222623
1963-03-15,25.246228579203514
1963-03-18,25.14019441917086
1963-03-19,25.084885991448687
1963-03-20,25.26549717058712
1963-03-21,25.235178573982417
1963-03-22,25.348736877565337
1963-03-25,25.358876372316363
1963-03-26,25.427345338521615
1963-03-27,25.531597454409553
1963-03-28,25.50095953746426
1963-03-29,25.50350963341801
1963-04-01,25.597872619061658
1963-04-02,25.592753044537847
1963-04-03,25.77702086645852
1963-04-04,25.93941609791721
1963-04-05,26.084676828065547
1963-04-08,26.173364729280973
1963-04-09,26.155043373970475
1963-04-10,26.08965576553555
1963-04-11,26.264456459164638
1963-04-15,26.366887839355382
1963-04-16,26.3906180384108
1963-04-17,26.332558678726297
1963-04-18,26.356257981537148
1963-04-19,26.482768019848525
1963-04-22,26.498657680660433
1963-04-23,26.596702714078877
1963-04-24,26.66851381140689
1963-04-25,26.687181771074872
1963-04-26,26.673838180189335
1963-04-29,26.652499109645184
1963-04-30,26.70846935777544
1963-05-01,26.777911378105653
1963-05-02,26.847533947688724
1963-05-03,26.801893139977654
1963-05-06,26.633041213195796
1963-05-07,26.62505130083184
1963-05-08,26.83538920610841
1963-05-09,26.953464918615285
1963-05-10,27.03971600635486
1963-05-13,27.050531892757398
1963-05-14,26.977495456646952
1963-05-15,27.04763694483423
1963-05-16,26.988132143555596
1963-05-17,27.012421462484795
1963-05-20,26.907073018781105
1963-05-21,26.9689592867243
1963-05-22,26.98244376636766
1963-05-23,26.9635560557312
1963-05-24,26.93659249967547
1963-05-27,26.909655907175793
1963-05-28,26.960784253399428
1963-05-29,27.079411704114385
1963-05-31,27.231056409657427
1963-06-03,27.211994670170665
1963-06-04,27.211994670170665
1963-06-05,27.146685882962256
1963-06-06,27.152115220138846
1963-06-07,27.103241412742594
1963-06-10,26.954173584972512
1963-06-11,26.98112775855748
1963-06-12,27.116033397350265
1963-06-13,27.04824331385689
1963-06-14,27.069881908507973
1963-06-17,26.96701635725564
1963-06-18,27.004770180155802
1963-06-19,27.026373996299924
1963-06-20,27.002050259703253
1963-06-21,27.088456820534304
1963-06-24,27.066786055077877
1963-06-25,27.0045324471512
1963-06-26,26.758791201882122
1963-06-27,26.630349004113086
1963-06-28,26.739533435029948
1963-07-01,26.56305251435875
1963-07-02,26.77555693447362
1963-07-03,26.94692049885425
1963-07-05,27.05740287289955
1963-07-08,26.889646975087576
1963-07-09,27.013339351172977
1963-07-10,26.96741667427598
1963-07-11,26.92696554926457
1963-07-12,26.897345887160377
1963-07-15,26.7332720772487
1963-07-16,26.71723211400235
1963-07-17,26.631736971237544
1963-07-18,26.490588765289985
1963-07-19,26.43230947000635
1963-07-22,26.249926534663306
1963-07-23,26.255176519970238
1963-07-24,26.378575849614098
1963-07-25,26.370662276859214
1963-07-26,26.46559666105591
1963-07-29,26.49735537704918
1963-07-30,26.722582897754094
1963-07-31,26.690515798276788
1963-08-01,26.671832437217994
1963-08-02,26.751847934529646
1963-08-05,26.90700865254992
1963-08-06,27.071141405330472
1963-08-07,27.02241335080088
1963-08-08,27.06294697082708
1963-08-09,27.228030947349126
1963-08-12,27.296101024717498
1963-08-13,27.372530107586705
1963-08-14,27.45464769790946
1963-08-15,27.57544814778026
1963-08-16,27.61956886481671
1963-08-19,27.608521037270783
1963-08-20,27.597477628855877
1963-08-21,27.56988015122702
1963-08-22,27.67740268381681
1963-08-23,27.774273593210168
1963-08-26,27.827044713037267
1963-08-27,27.707388420771206
1963-08-28,27.923506050453224
1963-08-29,27.976560711949084
1963-08-30,28.102455235152853
1963-09-03,28.169901127717218
1963-09-04,28.169901127717218
1963-09-05,28.30511665313026
1963-09-06,28.23152334983212
1963-09-09,28.132713018107708
1963-09-10,28.281816397103682
1963-09-11,28.35252093809644
1963-09-12,28.329838921345964
1963-09-13,28.338337873022365
1963-09-16,28.295830366212833
1963-09-17,28.307148698359317
1963-09-18,28.18825867382621
1963-09-19,28.33765644479749
1963-09-20,28.351825273019887
1963-09-23,28.21290132918209
1963-09-24,28.314467773967145
1963-09-25,28.15307530765553
1963-09-26,27.92503539766352
1963-09-27,27.877562837487492
1963-09-30,27.713085216746315
1963-10-01,27.89599157917684
1963-10-02,27.926677169913937
1963-10-03,28.11378590695236
1963-10-04,28.116597285543055
1963-10-07,28.05474077151486
1963-10-08,28.018269608511893
1963-10-09,27.85015999086082
1963-10-10,27.87522513485259
1963-10-11,27.914250450041386
1963-10-14,27.93099900031141
1963-10-15,27.981274798511972
1963-10-16,28.233106271698578
1963-10-17,28.275455931106126
1963-10-18,28.303731387037228
1963-10-21,28.317883252730745
1963-10-22,28.167798471491274
1963-10-23,28.17906559087987
1963-10-24,28.28051022700704
1963-10-25,28.523722614959297
1963-10-28,28.643522249942126
1963-10-29,28.634929193267144
1963-10-30,28.41157674555966
1963-10-31,28.474082214399893
1963-11-01,28.428523682856852
1963-11-04,28.31196673575714
1963-11-06,28.099626985238963
1963-11-07,28.1979756796873
1963-11-08,28.35588434349355
1963-11-11,28.418267289049236
1963-11-12,28.318803353537565
1963-11-13,28.33862651588504
1963-11-14,28.228105872473087
1963-11-15,28.022040699604034
1963-11-18,27.820282006566885
1963-11-19,27.853666344974766
1963-11-20,28.07092494246557
1963-11-21,27.725652565673244
1963-11-22,26.929926337038424
1963-11-26,27.993658427351445
1963-11-27,27.954467305553155
1963-11-29,28.33464806090868
1963-12-02,28.48765516043759
1963-12-03,28.476260098373416
1963-12-04,28.550298374629186
1963-12-05,28.715890105202035
1963-12-06,28.62687084587591
1963-12-09,28.60110666211462
1963-12-10,28.623987547444308
1963-12-11,28.58677636363263
1963-12-12,28.581059008359905
1963-12-13,28.629646808674117
1963-12-16,28.70408389037667
1963-12-17,28.833252267883363
1963-12-18,28.78423573902796
1963-12-19,28.689247761089167
1963-12-20,28.634738190343096
1963-12-23,28.465793235020072
1963-12-24,28.53411113878412
1963-12-26,28.67107487225028
1963-12-27,28.719815699533108
1963-12-30,28.751407496802596
1963-12-31,28.915290519534373
1964-01-02,29.09167379170353
1964-01-03,29.1440388045286
1964-01-06,29.216898901539917
1964-01-07,29.240272420661146
1964-01-08,29.33676531964933
1964-01-09,29.424775615608276
1964-01-10,29.413005705362036
1964-01-13,29.383592699656674
1964-01-14,29.43354480724609
1964-01-15,29.507128669264205
1964-01-16,29.483522966328792
1964-01-17,29.483522966328792
1964-01-20,29.424555920396134
1964-01-21,29.504002221381203
1964-01-22,29.64562143204383
1964-01-23,29.672302491332665
1964-01-24,29.684171412329196
1964-01-27,29.66042407519933
1964-01-28,29.66339011760685
1964-01-29,29.494308793936487
1964-01-30,29.509055948333454
1964-01-31,29.624141266531954
1964-02-03,29.627103680658607
1964-02-04,29.591551156241817
1964-02-05,29.570837070432447
1964-02-06,29.644764163108526
1964-02-07,29.75741426692834
1964-02-10,29.721705369808028
1964-02-11,29.822759168065378
1964-02-12,29.915209721486384
1964-02-13,29.94213341023572
1964-02-14,29.93614498355367
1964-02-17,29.948119441547092
1964-02-18,29.9541090654354
1964-02-19,29.993049407220468
1964-02-20,30.026041761568415
1964-02-24,30.059070407506145
1964-02-25,30.074099942709896
1964-02-26,30.161314832543752
1964-02-27,30.079879282495884
1964-02-28,30.146055016917376
1964-03-02,30.215390943456285
1964-03-03,30.296972499003616
1964-03-04,30.239408251255508
1964-03-05,30.242432192080635
1964-03-06,30.342232218314503
1964-03-09,30.348300664758167
1964-03-10,30.43631073668596
1964-03-11,30.561099610706375
1964-03-12,30.619165699966718
1964-03-13,30.649784865666682
1964-03-16,30.66204477961295
1964-03-17,30.723368869172173
1964-03-18,30.757164574928264
1964-03-19,30.732558843268322
1964-03-20,30.606555352010922
1964-03-23,30.612676663081324
1964-03-24,30.560635112754085
1964-03-25,30.63703670053597
1964-03-26,30.719756699627414
1964-03-30,30.69210891859775
1964-03-31,30.636863122544273
1964-04-01,30.74409214347318
1964-04-02,30.922407877905325
1964-04-03,30.993529416024508
1964-04-06,31.018324239557323
1964-04-07,30.915963769566783
1964-04-08,30.922146962320696
1964-04-09,30.925239177016927
1964-04-10,30.987089655370962
1964-04-13,30.9653986926122
1964-04-14,31.027329489997424
1964-04-15,31.064562285385424
1964-04-16,31.092520391442267
1964-04-17,31.213781220968894
1964-04-20,31.19505295223631
1964-04-21,31.19505295223631
1964-04-22,31.182574931055417
1964-04-23,31.132682811165726
1964-04-24,30.89296115351975
1964-04-27,30.729228459406094
1964-04-28,30.932041367238174
1964-04-29,30.811406405905945
1964-04-30,30.740540171172363
1964-05-01,30.983390438524626
1964-05-04,31.12591403454184
1964-05-05,31.272205830504184
1964-05-06,31.356640786246544
1964-05-07,31.394268755190044
1964-05-08,31.34089849830622
1964-05-11,31.33463031860656
1964-05-12,31.438034598657964
1964-05-13,31.362583315621187
1964-05-14,31.328084473974005
1964-05-15,31.378209409132364
1964-05-18,31.27779913902314
1964-05-19,31.143304602725344
1964-05-20,31.27722081251706
1964-05-21,31.302242589167072
1964-05-22,31.32102393472057
1964-05-25,31.28657080839238
1964-05-26,31.23651229509895
1964-05-27,31.192781177885813
1964-05-28,31.24580890588822
1964-06-01,31.139573155608204
1964-06-02,30.980761332514604
1964-06-03,30.90330942918332
1964-06-04,30.58809567300565
1964-06-05,30.722683293966874
1964-06-08,30.584431219144026
1964-06-09,30.75876247709315
1964-06-10,30.875645774506104
1964-06-11,30.971360276407076
1964-06-12,30.90322328379898
1964-06-15,31.048468433232834
1964-06-16,31.20992046908565
1964-06-17,31.372212055524898
1964-06-18,31.37534927673045
1964-06-19,31.409862160934857
1964-06-22,31.491527802553286
1964-06-23,31.375009149683837
1964-06-24,31.4879591826227
1964-06-25,31.554083896906207
1964-06-26,31.63927992342785
1964-06-29,31.699394555282364
1964-06-30,31.712074313104477
1964-07-01,31.911860381277034
1964-07-02,32.03950782280214
1964-07-06,32.174073755657915
1964-07-07,32.222334866291405
1964-07-08,32.23200156675129
1964-07-09,32.27712636894475
1964-07-10,32.34168062168264
1964-07-13,32.32227561330963
1964-07-14,32.23177324159236
1964-07-15,32.35103080258625
1964-07-16,32.45455410115453
1964-07-17,32.60059959460972
1964-07-20,32.50279779582589
1964-07-21,32.444292759793406
1964-07-22,32.45402604762134
1964-07-23,32.44753524241182
1964-07-24,32.44104573536333
1964-07-27,32.288572820407126
1964-07-28,32.21430910292019
1964-07-29,32.25940913566428
1964-07-30,32.30457230845421
1964-07-31,32.330415966300976
1964-08-03,32.25605600957849
1964-08-04,31.894788182271206
1964-08-05,31.94900932218107
1964-08-06,31.67424784201031
1964-08-07,31.85479105470977
1964-08-10,31.864347492026184
1964-08-11,31.864347492026184
1964-08-12,32.02685566423552
1964-08-13,32.1197335456618
1964-08-14,32.090825785470706
1964-08-17,32.090825785470706
1964-08-18,32.113289363520536
1964-08-19,32.08759873202972
1964-08-20,31.949622057481992
1964-08-21,32.00393641497971
1964-08-24,31.94312893579125
1964-08-25,31.786607604005873
1964-08-26,31.732570371079063
1964-08-27,31.888059965897348
1964-08-28,31.99329056378481
1964-08-31,31.93250331171362
1964-09-01,32.08258607727867
1964-09-02,32.14995950804096
1964-09-03,32.23354940276186
1964-09-04,32.30446321144793
1964-09-08,32.34645901362282
1964-09-09,32.41115193165007
1964-09-10,32.44032196838855
1964-09-11,32.55061906308108
1964-09-14,32.47575263923599
1964-09-15,32.40430598342967
1964-09-16,32.495038040183275
1964-09-17,32.69000826842437
1964-09-18,32.58213124113857
1964-09-21,32.715717979227236
1964-09-22,32.73207583821685
1964-09-23,32.73862225338449
1964-09-24,32.77463473786322
1964-09-25,32.84346147081273
1964-09-28,32.86973623998937
1964-09-29,32.86644926636537
1964-09-30,32.8598759765121
1964-10-01,32.81715813774264
1964-10-02,32.899201033086996
1964-10-05,33.03737767742596
1964-10-06,33.047288890729185
1964-10-07,33.04067943295104
1964-10-08,33.12328113153341
1964-10-09,33.18952769379648
1964-10-12,33.212760363182134
1964-10-13,33.1330497383105
1964-10-14,33.0800368587292
1964-10-15,32.85178460440397
1964-10-16,33.08503227509524
1964-10-19,33.13135132028037
1964-10-20,33.2174928337131
1964-10-21,33.200884087296245
1964-10-22,33.151082761165306
1964-10-23,33.220700034963755
1964-10-26,33.16754691490781
1964-10-27,33.15759665083334
1964-10-28,33.04486082222051
1964-10-29,33.064687738713836
1964-10-30,33.127510645417395
1964-11-02,33.276584443321774
1964-11-04,33.26992912643311
1964-11-05,33.2765831122584
1964-11-06,33.346463936794144
1964-11-09,33.336459997613105
1964-11-10,33.20644780362241
1964-11-11,33.29942585747255
1964-11-12,33.36602470918749
1964-11-13,33.40606393883852
1964-11-16,33.55639122656329
1964-11-17,33.714106265328134
1964-11-18,33.80176294161799
1964-11-19,33.805143117912145
1964-11-20,33.842328775341855
1964-11-23,33.76449141915857
1964-11-24,33.683456639752585
1964-11-25,33.61945807213706
1964-11-27,33.52532358953507
1964-11-30,33.24371087138297
1964-12-01,32.91459813375628
1964-12-02,33.01005046834417
1964-12-03,33.14209067021755
1964-12-04,33.20506064249096
1964-12-07,33.20506064249096
1964-12-08,33.085522424177995
1964-12-09,32.86715797617842
1964-12-10,32.86058454458318
1964-12-11,32.936163889035726
1964-12-14,32.853823479313135
1964-12-15,32.742120479483475
1964-12-16,32.879637385497304
1964-12-17,33.001292043823646
1964-12-18,33.159698245634
1964-12-21,33.1862260042305
1964-12-22,33.16631426862796
1964-12-23,33.103298271517566
1964-12-24,33.10991893117187
1964-12-28,33.076809012240695
1964-12-29,32.97757858520397
1964-12-30,33.168848540998155
1964-12-31,33.33469278370314
1965-01-04,33.18802013545485
1965-01-05,33.35396023613212
1965-01-06,33.47069909695858
1965-01-07,33.607928963256114
1965-01-08,33.66842323538997
1965-01-11,33.691991131654746
1965-01-12,33.78969790593654
1965-01-13,33.88768802986375
1965-01-14,33.89107679866674
1965-01-15,34.03341932122114
1965-01-18,34.132116237252674
1965-01-19,34.190140834856
1965-01-20,34.183302806689035
1965-01-21,34.15595616444368
1965-01-22,34.24134605485479
1965-01-25,34.29955634314804
1965-01-26,34.33728585512551
1965-01-27,34.436863984105365
1965-01-28,34.52984351686245
1965-01-29,34.57818529778606
1965-02-01,34.59547439043495
1965-02-02,34.61969122250825
1965-02-03,34.67508272846427
1965-02-04,34.68201774500996
1965-02-05,34.60224910419644
1965-02-08,34.49844235688385
1965-02-09,34.61228721666157
1965-02-10,34.32846646148494
1965-02-11,33.99548033680854
1965-02-12,34.226649603098835
1965-02-15,34.21638160821791
1965-02-16,34.10346754891079
1965-02-17,34.15803309698905
1965-02-18,34.27075460620912
1965-02-19,34.346150266342775
1965-02-23,34.51788101767448
1965-02-24,34.742247244289366
1965-02-25,34.77351526680923
1965-02-26,34.86740375802961
1965-03-01,34.82556287351998
1965-03-02,34.89521399926702
1965-03-03,34.884745435067245
1965-03-04,34.790556622392565
1965-03-05,34.7314126761345
1965-03-08,34.75225152374018
1965-03-09,34.703598371606944
1965-03-10,34.675835492909655
1965-03-11,34.8145388348813
1965-03-12,34.92594535915292
1965-03-15,34.95388611544024
1965-03-16,34.9189322293248
1965-03-17,34.873537617426685
1965-03-18,34.78984112714486
1965-03-19,34.79332011125757
1965-03-22,34.7967994432687
1965-03-23,34.81767752293466
1965-03-24,34.88731287798053
1965-03-25,34.793117133209975
1965-03-26,34.556523936704146
1965-03-29,34.4804995840434
1965-03-30,34.55290863316989
1965-03-31,34.56327450575984
1965-04-01,34.622032072419636
1965-04-02,34.71204935580793
1965-04-05,34.718991765679085
1965-04-06,34.708576068149384
1965-04-07,34.73287207139708
1965-04-08,34.91695629337549
1965-04-09,35.11598294424773
1965-04-12,35.27400486749685
1965-04-13,35.3198610738246
1965-04-14,35.383436823757485
1965-04-15,35.36574510534561
1965-04-19,35.50013493674592
1965-04-20,35.49303490975858
1965-04-21,35.41495023295711
1965-04-22,35.57785900402871
1965-04-23,35.62766800663435
1965-04-26,35.631230773435014
1965-04-27,35.695366988827196
1965-04-28,35.68108884203167
1965-04-29,35.65968018872645
1965-04-30,35.709603740990666
1965-05-03,35.74531334473165
1965-05-04,35.84897475343137
1965-05-05,35.94218208779029
1965-05-06,36.035631761218546
1965-05-07,36.01761394533794
1965-05-10,35.9815963313926
1965-05-11,35.956409213960626
1965-05-12,36.09663920989507
1965-05-13,36.21936778320872
1965-05-14,36.16866066831223
1965-05-17,35.980583632837
1965-05-18,35.962593341020586
1965-05-19,36.04171104637083
1965-05-20,35.85789832003434
1965-05-21,35.70370935725819
1965-05-24,35.44664264988593
1965-05-25,35.64514384872529
1965-05-26,35.556030989103476
1965-05-27,35.35691721556449
1965-05-28,35.579665794022546
1965-06-01,35.33772406662319
1965-06-02,35.06915736371685
1965-06-03,34.99200521751667
1965-06-04,35.072486829516954
1965-06-07,34.9602548716625
1965-06-08,34.59317219551004
1965-06-09,34.24032183911584
1965-06-10,34.09993651957547
1965-06-11,34.2499762402616
1965-06-14,33.7910265586421
1965-06-15,33.95660258877945
1965-06-16,34.265607672337346
1965-06-17,34.4746278791386
1965-06-18,34.32983444204622
1965-06-21,34.206247038054855
1965-06-22,34.27465953213096
1965-06-23,34.065584108984964
1965-06-24,33.612511840335465
1965-06-25,33.40411426692538
1965-06-28,32.78279774156057
1965-06-29,33.05161668304137
1965-06-30,33.78536257340488
1965-07-01,33.944153777499885
1965-07-02,34.22249583847538
1965-07-06,34.164317595549974
1965-07-07,34.05157534748466
1965-07-08,34.32739310779928
1965-07-09,34.468135419541255
1965-07-12,34.47158223308321
1965-07-13,34.43021633440351
1965-07-14,34.53695000504017
1965-07-15,34.50586675003563
1965-07-16,34.49551499001062
1965-07-19,34.46791857801861
1965-07-20,34.043963179508985
1965-07-21,33.860125778339636
1965-07-22,33.78563350162729
1965-07-23,33.87009758538135
1965-07-26,33.86332356586428
1965-07-27,33.80575591580231
1965-07-28,33.863225700859175
1965-07-29,34.11381357104553
1965-07-30,34.34578750332864
1965-08-02,34.41791365708563
1965-08-03,34.46265694483984
1965-08-04,34.60740010400817
1965-08-05,34.617782324039375
1965-08-06,34.74240634040592
1965-08-09,34.6972412121634
1965-08-10,34.71458983276948
1965-08-11,34.832619438200894
1965-08-12,34.937117296515495
1965-08-13,35.09084061262016
1965-08-16,35.13294962135531
1965-08-17,35.192675635711616
1965-08-18,35.20323343840233
1965-08-19,35.122266001494005
1965-08-20,35.097680415292956
1965-08-23,35.05556319879461
1965-08-24,35.12216876887232
1965-08-25,35.17485202202563
1965-08-26,35.30851645970933
1965-08-27,35.354417531106954
1965-08-30,35.37209473987251
1965-08-31,35.357945901976564
1965-09-01,35.379160669517745
1965-09-02,35.5737460532001
1965-09-03,35.74094265965014
1965-09-07,35.85888777042699
1965-09-08,35.96287854496122
1965-09-09,36.052785741323625
1965-09-10,36.1393124271028
1965-09-13,36.23327463941327
1965-09-14,36.08109488592773
1965-09-15,36.25428414138018
1965-09-16,36.4464318473295
1965-09-17,36.461010420068426
1965-09-20,36.47924092527846
1965-09-21,36.384394898872735
1965-09-22,36.55903999438732
1965-09-23,36.420115642408646
1965-09-24,36.50752391995042
1965-09-27,36.72291831107813
1965-09-28,36.63845559896265
1965-09-29,36.46991870320742
1965-09-30,36.44803675198549
1965-10-01,36.4298127336095
1965-10-04,36.52088726544353
1965-10-05,36.72905632285656
1965-10-06,36.70334598343056
1965-10-07,36.688664645037186
1965-10-08,36.86843910179786
1965-10-11,37.08227604858829
1965-10-12,37.067443138168855
1965-10-13,37.07485662679649
1965-10-14,37.02295182751897
1965-10-15,37.108104616722265
1965-10-18,37.21200730964908
1965-10-19,37.256661718420666
1965-10-20,37.256661718420666
1965-10-21,37.316272377170144
1965-10-22,37.30134586821928
1965-10-25,37.15587061933322
1965-10-26,37.345365559491825
1965-10-27,37.48354341206195
1965-10-28,37.37109278182576
1965-10-29,37.47199473233668
1965-11-01,37.44201713655081
1965-11-03,37.486947557114675
1965-11-04,37.565670146984615
1965-11-05,37.6145055181757
1965-11-08,37.494139100517536
1965-11-09,37.411651994496395
1965-11-10,37.38546383810025
1965-11-11,37.49388168323074
1965-11-12,37.68135109164689
1965-11-15,37.73033684806603
1965-11-16,37.69260651121797
1965-11-17,37.75668394228704
1965-11-18,37.632086885277495
1965-11-19,37.65090292872013
1965-11-22,37.45888332378366
1965-11-23,37.53005520209885
1965-11-24,37.608868318023255
1965-11-26,37.714173149313716
1965-11-29,37.66514472421961
1965-11-30,37.61618003607813
1965-12-01,37.61241841807452
1965-12-02,37.529671097554754
1965-12-03,37.56344780154255
1965-12-06,37.27420925347067
1965-12-07,37.639496504154685
1965-12-08,37.62067675590261
1965-12-09,37.73730085384591
1965-12-10,37.85051275640744
1965-12-13,37.89593337171513
1965-12-14,37.9262501184125
1965-12-15,38.002102618649324
1965-12-16,38.07050640336289
1965-12-17,38.0933487072049
1965-12-20,37.89907262879816
1965-12-21,38.035509290261835
1965-12-22,38.10397320698431
1965-12-23,38.05062764449453
1965-12-27,37.80710362756977
1965-12-28,37.7957614964815
1965-12-29,37.91292835712059
1965-12-30,38.05699748487765
1965-12-31,38.1635570778353
1966-01-03,38.08722996367963
1966-01-04,38.132934639636055
1966-01-05,38.35791895400991
1966-01-06,38.43463479191793
1966-01-07,38.480756353668234
1966-01-10,38.565414017646305
1966-01-11,38.59240980745865
1966-01-12,38.54223967470896
1966-01-13,38.63474104992826
1966-01-14,38.700420109713136
1966-01-17,38.835871580097134
1966-01-18,38.91354332325733
1966-01-19,38.81236811061686
1966-01-20,38.70369347990713
1966-01-21,38.74239717338703
1966-01-24,38.85087588547251
1966-01-25,38.92857763724346
1966-01-26,38.889649059606214
1966-01-27,38.88576009470025
1966-01-28,38.765214238406685
1966-01-31,38.59852381718154
1966-02-01,38.293595479025804
1966-02-02,38.454428580037714
1966-02-03,38.51980110862378
1966-02-04,38.754771895386384
1966-02-07,38.89428907420977
1966-02-08,38.89039964530235
1966-02-09,39.119853003209634
1966-02-10,39.06117322370482
1966-02-11,39.07289157567193
1966-02-14,39.03772597325383
1966-02-15,38.87767129676349
1966-02-16,38.89711013241187
1966-02-17,38.706514292763046
1966-02-18,38.62910126417752
1966-02-21,38.420504117350966
1966-02-23,38.26682210088156
1966-02-24,38.075487990377155
1966-02-25,38.20494464954444
1966-02-28,38.273713549913616
1966-03-01,37.78763738782971
1966-03-02,37.40598225021263
1966-03-03,37.5593467774385
1966-03-04,37.46169247581716
1966-03-07,36.98592898137428
1966-03-08,37.0081205387631
1966-03-09,37.34489443566585
1966-03-10,37.348628925109416
1966-03-11,37.32621974775435
1966-03-14,36.91936395250383
1966-03-15,36.6535445320458
1966-03-16,36.85880438142526
1966-03-17,36.98043843588397
1966-03-18,37.16534062806338
1966-03-21,37.47752948933911
1966-03-22,37.58621432485819
1966-03-23,37.473455681883614
1966-03-24,37.54840259324738
1966-03-25,37.679822002323746
1966-03-28,37.74764568192793
1966-03-29,37.60042986376841
1966-03-30,37.28458625291276
1966-03-31,37.49710839455437
1966-04-01,37.78958584003189
1966-04-04,38.13725002976019
1966-04-05,38.36607352993875
1966-04-06,38.469661928469584
1966-04-07,38.59276484664069
1966-04-11,38.63907616445666
1966-04-12,38.53475065881263
1966-04-13,38.57713888453733
1966-04-14,38.70058572896785
1966-04-15,38.74702643184261
1966-04-18,38.588163623472056
1966-04-19,38.60359888892145
1966-04-20,38.80819796303273
1966-04-21,38.94790747569965
1966-04-22,38.87780124224339
1966-04-25,38.8155967602558
1966-04-26,38.78066272317157
1966-04-27,38.675954933819
1966-04-28,38.42842882224256
1966-04-29,38.44380019377145
1966-05-02,38.40920077359706
1966-05-03,37.99054048516485
1966-05-04,37.78919062059348
1966-05-05,37.139216541919275
1966-05-06,37.04265457891028
1966-05-09,36.4573806365635
1966-05-10,36.77820558616526
1966-05-11,36.855439817896205
1966-05-12,36.398432364154296
1966-05-13,36.05628709993125
1966-05-16,35.52265405085226
1966-05-17,35.20650242979968
1966-05-18,35.871905325722885
1966-05-19,35.836033420397165
1966-05-20,36.022380794183235
1966-05-23,36.35018445941031
1966-05-24,36.622810842855884
1966-05-25,36.772964367311594
1966-05-26,36.79502814593198
1966-05-27,36.912772235998965
1966-05-31,36.42552364248378
1966-06-01,36.43280874721228
1966-06-02,36.41823562371339
1966-06-03,36.46557933002423
1966-06-06,36.20302715884805
1966-06-07,35.95684657416788
1966-06-08,36.01797321334397
1966-06-09,36.28450621512272
1966-06-10,36.687264234110586
1966-06-13,36.87070055528113
1966-06-14,36.99974800722462
1966-06-15,36.86654891439861
1966-06-16,36.78912916167837
1966-06-17,36.80016590042687
1966-06-20,36.789125850656745
1966-06-21,36.925245616304174
1966-06-22,36.99909610753678
1966-06-23,36.85849954232814
1966-06-24,36.86955709219084
1966-06-27,36.64833974963769
1966-06-28,36.47975738678936
1966-06-29,36.12225576439882
1966-06-30,36.06446015517578
1966-07-01,36.42871120274305
1966-07-05,36.48699714066744
1966-07-06,36.997815100636785
1966-07-07,37.13470701650914
1966-07-08,37.201549489138856
1966-07-11,37.15318747480298
1966-07-12,36.974852174923925
1966-07-13,36.75300306187438
1966-07-14,36.962495179327064
1966-07-15,37.07707891438298
1966-07-18,37.03629412757716
1966-07-19,36.7696328098586
1966-07-20,36.449737004412825
1966-07-21,36.44244705701194
1966-07-22,36.40964885466063
1966-07-25,35.71422456153661
1966-07-26,35.63208184504508
1966-07-27,35.8102422542703
1966-07-28,35.68848743060578
1966-07-29,35.62424815323069
1966-08-01,35.08275958130158
1966-08-02,35.103809237050356
1966-08-03,35.458357710344565
1966-08-04,35.78812043705077
1966-08-05,35.84180261770635
1966-08-08,35.784455733518016
1966-08-09,35.723622158771036
1966-08-10,35.58072767013595
1966-08-11,35.566495379067895
1966-08-12,35.651854967977656
1966-08-15,35.48429124962816
1966-08-16,35.040737609007806
1966-08-17,34.84450947839736
1966-08-18,34.4089531099174
1966-08-19,34.154326856904014
1966-08-22,33.53954897347974
1966-08-23,33.50265546960891
1966-08-24,33.894636538603336
1966-08-25,33.477732509178516
1966-08-26,32.741222393976585
1966-08-29,31.90959534516958
1966-08-30,32.429721749295844
1966-08-31,32.961569185984295
1966-09-01,33.185707856448985
1966-09-02,33.08283216209399
1966-09-06,32.91741800128352
1966-09-07,32.624452981072096
1966-09-08,32.510267395638344
1966-09-09,32.617551278043955
1966-09-12,33.3188286305219
1966-09-13,33.51874160230503
1966-09-14,33.827114025046235
1966-09-15,34.17553329950421
1966-09-16,34.16869819284431
1966-09-19,34.014939050976515
1966-09-20,33.790440453240066
1966-09-21,33.22614009767096
1966-09-22,33.3025602198956
1966-09-23,33.209313051279885
1966-09-26,33.289015402602956
1966-09-27,33.38888244881076
1966-09-28,33.00157141240455
1966-09-29,32.65505491257431
1966-09-30,32.756285582803294
1966-10-03,32.05202544277302
1966-10-04,32.080872265671516
1966-10-05,31.901219380983754
1966-10-06,31.585397309112015
1966-10-07,31.193738382479026
1966-10-10,31.727151308819415
1966-10-11,31.888959780494396
1966-10-12,32.73401721467749
1966-10-13,32.73729061639896
1966-10-14,32.64562620267304
1966-10-17,33.00799265352272
1966-10-18,33.549323733040495
1966-10-19,33.3044136697893
1966-10-20,33.20783087014691
1966-10-21,33.31741671201839
1966-10-24,33.40071025379844
1966-10-25,33.57773401814357
1966-10-26,33.86986030410142
1966-10-27,34.14759315859505
1966-10-28,34.16808171449021
1966-10-31,34.16124809814731
1966-11-01,34.45503483179137
1966-11-02,34.506717384039064
1966-11-03,34.40319723188695
1966-11-04,34.54425034053769
1966-11-07,34.53388706543553
1966-11-09,34.82397171678519
1966-11-10,35.05032753294429
1966-11-11,35.09238792598382
1966-11-14,34.91341674756131
1966-11-15,35.06354443957582
1966-11-16,35.372103630644084
1966-11-17,35.14572216740796
1966-11-18,34.93836240662025
1966-11-21,34.46669451413088
1966-11-22,34.30125438046305
1966-11-23,34.56537403919262
1966-11-25,34.84535356891008
1966-11-28,34.8383844981963
1966-11-29,34.74432086005117
1966-11-30,34.77906518091122
1966-12-01,34.65038263974184
1966-12-02,34.66770783106171
1966-12-05,34.69890876810966
1966-12-06,34.94180112948642
1966-12-07,35.30170168112013
1966-12-08,35.4393783176765
1966-12-09,35.524432825638925
1966-12-12,35.879677153895315
1966-12-13,35.78638999329519
1966-12-14,35.78996863229452
1966-12-15,35.42491095224511
1966-12-16,35.43908091662601
1966-12-19,35.35402712242611
1966-12-20,35.22321722207313
1966-12-21,35.413422595072326
1966-12-22,35.555076285452614
1966-12-23,35.473299609996076
1966-12-27,35.288838452024095
1966-12-28,35.126509795144784
1966-12-29,34.99654170890275
1966-12-30,34.975543783877406
1967-01-03,35.01051932766128
1967-01-04,35.07703931438383
1967-01-05,35.5400562333337
1967-01-06,35.80305264946037
1967-01-09,36.11095890224573
1967-01-10,36.11818109402618
1967-01-11,36.4287974514348
1967-01-12,36.632798717162835
1967-01-13,36.88922830818297
1967-01-16,36.82651662005906
1967-01-17,37.25002156118974
1967-01-18,37.45117167762017
1967-01-19,37.473642380626735
1967-01-20,37.61978958591118
1967-01-23,37.75145884946187
1967-01-24,37.834512058930684
1967-01-25,37.58102082813585
1967-01-26,37.5960532364671
1967-01-27,37.78403350264943
1967-01-30,38.0031808969648
1967-01-31,37.98037898842662
1967-02-01,37.93100449574167
1967-02-02,38.067556111926336
1967-02-03,38.3454492715434
1967-02-06,38.29560018749039
1967-02-07,38.234327227190406
1967-02-08,38.578436172235115
1967-02-09,38.435695958397844
1967-02-10,38.54331590708136
1967-02-13,38.60498521253269
1967-02-14,38.89452260162669
1967-02-15,38.92174876744782
1967-02-16,38.76216959750129
1967-02-17,38.77767446534029
1967-02-20,38.59154162790666
1967-02-21,38.59540078206945
1967-02-23,38.649434343164344
1967-02-24,38.68808377750751
1967-02-27,38.270252472710425
1967-02-28,38.427160507848534
1967-03-01,38.81143211292702
1967-03-02,39.02101384633683
1967-03-03,39.09125167126024
1967-03-06,39.04825129442185
1967-03-07,39.11853814675181
1967-03-08,39.192863369230636
1967-03-09,39.31436124567526
1967-03-10,39.467687254533395
1967-03-13,39.28613589316254
1967-03-14,39.25077837085869
1967-03-15,39.60796045403351
1967-03-16,39.972353690210625
1967-03-17,40.03231222074594
1967-03-20,40.036315451968015
1967-03-21,39.9322210317929
1967-03-22,40.05201769488827
1967-03-23,40.33238181875249
1967-03-27,40.31624886602499
1967-03-28,40.36059673977763
1967-03-29,40.312164023689895
1967-03-30,40.33635132210411
1967-03-31,40.1387032006258
1967-04-03,39.69316359509885
1967-04-04,39.70507154417738
1967-04-05,39.96315450921453
1967-04-06,40.051073449134805
1967-04-07,39.810767008439996
1967-04-10,39.32507565093703
1967-04-11,39.61214870318887
1967-04-12,39.58045898422632
1967-04-13,39.84564805942063
1967-04-14,40.256058234432665
1967-04-17,40.52174821877992
1967-04-18,40.8742874282833
1967-04-19,40.9315114306829
1967-04-20,41.01746760468734
1967-04-21,41.13231651398046
1967-04-24,41.251600231871
1967-04-25,41.486734353192666
1967-04-26,41.44939629227479
1967-04-27,41.79342628150067
1967-04-28,41.86447510617923
1967-05-01,41.84354286862614
1967-05-02,41.84354286862614
1967-05-03,41.96907349723201
1967-05-04,42.11596525447232
1967-05-05,42.174927605828586
1967-05-08,42.27192993932199
1967-05-09,41.84498344693484
1967-05-10,41.79895396514321
1967-05-11,42.012128630365446
1967-05-12,41.936506798830784
1967-05-15,41.6345639498792
1967-05-16,41.842736769628594
1967-05-17,41.73812992770453
1967-05-18,41.66717510682743
1967-05-19,41.50050640640012
1967-05-22,41.36770478589964
1967-05-23,41.19809719627745
1967-05-24,40.711959649361376
1967-05-25,41.123150441819924
1967-05-26,41.086139606422286
1967-05-29,40.89714336423274
1967-05-31,40.226430213059324
1967-06-01,40.70512473259473
1967-06-02,40.546374746137616
1967-06-05,39.88141420030096
1967-06-06,40.69100690856707
1967-06-07,41.040949567980746
1967-06-08,41.27898707547504
1967-06-09,41.39044034057881
1967-06-12,41.655339158758515
1967-06-13,41.90943672762694
1967-06-14,41.84238162886273
1967-06-15,41.91769791579468
1967-06-16,41.934464994961
1967-06-19,41.95123878095898
1967-06-20,41.94284853320279
1967-06-21,41.84218569672311
1967-06-22,41.76268554389933
1967-06-23,41.79609569233445
1967-06-26,41.63309091913434
1967-06-27,41.4957017191012
1967-06-28,41.528898280476476
1967-06-29,41.33786534838628
1967-06-30,41.279992336898545
1967-07-03,41.43272830854507
1967-07-05,41.660608314242076
1967-07-06,41.64394407091638
1967-07-07,41.84799939686387
1967-07-10,42.044684994029126
1967-07-11,42.23388607650225
1967-07-12,42.2296626878946
1967-07-13,42.263446418044914
1967-07-14,42.42827385907529
1967-07-17,42.466459305548454
1967-07-18,42.772217812548405
1967-07-19,42.81926725214221
1967-07-20,42.887778079745644
1967-07-21,42.91351074659349
1967-07-24,42.76331345898041
1967-07-25,42.780418784364
1967-07-26,42.9686526270152
1967-07-27,43.12333977647246
1967-07-28,43.20527412204776
1967-07-31,43.3348899444139
1967-08-01,43.607899751063705
1967-08-02,43.76052740019243
1967-08-03,43.6861345036121
1967-08-04,43.80408706677185
1967-08-07,43.738380936171694
1967-08-08,43.78211931710786
1967-08-09,43.834657860288395
1967-08-10,43.72068774985164
1967-08-11,43.51957258620232
1967-08-14,43.30632668052993
1967-08-15,43.353963639878515
1967-08-16,43.24991412714281
1967-08-17,43.31046400692081
1967-08-18,43.38842284213327
1967-08-21,43.17581957020681
1967-08-22,42.946987726484714
1967-08-23,42.90833543753088
1967-08-24,42.68950292679947
1967-08-25,42.514475964799594
1967-08-28,42.53148175518551
1967-08-29,42.64206360774899
1967-08-30,42.76998979857223
1967-08-31,43.052271731242804
1967-09-01,43.12546059318592
1967-09-05,43.36265062644844
1967-09-06,43.44503966263869
1967-09-07,43.427661646773636
1967-09-08,43.440689945267664
1967-09-11,43.51453911817462
1967-09-12,43.736463267677316
1967-09-13,44.16945425402732
1967-09-14,44.24012538083377
1967-09-15,44.27551748113843
1967-09-18,44.39948893008561
1967-09-19,44.21301107657925
1967-09-20,44.24396018433285
1967-09-21,44.50057515340198
1967-09-22,44.63407687886218
1967-09-25,44.85724726325649
1967-09-26,44.47596066151881
1967-09-27,44.51154143004802
1967-09-28,44.55605297147806
1967-09-29,44.56496418207235
1967-10-02,44.39561731818048
1967-10-03,44.5465624170623
1967-10-04,44.49756119840353
1967-10-05,44.59545583304002
1967-10-06,44.85856902245496
1967-10-09,44.95725787430436
1967-10-10,44.6380613433968
1967-10-11,44.441653873485855
1967-10-12,44.17944811563229
1967-10-13,44.2854787911098
1967-10-16,43.935623508660036
1967-10-17,43.860932948695314
1967-10-18,43.97497137436192
1967-10-19,44.02334384287372
1967-10-20,43.97932049903085
1967-10-23,43.777015624735306
1967-10-24,43.536242038799266
1967-10-25,43.60590002606135
1967-10-26,43.80212657617862
1967-10-27,43.815267214151476
1967-10-30,43.753925840051664
1967-10-31,43.373266685243216
1967-11-01,42.85278748502029
1967-11-02,42.6513793838407
1967-11-03,42.45518303867503
1967-11-06,42.33206300786287
1967-11-08,42.179667581034565
1967-11-09,42.36525811839112
1967-11-10,42.61944966710146
1967-11-13,42.49585326306687
1967-11-14,42.1941327048991
1967-11-15,42.37556747553016
1967-11-16,42.782372923295256
1967-11-17,42.94066770311145
1967-11-20,42.352380555578826
1967-11-21,43.08507673919034
1967-11-22,43.37805526101683
1967-11-24,43.47782478811717
1967-11-27,43.6386927398332
1967-11-28,43.869977811354325
1967-11-29,43.90507379360341
1967-11-30,43.716281976290915
1967-12-01,43.96109315535815
1967-12-04,44.24684026086798
1967-12-05,44.30436115320711
1967-12-06,44.4727177255893
1967-12-07,44.44158682318138
1967-12-08,44.410477712405154
1967-12-11,44.34386199583655
1967-12-12,44.34829638203613
1967-12-13,44.54786371575529
1967-12-14,44.628049870443654
1967-12-15,44.382595596156214
1967-12-18,44.26276258804659
1967-12-19,44.22735237797615
1967-12-20,44.48829375700621
1967-12-21,44.603963320774426
1967-12-22,44.55935935745365
1967-12-26,44.63511026836132
1967-12-27,44.94309252921301
1967-12-28,44.929609601454246
1967-12-29,45.22614502482384
1968-01-02,45.117602276764266
1968-01-03,44.873967224469745
1968-01-04,44.74832011624123
1968-01-05,45.043659029008424
1968-01-08,45.36797337401729
1968-01-09,45.308995008631065
1968-01-10,45.38602030014574
1968-01-11,45.50856255495613
1968-01-12,45.60868139257703
1968-01-15,45.54939010676669
1968-01-16,45.30342340019015
1968-01-17,45.26718066146999
1968-01-18,45.27170737953614
1968-01-19,45.12231074518367
1968-01-22,44.508647319049174
1968-01-23,44.29055494718583
1968-01-24,44.11782178289181
1968-01-25,44.14429247596154
1968-01-26,44.24582434865625
1968-01-29,44.17945561213327
1968-01-30,43.94088655182775
1968-01-31,43.58496537075795
1968-02-01,43.7200787634073
1968-02-02,43.58454651924074
1968-02-05,43.38841605990416
1968-02-06,43.42746563435807
1968-02-07,43.50129232593648
1968-02-08,42.89662436260596
1968-02-09,42.39473385756347
1968-02-13,41.95806809883057
1968-02-14,42.486739756875835
1968-02-15,42.597205280243706
1968-02-16,42.439595620706804
1968-02-19,42.59662212450342
1968-02-20,42.86924050610024
1968-02-21,43.05786516432708
1968-02-23,42.85979898457118
1968-02-26,42.529778532389976
1968-02-27,42.708403602226014
1968-02-28,42.48631990349444
1968-02-29,42.120937552324385
1968-03-01,41.93981752084939
1968-03-04,41.29394433102831
1968-03-05,41.12876855370419
1968-03-06,41.87731214138161
1968-03-07,41.818683904383676
1968-03-08,41.785228957260166
1968-03-11,42.357686593974634
1968-03-12,42.44240196716258
1968-03-13,42.37449412401512
1968-03-14,41.49734209564801
1968-03-15,41.825171098203626
1968-03-18,42.10539974456159
1968-03-19,41.84434626614531
1968-03-20,41.81923965838562
1968-03-21,41.48886766508437
1968-03-22,41.501314325383895
1968-03-25,41.455662879625976
1968-03-26,41.73756138720743
1968-03-27,42.10485192741485
1968-03-28,42.079589016258396
1968-03-29,42.38256205717546
1968-04-01,43.399743546547676
1968-04-02,43.49522298235008
1968-04-03,43.88233046689299
1968-04-04,44.09296565313407
1968-04-05,43.863682231737776
1968-04-08,44.63129667079319
1968-04-10,44.96603139582414
1968-04-11,45.402201900363636
1968-04-15,45.502086744544435
1968-04-16,45.57944029201016
1968-04-17,45.7252945009446
1968-04-18,45.87161544334763
1968-04-19,45.316568896483126
1968-04-22,45.108112679559305
1968-04-23,45.69451814439357
1968-04-24,45.827032247012305
1968-04-25,45.992009563101554
1968-04-26,46.15758079752872
1968-04-29,46.30528505608082
1968-04-30,46.37937351217055
1968-05-01,46.53706338211194
1968-05-02,46.83490058775745
1968-05-03,46.88173548834521
1968-05-06,46.80672471156385
1968-05-07,47.08288438736208
1968-05-08,47.120550694871966
1968-05-09,46.884947941397606
1968-05-10,47.06311074357492
1968-05-13,46.992516077459555
1968-05-14,46.96901981942083
1968-05-15,46.950232211493066
1968-05-16,46.753041236204794
1968-05-17,46.48654890115842
1968-05-20,46.282008085993326
1968-05-21,46.559700134509285
1968-05-22,46.71800311496662
1968-05-23,46.66661331154016
1968-05-24,46.82061313546825
1968-05-27,46.81124901284116
1968-05-28,47.110841006523344
1968-05-29,47.271017865945524
1968-05-31,47.6397318052999
1968-06-03,48.24952037240774
1968-06-04,48.514892734455984
1968-06-05,48.29657571715094
1968-06-06,48.736074556177016
1968-06-07,49.07235347061463
1968-06-10,49.13614753012643
1968-06-11,49.26390151370475
1968-06-13,49.061919517498566
1968-06-14,48.99323283017407
1968-06-17,48.454307269042154
1968-06-18,48.405852961773114
1968-06-20,48.662403982470515
1968-06-21,48.74026382884247
1968-06-24,48.564798879058635
1968-06-25,48.36082672376659
1968-06-27,48.288285483680944
1968-06-28,48.13376297013317
1968-07-01,48.037495444192906
1968-07-02,48.24886042414735
1968-07-03,48.866445837576435
1968-07-08,49.39909009720601
1968-07-09,49.53740754947819
1968-07-11,49.60180617929252
1968-07-12,49.58692563743873
1968-07-15,49.52246263411006
1968-07-16,49.2698980746761
1968-07-18,49.117161390644604
1968-07-19,48.635813209016284
1968-07-22,47.98895689333637
1968-07-23,47.883381188171036
1968-07-25,47.270473908962444
1968-07-26,47.41228533068933
1968-07-29,47.01402213391154
1968-07-30,47.079841764899015
1968-08-01,46.83502658772154
1968-08-02,46.577433941489076
1968-08-05,46.768401420649184
1968-08-06,46.98821290732623
1968-08-08,46.884838838930115
1968-08-09,46.908281258349575
1968-08-12,47.38205489905891
1968-08-13,47.60001235159458
1968-08-15,47.42389230589368
1968-08-16,47.713178048959634
1968-08-19,47.88494548993589
1968-08-20,47.899310973582864
1968-08-22,47.75561304066211
1968-08-23,47.77949084718244
1968-08-26,47.89893957430039
1968-08-27,47.81751137702408
1968-08-29,47.77447561678476
1968-08-30,47.88435691070337
1968-09-03,48.07110590265511
1968-09-04,48.37395386984184
1968-09-05,48.72224633770471
1968-09-06,48.93662422159061
1968-09-09,49.010029157923
1968-09-10,48.77478101796497
1968-09-12,48.68698641213263
1968-09-13,48.87199696049874
1968-09-16,49.067484948340734
1968-09-17,49.19506040920642
1968-09-19,49.283611517942994
1968-09-20,49.34768021291632
1968-09-23,49.63883152617253
1968-09-24,49.83242296912461
1968-09-26,49.74272460778018
1968-09-27,49.78749305992718
1968-09-30,50.00157928008486
1968-10-01,50.09158212278901
1968-10-03,50.27191181843106
1968-10-04,50.41267317152266
1968-10-07,50.40763190420551
1968-10-08,50.39250961463425
1968-10-10,50.190939576175715
1968-10-11,50.20097776409095
1968-10-14,50.291339524066316
1968-10-15,50.39695133706685
1968-10-17,50.6539757888859
1968-10-18,51.01361901698699
1968-10-21,51.09524080741417
1968-10-22,50.93173603683045
1968-10-24,50.62105244700579
1968-10-25,50.78810192008091
1968-10-28,50.63573761432067
1968-10-29,50.35217748368047
1968-10-31,50.387424007919044
1968-11-01,50.21106802389133
1968-11-04,50.23115245110088
1968-11-06,50.326591640757975
1968-11-07,50.472538756516165
1968-11-08,50.745090465801354
1968-11-12,51.130753153341445
1968-11-13,51.42731152163083
1968-11-14,51.48902429545679
1968-11-15,51.77736283151135
1968-11-18,51.87056208460807
1968-11-19,52.02617377086189
1968-11-21,52.010565918730634
1968-11-22,52.255015578548665
1968-11-25,52.401329622168596
1968-11-26,52.75765866359934
1968-11-27,52.98979236171917
1968-11-29,53.29713315741714
1968-12-02,53.20652803104953
1968-12-03,53.16396280862469
1968-12-05,53.0204201090414
1968-12-06,53.16887728534672
1968-12-09,53.08380708169016
1968-12-10,52.99887299035945
1968-12-12,52.98827321576138
1968-12-13,53.14193920808709
1968-12-16,52.94531403301716
1968-12-17,52.71235465127189
1968-12-19,52.844135537900065
1968-12-20,52.595768100871936
1968-12-23,52.054031689432954
1968-12-24,51.99677225457458
1968-12-26,52.06436805850553
1968-12-27,51.8769363334949
1968-12-30,51.34779158289326
1968-12-31,51.39400459531786
1969-01-02,51.44539859991317
1969-01-03,51.45054313977316
1969-01-06,50.68393004699054
1969-01-07,49.99969699135617
1969-01-08,49.75469847609852
1969-01-09,49.963668209698135
1969-01-10,49.82376993871098
1969-01-13,49.47002117214613
1969-01-14,49.84104633093723
1969-01-15,50.15006081818904
1969-01-16,50.43591616485272
1969-01-17,50.39556743192084
1969-01-20,50.30485541054338
1969-01-21,50.25958104067389
1969-01-22,50.46564532294066
1969-01-23,50.73815980768454
1969-01-24,50.7127907277807
1969-01-27,50.71786200685348
1969-01-28,50.743220937856904
1969-01-29,50.78888983670097
1969-01-30,50.7838109477173
1969-01-31,50.9818678104134
1969-02-03,50.95127868972715
1969-02-04,50.96656407333406
1969-02-05,51.053207232258735
1969-02-06,51.22678813684842
1969-02-07,51.283137603798956
1969-02-11,51.33954905516314
1969-02-12,51.329281145352105
1969-02-13,51.36007871403931
1969-02-14,51.31899065106808
1969-02-17,50.67750326792973
1969-02-18,50.08457647969495
1969-02-19,49.69391678315333
1969-02-20,49.23176335707
1969-02-24,48.61636631510663
1969-02-25,48.26632847763786
1969-02-26,48.47870032293947
1969-02-27,48.270241911550826
1969-02-28,48.26058786316852
1969-03-03,48.35228298010854
1969-03-04,48.840641038207636
1969-03-05,49.01158328184137
1969-03-06,48.443048915772
1969-03-07,48.36554003750677
1969-03-10,48.544492535645546
1969-03-11,48.74352495504169
1969-03-12,48.61191743766308
1969-03-13,48.27163401559944
1969-03-14,48.030275845521444
1969-03-17,48.14074547996614
1969-03-18,48.289981790954045
1969-03-19,48.64732765620711
1969-03-20,48.95867055320684
1969-03-21,48.87054494621106
1969-03-24,48.80212618328637
1969-03-25,48.87044915994297
1969-03-26,49.192994124398595
1969-03-27,49.53734508326938
1969-03-28,49.74044819811078
1969-04-01,49.685733705092865
1969-04-02,49.34787071589823
1969-04-03,49.31826199346869
1969-04-07,48.90398859272355
1969-04-08,49.01646776648681
1969-04-09,49.418402802172004
1969-04-10,49.66055297590264
1969-04-11,49.72014563947373
1969-04-14,49.665453479270305
1969-04-15,49.63068766183481
1969-04-16,49.198900679176845
1969-04-17,49.26777914012769
1969-04-18,49.47470381251623
1969-04-21,49.10859100430361
1969-04-22,49.20189732721179
1969-04-23,49.26585979373717
1969-04-24,49.487556162808986
1969-04-25,49.72014767677418
1969-04-28,49.904112223178245
1969-04-29,50.33328758829757
1969-04-30,50.78125384783342
1969-05-01,50.74062884475515
1969-05-02,50.989257926094446
1969-05-05,51.228907438347086
1969-05-06,51.46968330330731
1969-05-07,51.37189090503103
1969-05-08,51.556829712289144
1969-05-09,51.61354222497267
1969-05-12,51.52579920319021
1969-05-13,51.74220755984361
1969-05-14,52.1095772335185
1969-05-15,51.963670417264645
1969-05-16,51.98445588543155
1969-05-19,51.537389564816834
1969-05-20,51.114782970385335
1969-05-21,51.339688015455025
1969-05-22,51.44750136028748
1969-05-23,51.44750136028748
1969-05-26,51.35489585783896
1969-05-27,50.9594631597336
1969-05-28,50.83716044815024
1969-05-29,50.9591696332258
1969-06-02,50.694181951133025
1969-06-03,50.5319605688894
1969-06-04,50.54206696100318
1969-06-05,50.59260902796418
1969-06-06,50.25363854747682
1969-06-09,49.77622898127579
1969-06-10,49.39295201811997
1969-06-11,48.9089010883424
1969-06-12,48.2241764731056
1969-06-13,48.38331625546685
1969-06-16,48.204297985321624
1969-06-17,47.958456065596486
1969-06-18,47.86253915346529
1969-06-19,47.45570757066084
1969-06-20,47.114026476152084
1969-06-23,46.812496706704714
1969-06-24,47.332115420149144
1969-06-25,47.152253381552576
1969-06-26,47.241842662977525
1969-06-27,47.289084505640496
1969-06-30,47.51607211126757
1969-07-01,47.74414925740165
1969-07-02,48.16907218579252
1969-07-03,48.539974041623125
1969-07-07,48.22446421035258
1969-07-08,47.573433943512825
1969-07-09,47.20711850214777
1969-07-10,46.46596674166405
1969-07-11,46.614657835237374
1969-07-14,45.99002142024519
1969-07-15,45.80606133456421
1969-07-16,46.309928009244416
1969-07-17,46.56463261329527
1969-07-18,46.215397868695554
1969-07-22,45.508302281304516
1969-07-23,45.28531160012612
1969-07-24,45.10869888488563
1969-07-25,44.653101026148285
1969-07-28,43.66180218336779
1969-07-29,43.26884596371748
1969-07-30,43.50682461651793
1969-07-31,44.485728170389585
1969-08-01,45.37099416098034
1969-08-04,45.13960209075934
1969-08-05,45.33821633995868
1969-08-06,45.6419823894364
1969-08-07,45.692188570064786
1969-08-08,45.68761935120778
1969-08-11,45.42719992090589
1969-08-12,45.063782321538646
1969-08-13,45.08180783446726
1969-08-14,45.42893775479266
1969-08-15,45.80599793815744
1969-08-18,46.14496232289981
1969-08-19,46.40337411190805
1969-08-20,46.40801444931924
1969-08-21,46.5333160883324
1969-08-22,46.84508930612422
1969-08-25,46.41879899343849
1969-08-26,46.084583640685736
1969-08-27,46.21822893324372
1969-08-28,46.41696731765667
1969-08-29,46.76045287580733
1969-09-02,46.723044513506686
1969-09-03,46.40532781081484
1969-09-04,46.01552305720399
1969-09-05,45.73022681424933
1969-09-08,45.254632455381135
1969-09-09,45.60309312528757
1969-09-10,46.36466478047987
1969-09-11,46.054021526450654
1969-09-12,46.09547014582446
1969-09-15,46.39509070177231
1969-09-16,46.46468333782497
1969-09-17,46.334582224479064
1969-09-18,46.47821942937495
1969-09-19,46.65483666320658
1969-09-22,46.84145600985941
1969-09-23,46.85082430106138
1969-09-24,46.771177899749574
1969-09-25,46.43442541887138
1969-09-26,46.12331476856494
1969-09-29,45.800451565184986
1969-09-30,45.67221030080247
1969-10-01,45.39817703899765
1969-10-02,45.793141179236926
1969-10-03,45.77024460864731
1969-10-06,45.861785097864605
1969-10-07,45.77006152766887
1969-10-08,45.541211220030526
1969-10-09,45.70515958042264
1969-10-10,46.011384149611466
1969-10-13,46.60032986672649
1969-10-14,47.21079418798061
1969-10-15,47.24384174391219
1969-10-16,47.58399740446836
1969-10-17,47.55544700602568
1969-10-20,47.71237998114557
1969-10-21,48.10362149699096
1969-10-22,48.4114846745717
1969-10-23,48.26625022054799
1969-10-24,48.61376722213594
1969-10-27,48.579737585080444
1969-10-28,48.443714319842215
1969-10-29,48.02225400525958
1969-10-30,48.118298513270105
1969-10-31,48.29633621776921
1969-11-03,48.277017683282104
1969-11-04,48.32529470096538
1969-11-05,48.5620886450001
1969-11-06,48.64464419569661
1969-11-07,48.97542777622734
1969-11-10,49.01950566122594
1969-11-11,48.85283934197778
1969-11-12,48.78444536689901
1969-11-13,48.51125247284437
1969-11-14,48.31720746295299
1969-11-17,47.94999668623455
1969-11-18,47.92122668822281
1969-11-19,47.67682843211287
1969-11-20,47.15715100220284
1969-11-21,46.845913805588296
1969-11-24,46.35403171062962
1969-11-25,46.252052840866234
1969-11-26,46.432435846945616
1969-11-28,46.74353316712015
1969-12-01,46.402305375000175
1969-12-02,46.100690390062674
1969-12-03,45.547482105381924
1969-12-04,45.743336278435066
1969-12-05,45.583234601460546
1969-12-08,45.01800249240244
1969-12-09,44.94147188816535
1969-12-10,44.923495299410085
1969-12-11,44.96841879470949
1969-12-12,45.11681457673204
1969-12-15,44.99951085883254
1969-12-16,44.56751555458774
1969-12-17,44.34022122525935
1969-12-18,45.05853280910855
1969-12-19,45.44153033798597
1969-12-22,45.0007474937075
1969-12-23,44.77574375623896
1969-12-24,45.31305268131383
1969-12-26,45.69368232383686
1969-12-29,45.364687811105235
1969-12-30,45.55521949991188
1969-12-31,45.82399529496136
1970-01-02,46.37846563803039
1970-01-05,46.66601212498618
1970-01-06,46.33468343889878
1970-01-07,46.2790818187721
1970-01-08,46.306849267863356
1970-01-09,46.17719008991334
1970-01-12,45.821625726221
1970-01-13,45.85370086422935
1970-01-14,45.75740809241447
1970-01-15,45.75283235160523
1970-01-16,45.391384976027545
1970-01-19,44.81037524833439
1970-01-20,44.89999599883106
1970-01-21,44.94040599523
1970-01-22,44.97635832002618
1970-01-23,44.51310182932991
1970-01-26,44.023457709207285
1970-01-27,43.74170757986836
1970-01-28,43.32178718710162
1970-01-29,42.762936132388006
1970-01-30,42.39945117526271
1970-02-02,42.759846510252444
1970-02-03,43.31572451488572
1970-02-04,43.00385129837855
1970-02-05,42.84043666344471
1970-02-06,43.101763327091724
1970-02-09,43.46381813903929
1970-02-10,43.068297393974035
1970-02-11,43.4645257299986
1970-02-12,43.3906360362576
1970-02-13,43.325550082203215
1970-02-16,43.30821986217033
1970-02-17,43.230265066418426
1970-02-18,43.75335127372209
1970-02-19,43.88898666267063
1970-02-20,44.03820921732372
1970-02-24,44.03820921732372
1970-02-25,44.716397639270504
1970-02-26,44.49281565107415
1970-02-27,44.80871464219678
1970-03-02,44.8804085856243
1970-03-03,45.15417907799661
1970-03-04,45.054839884025014
1970-03-05,45.05934536801342
1970-03-06,44.761953688584526
1970-03-09,44.29195317485439
1970-03-10,44.36724949525165
1970-03-11,44.318445520806875
1970-03-12,44.105716982307
1970-03-13,43.84108268041316
1970-03-16,43.35006255439253
1970-03-17,43.532132817120974
1970-03-18,43.65837600229062
1970-03-19,43.544864224684666
1970-03-20,43.33584887640618
1970-03-23,43.28817944264213
1970-03-24,43.73837650884561
1970-03-25,44.68749927908756
1970-03-26,44.74559302815038
1970-03-30,44.62925448627719
1970-03-31,44.620328635379934
1970-04-01,44.830044179966215
1970-04-02,44.664173016500335
1970-04-03,44.45425140332278
1970-04-06,44.09417196695586
1970-04-07,43.94425178226822
1970-04-08,43.86954655423836
1970-04-09,43.83445091699497
1970-04-10,43.650346223143586
1970-04-13,43.266223176379924
1970-04-14,42.902786901698335
1970-04-15,42.77836881968341
1970-04-16,42.299251088902956
1970-04-17,42.16389348541847
1970-04-20,42.26087044043493
1970-04-21,42.02843565301254
1970-04-22,41.414820492478555
1970-04-23,40.73975891845115
1970-04-24,40.54420807564259
1970-04-27,39.81035790947345
1970-04-28,39.23310771978609
1970-04-29,40.06484960344556
1970-04-30,39.91660965991281
1970-05-01,39.8727013892869
1970-05-04,38.84797296358223
1970-05-05,38.42064526098282
1970-05-06,38.893219197692915
1970-05-07,39.13435715671861
1970-05-08,38.942598806650686
1970-05-11,38.52201873953886
1970-05-12,38.17532057088301
1970-05-13,37.514887525006735
1970-05-14,36.955915700884134
1970-05-15,37.64329573292058
1970-05-18,37.70352500609325
1970-05-19,36.9569952109726
1970-05-20,35.98502623692402
1970-05-21,35.27252271743293
1970-05-22,35.23019569017201
1970-05-25,34.11339848679356
1970-05-26,33.673335646313916
1970-05-27,35.471491769827075
1970-05-28,36.415033450904474
1970-05-29,37.40916386411417
1970-06-01,38.10123339560028
1970-06-02,38.15838524569369
1970-06-03,38.59720667601917
1970-06-04,37.99894997254087
1970-06-05,37.36436750799944
1970-06-08,37.41294118575984
1970-06-09,37.42790636223415
1970-06-10,37.05362729861181
1970-06-11,36.5385818791611
1970-06-12,36.39608140983237
1970-06-15,36.51618847848482
1970-06-16,37.359712432337815
1970-06-17,37.270049122500204
1970-06-18,37.489942412322954
1970-06-19,37.748623014967976
1970-06-22,37.50703182767218
1970-06-23,36.584358844711446
1970-06-24,36.174614025650676
1970-06-25,36.167379102845544
1970-06-26,35.88165680793306
1970-06-29,35.58025089074643
1970-06-30,35.48418421334141
1970-07-01,35.6083788580881
1970-07-02,35.522918748828694
1970-07-06,34.96876121634697
1970-07-07,34.66802986988638
1970-07-08,35.500062586763654
1970-07-09,36.0787136069279
1970-07-10,36.342088216258475
1970-07-13,36.323917172150345
1970-07-14,36.27669607982655
1970-07-15,36.63946304062482
1970-07-16,37.13775973797732
1970-07-17,37.76910165352293
1970-07-20,37.82575530600322
1970-07-21,37.447497752943185
1970-07-22,37.49992424979731
1970-07-23,37.9649233104948
1970-07-24,37.88519697154276
1970-07-27,37.82079213669114
1970-07-28,37.93047243388754
1970-07-29,38.082194323623085
1970-07-30,38.112660079081984
1970-07-31,38.09741501505035
1970-08-03,37.64405577637125
1970-08-04,37.719343887924
1970-08-05,37.70048421598004
1970-08-06,37.64393348965607
1970-08-07,37.75310089677607
1970-08-10,37.22078217413153
1970-08-11,37.01978995039122
1970-08-12,36.84949891661942
1970-08-13,36.528908276044824
1970-08-14,36.68598258163181
1970-08-17,36.76302314505324
1970-08-18,37.16374009733432
1970-08-19,37.50936288023953
1970-08-20,37.801935910705396
1970-08-21,38.60333695201235
1970-08-24,39.51823603777504
1970-08-25,39.68026080552992
1970-08-26,39.81517369226872
1970-08-27,39.77934003594568
1970-08-28,40.181111370308734
1970-08-31,40.05253181392375
1970-09-01,39.80821136985882
1970-09-02,39.80821136985882
1970-09-03,40.40135371926971
1970-09-04,40.8498087455536
1970-09-08,41.009122999661265
1970-09-09,40.89839836756218
1970-09-10,40.67345717654059
1970-09-11,40.828016313811446
1970-09-14,40.62795903387377
1970-09-15,40.23793062714858
1970-09-16,40.47533441784876
1970-09-17,40.8112796935169
1970-09-18,41.00309270807643
1970-09-21,40.67096765714101
1970-09-22,40.53675346387245
1970-09-23,41.09210698632751
1970-09-24,41.692051748327884
1970-09-25,41.77126664664971
1970-09-28,41.75873526665571
1970-09-29,42.01763942530898
1970-09-30,41.9798235498262
1970-10-01,42.03859530279596
1970-10-02,42.48840827253588
1970-10-05,43.1087390333149
1970-10-06,43.216510880898184
1970-10-07,43.21218922981009
1970-10-08,42.72389149151324
1970-10-09,42.318014522343866
1970-10-12,41.911761582929365
1970-10-13,41.811173355130336
1970-10-14,41.873890115163036
1970-10-15,42.05394784265824
1970-10-16,41.81003494517082
1970-10-19,41.22887545943294
1970-10-20,41.4721258246436
1970-10-21,41.44724254914881
1970-10-22,41.2773088546973
1970-10-23,41.48782312985627
1970-10-26,41.27208644958102
1970-10-27,41.156524607522186
1970-10-28,41.29234113872701
1970-10-29,41.22627339290504
1970-10-30,41.205660256208596
1970-11-02,41.345759501079705
1970-11-03,41.7054676087391
1970-11-04,41.78887854395658
1970-11-05,41.71365856257746
1970-11-06,41.759543586996294
1970-11-09,41.97669321364868
1970-11-10,42.048053592111884
1970-11-11,42.169992947529
1970-11-12,41.710340024400935
1970-11-13,41.32243386217401
1970-11-16,41.264582454766966
1970-11-17,41.2934676624853
1970-11-18,40.98376665501666
1970-11-19,41.02884879833718
1970-11-20,41.43913728632055
1970-11-23,41.70849167868163
1970-11-24,41.958742628753726
1970-11-25,42.139165222057365
1970-11-27,42.560556874277935
1970-11-30,43.27983028545323
1970-12-01,43.41399775933814
1970-12-02,43.95233133155393
1970-12-03,44.16330252194538
1970-12-04,44.42386600682486
1970-12-07,44.69040920286581
1970-12-08,44.46695715685148
1970-12-09,44.480297243998535
1970-12-10,44.64042631407693
1970-12-11,44.81898801933324
1970-12-14,44.57248358522691
1970-12-15,44.501167611490544
1970-12-16,44.56346924614663
1970-12-17,44.71052869465892
1970-12-18,44.813362910656636
1970-12-21,44.69236683079786
1970-12-22,44.7504669076779
1970-12-23,44.82206765473018
1970-12-24,45.140304335078774
1970-12-28,45.38857600892171
1970-12-29,45.90146691782253
1970-12-30,45.99326985165818
1970-12-31,45.95647523577685
1971-01-04,45.51069742598981
1971-01-05,45.892987284368125
1971-01-06,46.241773987729324
1971-01-07,46.27414322952073
1971-01-08,46.22324167196826
1971-01-11,46.18164075446349
1971-01-12,46.643457162008126
1971-01-13,46.61080674199472
1971-01-14,46.75530024289491
1971-01-15,46.89556614362359
1971-01-18,47.064390181740634
1971-01-19,47.20558335228585
1971-01-20,47.25278893563813
1971-01-21,47.48432760142275
1971-01-22,47.81196946187256
1971-01-25,48.04624811223573
1971-01-26,48.19038685657243
1971-01-27,47.84341607120511
1971-01-28,48.03478973548993
1971-01-29,48.36142630569126
1971-02-01,48.69512014720053
1971-02-02,48.734076243318285
1971-02-03,48.88515187967258
1971-02-04,48.96336812268005
1971-02-05,49.193495952856644
1971-02-08,49.498495627764356
1971-02-09,49.4885959286388
1971-02-10,49.44405619230302
1971-02-11,49.71105409574146
1971-02-12,50.01429152572548
1971-02-16,50.144328683692365
1971-02-17,49.91366477174738
1971-02-18,49.58423458425384
1971-02-19,49.133018049537135
1971-02-22,48.62203466182195
1971-02-23,48.874869242063426
1971-02-24,49.24631824830311
1971-02-25,49.33496162115006
1971-02-26,49.221491209421416
1971-03-01,49.36915568304968
1971-03-02,49.393840260891196
1971-03-03,49.40371902894337
1971-03-04,49.922458078747276
1971-03-05,50.45662838018987
1971-03-08,50.69882019641478
1971-03-09,50.7748684267094
1971-03-10,50.71901607144002
1971-03-11,50.71901607144002
1971-03-12,50.80016649715433
1971-03-15,51.37928839522189
1971-03-16,51.625908979518954
1971-03-17,51.63623416131485
1971-03-18,51.698197642308436
1971-03-19,51.61548052608074
1971-03-22,51.414180152029026
1971-03-23,51.24965477554253
1971-03-24,50.942156846889276
1971-03-25,50.952345278258655
1971-03-26,51.15615465937169
1971-03-29,51.202195198565114
1971-03-30,51.31484002800195
1971-03-31,51.36615486802995
1971-04-01,51.40211117643757
1971-04-02,51.51005560990809
1971-04-05,51.60277371000593
1971-04-06,51.912390352265966
1971-04-07,52.14080486981594
1971-04-08,52.21901607712066
1971-04-12,52.574105386445076
1971-04-13,52.6003924391383
1971-04-14,52.789753851919194
1971-04-15,52.87421745808227
1971-04-16,52.879504879828076
1971-04-19,53.10159880032335
1971-04-20,52.8467111260818
1971-04-21,52.70930967715398
1971-04-22,52.86743760618544
1971-04-23,53.13706153797699
1971-04-26,53.14237524413079
1971-04-27,53.38151593272938
1971-04-28,53.56835123849393
1971-04-29,53.4344303603977
1971-04-30,53.092450006091156
1971-05-03,52.79513228605704
1971-05-04,53.09078502685896
1971-05-05,53.08016686985359
1971-05-06,52.777609918695426
1971-05-07,52.61399932794747
1971-05-10,52.361452131173316
1971-05-11,52.51853648756683
1971-05-12,52.64458097513698
1971-05-13,52.549820729381736
1971-05-14,52.33436646439127
1971-05-17,51.54411753077896
1971-05-18,51.57504400129743
1971-05-19,51.69882410690054
1971-05-20,51.833241049578476
1971-05-21,51.65700803000991
1971-05-24,51.23342056416383
1971-05-25,50.90552667255318
1971-05-26,50.98697551522927
1971-05-27,50.93598853971404
1971-05-28,51.0837029064792
1971-06-01,51.40553023479002
1971-06-02,51.84761779480921
1971-06-03,51.95131303039883
1971-06-04,52.0915815755809
1971-06-07,52.02386251953265
1971-06-08,51.623278778132246
1971-06-09,51.597467138743184
1971-06-10,51.757419286873294
1971-06-11,51.94374599630604
1971-06-14,51.52819602833559
1971-06-15,51.54880730674692
1971-06-16,51.64159515989907
1971-06-17,51.63643100038308
1971-06-18,50.856720892277295
1971-06-21,50.22101188112383
1971-06-22,50.08039304785668
1971-06-23,50.52110050667782
1971-06-24,50.440266745867135
1971-06-25,50.349474265724574
1971-06-28,50.22863552748684
1971-06-29,50.79621910894744
1971-06-30,51.27370356857155
1971-07-01,51.33523201285384
1971-07-02,51.36603315206155
1971-07-06,51.40712597858319
1971-07-07,51.59733234470395
1971-07-08,51.77792300791042
1971-07-09,51.964323530738895
1971-07-12,52.03187715132886
1971-07-13,51.37107231150698
1971-07-14,51.29401570303972
1971-07-15,51.31966271089124
1971-07-16,51.22215535174054
1971-07-19,51.10946660996671
1971-07-20,51.30879352974558
1971-07-21,51.27800825362773
1971-07-22,51.16006883464439
1971-07-23,51.08332873139243
1971-07-26,50.919862079451974
1971-07-27,50.431031403489236
1971-07-28,50.017496945980625
1971-07-29,49.39727998385047
1971-07-30,49.17499222392314
1971-08-02,49.42578468426515
1971-08-03,48.62508697238006
1971-08-04,48.35278648533473
1971-08-05,48.4785037301966
1971-08-06,48.61424354064115
1971-08-09,48.24963671408634
1971-08-10,48.259286641429156
1971-08-11,48.85287586711873
1971-08-12,49.55147199201853
1971-08-13,49.412727870440875
1971-08-16,51.132290800332214
1971-08-17,51.710085686375976
1971-08-18,51.02234154674718
1971-08-19,50.792741009786816
1971-08-20,50.88924721770541
1971-08-23,51.352339367386534
1971-08-24,51.83505135743997
1971-08-25,51.89206991393316
1971-08-26,51.84017784401923
1971-08-27,51.96977828862928
1971-08-30,51.50205028403161
1971-08-31,51.25999064769666
1971-09-01,51.290746642085274
1971-09-02,51.4292316580189
1971-09-03,52.154383824396966
1971-09-07,52.420371181901395
1971-09-08,52.53569599850157
1971-09-09,52.29403179690846
1971-09-10,52.121461491978664
1971-09-13,51.94424852290594
1971-09-14,51.55986108383644
1971-09-15,51.755788555955014
1971-09-16,51.67297929426548
1971-09-17,51.83833282800713
1971-09-20,51.68281782952311
1971-09-21,51.52776937603454
1971-09-22,51.084630559400644
1971-09-23,51.04376285495312
1971-09-24,50.962092834385196
1971-09-27,50.68180132379608
1971-09-28,50.78823310657605
1971-09-29,50.80346957650802
1971-09-30,51.04732623047526
1971-10-01,51.3638196531042
1971-10-04,51.507638348132886
1971-10-05,51.461281473619565
1971-10-06,51.842094956524356
1971-10-07,51.96133177492436
1971-10-08,51.6547599174523
1971-10-11,51.5514503976174
1971-10-12,51.74219076408859
1971-10-13,51.48865402934456
1971-10-14,51.025256143080455
1971-10-15,50.82115511850813
1971-10-18,50.57213145842744
1971-10-19,50.369842932593734
1971-10-20,49.6797760844172
1971-10-21,49.68474406202564
1971-10-22,49.669838638807036
1971-10-25,49.46122531652405
1971-10-26,49.21391918994143
1971-10-27,48.69717303844705
1971-10-28,48.76534908070088
1971-10-29,49.00429929119631
1971-11-01,48.288836521544845
1971-11-02,48.42887414745732
1971-11-03,49.261850782793594
1971-11-04,49.27170315295015
1971-11-05,49.14359672475248
1971-11-08,49.10919620704515
1971-11-09,49.15339448363149
1971-11-10,48.602876465414816
1971-11-11,47.941877345485175
1971-11-12,47.93228897001608
1971-11-15,47.76931918751803
1971-11-16,48.213573855961954
1971-11-17,48.25696607243231
1971-11-18,47.9095159167108
1971-11-19,47.62684977280221
1971-11-22,47.16010664502875
1971-11-23,46.79225781319752
1971-11-24,46.881163103042596
1971-11-26,47.739088387828275
1971-11-29,48.61271370532553
1971-11-30,48.98217032948601
1971-12-01,49.83935831025202
1971-12-02,49.993860321013806
1971-12-03,50.58378787280177
1971-12-06,50.361219206161444
1971-12-07,50.587844692589165
1971-12-08,50.66878524409731
1971-12-09,50.68905275819495
1971-12-10,51.10977189608796
1971-12-13,51.30910000648271
1971-12-14,51.114125426458074
1971-12-15,51.54348408004032
1971-12-16,52.125925450144784
1971-12-17,52.39698026248554
1971-12-20,53.04670281774036
1971-12-21,53.17931957478471
1971-12-22,52.876197453208434
1971-12-23,52.65411742390496
1971-12-27,52.738364011783204
1971-12-28,53.23410463349397
1971-12-29,53.41510058924786
1971-12-30,53.249513777421186
1971-12-31,53.473161735286354
1972-01-03,53.28065835303932
1972-01-04,53.493780986451476
1972-01-05,54.0180200401187
1972-01-06,54.26110113029923
1972-01-07,54.26110113029923
1972-01-10,54.24482279996014
1972-01-11,54.46180209115998
1972-01-12,54.429125009905285
1972-01-13,54.113436084847834
1972-01-14,54.33530117279571
1972-01-17,54.51460766666594
1972-01-18,54.732666097332604
1972-01-19,54.65604036479634
1972-01-20,54.617781136540984
1972-01-21,54.51946913049521
1972-01-24,53.93065886388586
1972-01-25,54.022340983954464
1972-01-26,53.941307472478535
1972-01-27,54.54005598542305
1972-01-28,54.943652399715184
1972-01-31,54.91068620827535
1972-02-01,54.99305223758777
1972-02-02,55.33950846668457
1972-02-03,55.3339745158379
1972-02-04,55.5387102215465
1972-02-07,55.34987860679325
1972-02-08,55.42736843684276
1972-02-09,55.83198822643172
1972-02-10,55.85432102172229
1972-02-11,55.63648916973757
1972-02-14,55.4195068619756
1972-02-15,55.67443659354068
1972-02-16,55.952808776508384
1972-02-17,55.936022933875435
1972-02-18,55.80737008112752
1972-02-22,55.80737008112752
1972-02-23,55.87433892522488
1972-02-24,55.963737867505245
1972-02-25,56.321905789857276
1972-02-28,56.36133112391017
1972-02-29,56.59804871463059
1972-03-01,57.0564929092191
1972-03-02,57.09072680496463
1972-03-03,57.42756209311393
1972-03-06,57.8640115650216
1972-03-07,57.93923478005613
1972-03-08,58.04931932613824
1972-03-09,58.07253905386869
1972-03-10,57.764754596883186
1972-03-13,57.221765903672484
1972-03-14,57.38770902479313
1972-03-15,57.43361919201296
1972-03-16,57.278548420194525
1972-03-17,57.43892835577107
1972-03-20,57.22640432085471
1972-03-21,56.694198760670766
1972-03-22,56.79057889856391
1972-03-23,57.33576845599013
1972-03-24,57.22109691907815
1972-03-27,57.10665472523999
1972-03-28,57.05525873598727
1972-03-29,56.71863270944495
1972-03-30,57.070288232243506
1972-04-03,57.20725692400089
1972-04-04,57.56194191692969
1972-04-05,58.03970603484021
1972-04-06,58.27766882958305
1972-04-07,58.43501853542292
1972-04-10,58.35320950947333
1972-04-11,58.569116384658386
1972-04-12,58.785822115281626
1972-04-13,58.63297897778189
1972-04-14,58.656432169373
1972-04-17,58.50979108894957
1972-04-18,58.61510871290968
1972-04-19,58.25169503888964
1972-04-20,58.15266715732353
1972-04-21,58.06543815658755
1972-04-24,57.68801280856973
1972-04-25,57.12267028304574
1972-04-26,56.99128814139474
1972-04-27,57.04827942953613
1972-04-28,57.34493048256972
1972-05-01,56.82882610822659
1972-05-02,56.499218916798874
1972-05-03,56.374920635181915
1972-05-04,56.51022044470635
1972-05-05,56.71930826035177
1972-05-08,56.441383649876045
1972-05-09,55.628627725317834
1972-05-10,56.0235909821676
1972-05-11,56.2588900642927
1972-05-12,56.652702294742745
1972-05-15,56.94163107644594
1972-05-16,56.81635948807776
1972-05-17,56.93567384300272
1972-05-18,57.459482042358346
1972-05-19,57.993855225352284
1972-05-22,58.32442020013679
1972-05-23,58.347749968216846
1972-05-24,58.58697574308653
1972-05-25,58.71000839214702
1972-05-26,58.80981540641367
1972-05-30,58.615743015572505
1972-05-31,58.19370966586038
1972-06-01,58.32755519809186
1972-06-02,58.39754826432957
1972-06-05,57.93620763304137
1972-06-06,57.61755849105965
1972-06-07,57.335232454453454
1972-06-08,57.16896028033554
1972-06-09,56.911699959074035
1972-06-12,56.95722931904129
1972-06-13,57.202145405113164
1972-06-14,57.63688171019203
1972-06-15,57.60806326933694
1972-06-16,57.56197681872147
1972-06-19,57.45836526044777
1972-06-20,57.67096121191143
1972-06-21,57.7632347498505
1972-06-22,57.67081357425074
1972-06-23,57.43436323859631
1972-06-26,57.038066132249995
1972-06-27,56.97532425950452
1972-06-28,56.77591062459626
1972-06-29,56.668036394409526
1972-06-30,56.894708539987164
1972-07-03,57.09952949073112
1972-07-05,57.430706761777365
1972-07-06,57.87866627451923
1972-07-07,57.71081814232313
1972-07-10,57.39917972435458
1972-07-11,56.9801657123668
1972-07-12,56.68386885066249
1972-07-13,56.33809725067345
1972-07-14,56.60852011747668
1972-07-17,56.09338258440764
1972-07-18,56.054117216598556
1972-07-19,56.19425250964005
1972-07-20,56.020050326860165
1972-07-21,56.434598699278936
1972-07-24,57.055379284970996
1972-07-25,56.88991868504458
1972-07-26,56.84440675009654
1972-07-27,56.66818908917124
1972-07-28,56.696523183715826
1972-07-31,56.668174922123974
1972-08-01,57.20652258388416
1972-08-02,57.687057373588786
1972-08-03,58.119710303890706
1972-08-04,58.32312928995432
1972-08-07,58.39311704510227
1972-08-08,58.439831538738346
1972-08-09,58.51580331973871
1972-08-10,58.65038966737411
1972-08-11,59.13718790161331
1972-08-14,59.39147780959024
1972-08-15,59.142033602789965
1972-08-16,58.98235011206243
1972-08-17,58.8584871768271
1972-08-18,59.10569282296977
1972-08-21,59.06431883799369
1972-08-22,59.37145329595126
1972-08-23,59.28833326133693
1972-08-24,58.65987692876676
1972-08-25,58.501495261059084
1972-08-28,58.23238838285821
1972-08-29,58.313913726594215
1972-08-30,58.39555320581145
1972-08-31,58.6583331952376
1972-09-01,58.9046981946576
1972-09-05,58.74565550953202
1972-09-06,58.40493070757673
1972-09-07,58.223875422383244
1972-09-08,58.15400677187638
1972-09-11,57.76437492650481
1972-09-12,57.227166239688316
1972-09-13,57.427461321527225
1972-09-14,57.45043230605583
1972-09-15,57.404471960210984
1972-09-18,57.301143910682605
1972-09-19,57.278223453118336
1972-09-20,57.255312163737095
1972-09-21,57.15225260184236
1972-09-22,57.20368962918402
1972-09-25,56.95199339481561
1972-09-26,57.01464058754991
1972-09-27,57.80714409171686
1972-09-28,58.1655483850855
1972-09-29,58.235347043147605
1972-10-02,58.060641002018166
1972-10-03,58.112895578919975
1972-10-04,57.97342462953057
1972-10-05,57.341514301068685
1972-10-06,57.71423414402563
1972-10-09,57.85274830597129
1972-10-10,57.92217160393846
1972-10-11,57.66731404888113
1972-10-12,57.19444207368031
1972-10-13,56.816958755994015
1972-10-16,56.23174408080728
1972-10-17,56.58038089410829
1972-10-18,56.91986317947294
1972-10-19,56.86294331629347
1972-10-20,57.45431792678292
1972-10-23,58.00587937888004
1972-10-24,58.197298780830344
1972-10-25,58.185659321074176
1972-10-26,58.39512769463005
1972-10-27,58.23746084985454
1972-10-30,58.22581335768457
1972-10-31,58.784781165918346
1972-11-01,59.3961428900439
1972-11-02,59.68718399020511
1972-11-03,60.200493772520865
1972-11-06,60.11019303186209
1972-11-08,59.83368614391552
1972-11-09,59.88753646144504
1972-11-10,60.07917657812167
1972-11-13,60.14526367235761
1972-11-14,60.65649841357264
1972-11-15,60.46239761864921
1972-11-16,60.776802086266194
1972-11-17,60.97736553315088
1972-11-20,61.00175647936414
1972-11-21,61.30066508611302
1972-11-22,61.67459914313831
1972-11-24,61.85962294056772
1972-11-27,61.63692829798167
1972-11-28,61.5321455198751
1972-11-29,61.556758378083046
1972-11-30,61.72911730154167
1972-12-01,62.142702387461995
1972-12-04,62.347773305340624
1972-12-05,62.229312536060476
1972-12-06,62.44089219868309
1972-12-07,62.71563212435729
1972-12-08,62.84733495181844
1972-12-11,62.97302962172208
1972-12-12,62.72743480619736
1972-12-13,62.62079816702682
1972-12-14,62.42667369270904
1972-12-15,62.46412969692466
1972-12-18,61.77702427025849
1972-12-19,61.511383065896375
1972-12-20,61.29609322516574
1972-12-21,60.903798228524685
1972-12-22,61.27531139771869
1972-12-26,61.44075473849252
1972-12-27,61.692661832920344
1972-12-29,62.352773314532584
1973-01-02,62.907712997031915
1973-01-03,63.14047153512094
1973-01-04,63.00787654489719
1973-01-05,63.20950174984086
1973-01-08,63.20318079966588
1973-01-09,63.15893857310611
1973-01-10,63.00735712053066
1973-01-11,63.36649905611769
1973-01-12,62.84055711395192
1973-01-15,62.31898048990612
1973-01-16,62.10709595624044
1973-01-17,62.34310292087416
1973-01-18,62.436617575255475
1973-01-19,62.33047532537754
1973-01-22,62.012589901218114
1973-01-23,61.92577227535641
1973-01-24,61.077389195184026
1973-01-26,60.863618333000886
1973-01-29,60.56538660316918
1973-01-30,60.47453852326443
1973-01-31,60.559202877197
1973-02-01,59.87488388468468
1973-02-02,59.64137183753441
1973-02-05,59.539981505410594
1973-02-06,59.66501546657196
1973-02-07,59.21752785057267
1973-02-08,58.96881423360027
1973-02-09,59.770790107177234
1973-02-12,60.42229171934546
1973-02-13,60.730445407114125
1973-02-14,59.88629221595524
1973-02-15,59.48505405810833
1973-02-16,59.71109726352915
1973-02-20,59.87231722614067
1973-02-21,59.44123654211246
1973-02-22,59.27480107979455
1973-02-23,58.64648818834873
1973-02-26,58.14212838992893
1973-02-27,57.48512233912273
1973-02-28,57.85302712209312
1973-03-01,57.476982445799514
1973-03-02,57.971284494833384
1973-03-05,58.19737250436324
1973-03-06,58.94229887241908
1973-03-07,59.172173838021514
1973-03-08,59.059746707729275
1973-03-09,58.858943568922996
1973-03-12,58.858943568922996
1973-03-13,59.117922920626256
1973-03-14,59.283453104804
1973-03-15,58.874397278380854
1973-03-16,58.58002529198895
1973-03-19,57.87120698595589
1973-03-20,57.69180624429942
1973-03-21,56.959120304996816
1973-03-22,56.01359890793387
1973-03-23,56.024801627715455
1973-03-26,56.45619260024887
1973-03-27,57.274807392952475
1973-03-28,57.30344479664895
1973-03-29,57.87647924461544
1973-03-30,57.3555909314139
1973-04-02,56.68453051751636
1973-04-03,56.13469057149645
1973-04-04,55.79788242806747
1973-04-05,55.55795153362678
1973-04-06,55.963524579822256
1973-04-09,56.68545404690196
1973-04-10,57.331668223036644
1973-04-11,57.5724612295734
1973-04-12,57.537917752835654
1973-04-13,57.313519873599596
1973-04-16,57.00975821826952
1973-04-17,56.6905035722472
1973-04-18,56.90592748582174
1973-04-19,57.224600679742345
1973-04-23,56.909865376003765
1973-04-24,56.067599368438906
1973-04-25,55.20415833816495
1973-04-26,55.397372892348535
1973-04-27,54.560872561674074
1973-04-30,54.44083864203839
1973-05-01,54.46261497749521
1973-05-02,55.11616635722515
1973-05-03,55.93188561931208
1973-05-04,56.36815432714271
1973-05-07,56.13704489440143
1973-05-08,56.473867163767835
1973-05-09,56.19714521466537
1973-05-10,55.82062434172711
1973-05-11,55.17868716179725
1973-05-14,53.981309650386244
1973-05-15,54.2134292818829
1973-05-16,54.153794509672835
1973-05-17,53.67724111798771
1973-05-18,52.68421215730494
1973-05-21,51.915022659808294
1973-05-22,52.31476833428882
1973-05-23,52.53449036129283
1973-05-24,54.01070954044516
1973-05-25,54.52921235203344
1973-05-29,54.365624714977336
1973-05-30,53.54470378178118
1973-05-31,53.068155918123324
1973-06-01,52.57462206808478
1973-06-04,51.98578630092223
1973-06-05,52.703190151874956
1973-06-06,52.57143217649527
1973-06-07,53.270632224442664
1973-06-08,53.856609178911526
1973-06-11,53.70042501229268
1973-06-12,54.47908117497092
1973-06-13,54.22302949344856
1973-06-14,53.65910998671669
1973-06-15,52.993737022881405
1973-06-18,52.24122595715649
1973-06-19,52.37705314464509
1973-06-20,52.58656135722367
1973-06-21,51.99759187002277
1973-06-22,52.21598175587686
1973-06-25,51.479736413119
1973-06-26,51.94820201447839
1973-06-27,52.11443626092473
1973-06-28,52.64079206716006
1973-06-29,52.47234153254515
1973-07-02,51.85841513661437
1973-07-03,51.3968752418985
1973-07-05,51.319779929035654
1973-07-06,51.11963278731241
1973-07-09,51.543925739447104
1973-07-10,52.27584948494725
1973-07-11,53.42591817361609
1973-07-12,53.40989039816401
1973-07-13,52.84374555994347
1973-07-16,53.65225486701061
1973-07-17,53.81857685709835
1973-07-18,54.25988918732656
1973-07-19,54.47692874407586
1973-07-20,54.85281955240998
1973-07-23,55.0283485749777
1973-07-24,55.34201016185507
1973-07-25,56.11126410310486
1973-07-26,56.189819872849206
1973-07-27,56.071821251116226
1973-07-30,55.90360578736288
1973-07-31,55.44519621990651
1973-08-01,54.7354977082917
1973-08-02,54.68623576035424
1973-08-03,54.65342401889803
1973-08-06,54.81738429095472
1973-08-07,54.74063995294738
1973-08-08,54.22607793738968
1973-08-09,54.22607793738968
1973-08-10,53.80853713727178
1973-08-13,53.243547497330425
1973-08-14,52.76435556985445
1973-08-15,52.906819329893054
1973-08-16,52.647575915176574
1973-08-17,52.67389970313416
1973-08-20,52.294647625271594
1973-08-21,51.90243776808206
1973-08-22,51.674067041902504
1973-08-23,52.350997320151436
1973-08-24,52.29341122309927
1973-08-27,52.66469444278328
1973-08-28,52.92801791499719
1973-08-29,53.41495567981517
1973-08-30,53.436321662087096
1973-08-31,53.71953416689616
1973-09-04,53.93978425698043
1973-09-05,54.06923973919718
1973-09-06,54.35039978584101
1973-09-07,54.274309226140836
1973-09-10,53.81840502864126
1973-09-11,53.527785641486595
1973-09-12,53.420730070203625
1973-09-13,53.5970184794353
1973-09-14,54.09547075129405
1973-09-17,54.09547075129405
1973-09-18,53.99268935686659
1973-09-19,55.056345337196866
1973-09-20,55.57938061790024
1973-09-21,55.8850672112987
1973-09-24,56.069487933095985
1973-09-25,56.372263167934705
1973-09-26,56.78941791537743
1973-09-27,56.94274934374894
1973-09-28,56.69220124663645
1973-10-01,56.618501385015826
1973-10-02,56.963874243464424
1973-10-03,57.02653450513224
1973-10-04,56.82123898091376
1973-10-05,57.51445809648091
1973-10-08,57.784776049534365
1973-10-09,57.74432670629969
1973-10-10,57.23617663128425
1973-10-11,58.19774439868982
1973-10-12,58.43053537628458
1973-10-15,57.764427272994936
1973-10-16,57.775980158449535
1973-10-17,57.62576261003756
1973-10-18,57.637287762559566
1973-10-19,57.76985352441345
1973-10-22,57.16904704775955
1973-10-23,57.38628942654103
1973-10-24,57.56992555270597
1973-10-25,57.67355141870084
1973-10-26,58.1061030543411
1973-10-29,57.97245901731611
1973-10-30,57.1086693779581
1973-10-31,56.61753482130766
1973-11-01,56.30613837979047
1973-11-02,56.00771584637758
1973-11-05,55.13399547917409
1973-11-06,54.753570910367785
1973-11-07,55.11494447837621
1973-11-08,55.72672036208619
1973-11-09,54.91868291683594
1973-11-12,54.407939165709365
1973-11-13,54.26647852387852
1973-11-14,53.26254867118677
1973-11-15,53.2146123773827
1973-11-16,53.831901880960345
1973-11-19,52.21694482453153
1973-11-20,51.05250695494448
1973-11-21,51.60897928075337
1973-11-23,51.55220940354454
1973-11-26,50.02110878425927
1973-11-27,49.56591669432251
1973-11-28,50.56219161987839
1973-11-29,50.40039260669478
1973-11-30,49.73510742428641
1973-12-03,48.725484743573396
1973-12-04,48.53545535307346
1973-12-05,47.7054990665359
1973-12-06,48.79318444525291
1973-12-07,49.87639313993753
1973-12-10,50.63950195497858
1973-12-11,49.743182770375455
1973-12-12,48.4647829731768
1973-12-13,47.76204362006574
1973-12-14,48.3113071216965
1973-12-17,48.00694588682981
1973-12-18,48.92387855326825
1973-12-19,48.92877094112358
1973-12-20,48.796663259582544
1973-12-21,48.34285429126843
1973-12-24,48.05279716552082
1973-12-26,49.36944380785609
1973-12-27,50.346958795251645
1973-12-28,50.306681228215446
1973-12-31,50.417355926917516
1974-01-02,50.56356625910557
1974-01-03,51.75181006619456
1974-01-04,51.47235029183711
1974-01-07,51.22013577540711
1974-01-08,50.32890541291503
1974-01-09,48.97002496676632
1974-01-10,48.46073670711195
1974-01-11,49.03741947392658
1974-01-14,48.98347831250526
1974-01-15,49.36554944334281
1974-01-16,50.08628646521561
1974-01-17,50.93274470647775
1974-01-18,50.158566986939285
1974-01-21,50.03818642617063
1974-01-22,50.54357210907496
1974-01-23,50.80639868404215
1974-01-24,50.69462460693726
1974-01-25,50.65406890725171
1974-01-28,50.415994783387625
1974-01-29,50.35045399016922
1974-01-30,50.87913375706599
1974-01-31,50.665441395286315
1974-02-01,50.05745609854288
1974-02-04,49.091347195841
1974-02-05,48.90970921121639
1974-02-06,49.066220280692285
1974-02-07,49.139819611113325
1974-02-08,48.68773327069108
1974-02-11,47.845435485108126
1974-02-12,47.8789272899477
1974-02-13,47.874139397218705
1974-02-14,47.883714225098146
1974-02-15,48.52056762429196
1974-02-19,48.47204705666766
1974-02-20,49.087642054287336
1974-02-21,49.71105510837678
1974-02-22,50.128627971287145
1974-02-25,50.01333212695319
1974-02-26,50.518466781435414
1974-02-27,50.78116280869888
1974-02-28,50.72530352960931
1974-03-01,50.431096769137575
1974-03-04,50.45126920784523
1974-03-05,51.35434692666566
1974-03-06,51.65733757353299
1974-03-07,51.187255801613844
1974-03-08,51.586516396866436
1974-03-11,52.12301616739384
1974-03-12,52.23247450134537
1974-03-13,52.53542285345318
1974-03-14,52.57219764945059
1974-03-15,52.43550993556201
1974-03-18,51.77482251037393
1974-03-19,51.3554464480399
1974-03-20,51.50437724273921
1974-03-21,51.40136848825373
1974-03-22,51.360247393463126
1974-03-25,51.47323993772874
1974-03-26,51.59677571357929
1974-03-27,50.91569827416004
1974-03-28,49.989032565570334
1974-03-29,49.59911811155888
1974-04-01,49.22712472572219
1974-04-02,49.24189286313991
1974-04-03,49.6604489524766
1974-04-04,49.645550817790856
1974-04-05,48.97533588175068
1974-04-08,48.48558252293317
1974-04-09,48.74255611030472
1974-04-10,48.6596937649172
1974-04-11,48.54777646925789
1974-04-15,48.484664359847855
1974-04-16,49.26041898960542
1974-04-17,49.610167964431625
1974-04-18,49.80364761949291
1974-04-19,49.300630778536025
1974-04-22,49.11821844465544
1974-04-23,48.23900233449611
1974-04-24,47.42376319504312
1974-04-25,46.98746457364873
1974-04-26,47.27408810754799
1974-04-29,47.25517847230497
1974-04-30,47.39694400772188
1974-05-01,48.33540349907477
1974-05-02,48.30156871662542
1974-05-03,47.91032601002075
1974-05-06,47.848042586207725
1974-05-07,47.94852347563876
1974-05-08,47.94852347563876
1974-05-09,48.47595723387078
1974-05-10,47.70034191812885
1974-05-13,47.25672873829025
1974-05-14,47.25672873829025
1974-05-15,47.15748960793984
1974-05-16,46.860397423409815
1974-05-17,46.0356544287578
1974-05-20,45.828493983828395
1974-05-21,45.828493983828395
1974-05-22,45.383957592185254
1974-05-23,45.402111175222124
1974-05-24,46.10584389843807
1974-05-28,46.0044110418615
1974-05-29,45.2729409062959
1974-05-30,45.530996669461786
1974-05-31,45.48091257312538
1974-06-03,46.340501820757446
1974-06-04,46.91975809351691
1974-06-05,47.06051736779746
1974-06-06,47.87466431826036
1974-06-07,48.200212035624524
1974-06-10,48.47977326543115
1974-06-11,48.08223912465461
1974-06-12,47.91395128771833
1974-06-13,48.02894477080885
1974-06-14,47.54865532310076
1974-06-17,46.91625820730352
1974-06-18,46.60661090313531
1974-06-19,46.27104330463274
1974-06-20,45.90087495819568
1974-06-21,45.47399682108446
1974-06-24,45.51947081790554
1974-06-25,46.10667199145652
1974-06-26,45.396629242788094
1974-06-27,44.711140141221996
1974-06-28,44.46522887044528
1974-07-01,44.39853102713961
1974-07-02,43.46616187556968
1974-07-03,43.40965586513144
1974-07-05,43.17524372345973
1974-07-08,41.806588497426056
1974-07-09,41.9194662863691
1974-07-10,41.198451466243554
1974-07-11,41.153133169630685
1974-07-12,42.815719749683765
1974-07-15,43.16680865163117
1974-07-16,42.730823884249695
1974-07-17,43.20513602936487
1974-07-18,43.295866815026535
1974-07-19,43.26123012157451
1974-07-22,43.39966605796356
1974-07-23,43.85970251817797
1974-07-24,44.03075535799886
1974-07-25,43.51559552031028
1974-07-26,42.775830396465004
1974-07-29,42.018698198447574
1974-07-30,41.795999097995804
1974-07-31,41.17741831134546
1974-08-01,40.91800057598399
1974-08-02,40.82798097471682
1974-08-05,41.19543280348927
1974-08-06,41.8463206417844
1974-08-07,42.89247865782901
1974-08-08,42.38634740966663
1974-08-09,42.119313420985726
1974-08-12,41.63915324798649
1974-08-13,40.96043505004431
1974-08-14,40.075689652963355
1974-08-15,39.85527335987206
1974-08-16,39.52846011832111
1974-08-19,38.97110883065278
1974-08-20,39.13478748774152
1974-08-21,38.44992870670605
1974-08-22,38.03466947667362
1974-08-23,37.429918231994506
1974-08-26,37.70315663508807
1974-08-27,37.1149873915807
1974-08-28,37.00364242940596
1974-08-29,36.54849762752426
1974-08-30,37.582820110383196
1974-09-03,36.778547760021
1974-09-04,35.803916244380446
1974-09-05,36.85655138196523
1974-09-06,37.144032482744564
1974-09-09,36.31200615513109
1974-09-10,36.03966610896761
1974-09-11,35.733328947041386
1974-09-12,34.83284905757594
1974-09-13,34.06652637830927
1974-09-16,34.560491010794756
1974-09-17,35.137651210675024
1974-09-18,35.278201815517725
1974-09-19,36.470605036882226
1974-09-20,36.598252154511314
1974-09-23,36.323765263352485
1974-09-24,35.66993748861214
1974-09-25,35.537958719904275
1974-09-26,34.9693513803858
1974-09-27,34.245485806811814
1974-09-30,33.4475659875131
1974-10-01,33.37732609893932
1974-10-02,33.40402795981847
1974-10-03,32.84952109568549
1974-10-04,32.87580071256203
1974-10-07,34.12179355956813
1974-10-08,34.08767176600856
1974-10-09,35.536397816063925
1974-10-10,36.59182883120103
1974-10-11,37.33464295647441
1974-10-14,38.19333974447332
1974-10-15,37.5784269745873
1974-10-16,37.056086839640535
1974-10-17,37.459998186192614
1974-10-18,37.984438160799314
1974-10-21,38.63397205334898
1974-10-22,38.521933534394265
1974-10-23,37.555033002680965
1974-10-24,37.111883613249326
1974-10-25,37.10075004816535
1974-10-28,37.07477952313163
1974-10-29,38.353859416679676
1974-10-30,39.105595061246596
1974-10-31,38.98827827606286
1974-11-01,38.98827827606286
1974-11-04,38.63348494375069
1974-11-05,39.634092203793834
1974-11-06,39.59842152081042
1974-11-07,39.90332936652066
1974-11-08,39.83150337366092
1974-11-11,39.97091363546874
1974-11-12,39.20347209366774
1974-11-13,39.02313612203687
1974-11-14,38.92167596811957
1974-11-15,38.37288033696909
1974-11-18,37.014480373040385
1974-11-19,36.414845790997134
1974-11-20,36.26554492325405
1974-11-21,36.45412575685497
1974-11-22,36.85512114018037
1974-11-25,36.82932255538225
1974-11-26,37.190249916424996
1974-11-27,37.424548490898474
1974-11-29,37.46197303938937
1974-12-02,36.532916108012515
1974-12-03,36.00318882444633
1974-12-04,36.08239583986011
1974-12-05,35.39322207931878
1974-12-06,34.7844586595545
1974-12-09,34.97925162804801
1974-12-10,35.78377441549311
1974-12-11,36.02352570407692
1974-12-12,35.88663630640142
1974-12-13,35.689259806716215
1974-12-16,35.37162539443644
1974-12-17,35.85267949980078
1974-12-18,36.0283576293498
1974-12-19,35.90586121341001
1974-12-20,35.500124981698484
1974-12-23,34.98892318196203
1974-12-24,35.45427586028213
1974-12-26,35.77336434302467
1974-12-27,35.63384822208687
1974-12-30,35.61959468279804
1974-12-31,36.4032257658196
1975-01-02,37.316946732541666
1975-01-03,37.62667739042176
1975-01-06,37.93145347728418
1975-01-07,37.942832913327365
1975-01-08,37.51407890140677
1975-01-09,38.1255583874997
1975-01-10,38.949070448669694
1975-01-13,38.824433423233955
1975-01-14,38.533250172559704
1975-01-15,38.802982923767615
1975-01-16,38.86506769644564
1975-01-17,38.39480037731865
1975-01-20,38.406318817431846
1975-01-21,38.24885291028038
1975-01-22,38.673415177584495
1975-01-23,38.88225161954345
1975-01-24,39.379944440273604
1975-01-27,40.65585464013847
1975-01-28,41.0176917464357
1975-01-29,41.66577127602939
1975-01-30,41.20744779199307
1975-01-31,41.6236430146922
1975-02-03,42.148100916677315
1975-02-04,42.021656613927284
1975-02-05,42.715013948057084
1975-02-06,42.66802743271422
1975-02-07,42.663760629970945
1975-02-10,42.540035724144026
1975-02-11,42.6208617920199
1975-02-12,43.298533494513016
1975-02-13,43.878733843339496
1975-02-14,44.1112911327092
1975-02-18,43.820156611233315
1975-02-19,44.03487537862836
1975-02-20,44.45320669472533
1975-02-21,44.65769144552107
1975-02-24,44.0950045333075
1975-02-25,43.11168593221475
1975-02-26,43.48675759982501
1975-02-27,43.71723741510409
1975-02-28,44.101949104357
1975-03-03,44.864912823862376
1975-03-04,45.178967213629406
1975-03-05,44.849160752969915
1975-03-06,45.25728811582194
1975-03-07,45.605769234313776
1975-03-10,45.95237308049456
1975-03-11,45.71801597778404
1975-03-12,45.31569743717954
1975-03-13,45.44711295974735
1975-03-14,46.074283118591865
1975-03-17,46.71010822562843
1975-03-18,46.2990592732429
1975-03-19,45.89625745756568
1975-03-20,45.59334215834575
1975-03-21,45.506714808244894
1975-03-24,44.46916171061691
1975-03-25,44.73597668088061
1975-03-26,45.53227706580029
1975-03-27,45.69619326323717
1975-03-31,45.44943381961569
1975-04-01,45.09038329244073
1975-04-02,44.9956934875266
1975-04-03,44.54123698330258
1975-04-04,44.28735193249776
1975-04-07,43.995055409743266
1975-04-08,44.25902574220173
1975-04-09,45.153058062194205
1975-04-10,45.62264986604102
1975-04-11,45.89638576523727
1975-04-14,46.6169590217515
1975-04-15,46.9339543430994
1975-04-16,47.12638355590611
1975-04-17,47.47983143257541
1975-04-18,47.06200891596875
1975-04-21,47.5796910140444
1975-04-22,47.46074178650929
1975-04-23,46.97664222028689
1975-04-24,46.97664222028689
1975-04-25,47.31487404427296
1975-04-28,47.14454049771358
1975-04-29,46.790956443980726
1975-04-30,47.572365416595204
1975-05-01,47.99100223226124
1975-05-02,48.595688860387725
1975-05-05,49.076786180105564
1975-05-06,48.458418674236235
1975-05-07,48.69586492573999
1975-05-08,49.061083912683046
1975-05-09,49.63509859446144
1975-05-12,49.66984316347756
1975-05-13,50.08210286173442
1975-05-14,50.4627268434836
1975-05-15,50.089302664841824
1975-05-16,49.62848108032528
1975-05-19,49.67314671329757
1975-05-20,49.47942144111571
1975-05-21,48.93019986311933
1975-05-22,49.13081368255811
1975-05-23,49.77442734179963
1975-05-27,49.73460779992619
1975-05-28,49.41630631000666
1975-05-29,49.43113120189966
1975-05-30,50.241801753610815
1975-06-02,50.96528369886281
1975-06-03,51.143662191808836
1975-06-04,51.05671796608276
1975-06-05,51.12309169943867
1975-06-06,51.077080916909175
1975-06-09,50.453940529722885
1975-06-10,50.040218217379156
1975-06-11,50.11027452288349
1975-06-12,49.86473417772137
1975-06-13,50.11405784860997
1975-06-16,50.60517561552635
1975-06-17,50.19021317547903
1975-06-18,50.099870791763166
1975-06-19,51.001668466014905
1975-06-20,51.358680145277006
1975-06-23,51.92362562687505
1975-06-24,52.27151391857511
1975-06-25,52.501508579816836
1975-06-26,52.6275122004084
1975-06-27,52.64856320528856
1975-06-30,52.90654116499447
1975-07-01,52.70020565445099
1975-07-02,52.294414070911714
1975-07-03,52.48790340297409
1975-07-07,52.0680001757503
1975-07-08,51.9846913754691
1975-07-09,52.78525562265133
1975-07-10,52.82748382714944
1975-07-11,52.82748382714944
1975-07-14,53.128600484964196
1975-07-15,53.378304907243525
1975-07-16,52.86053534964326
1975-07-17,52.3953626385664
1975-07-18,52.222457941859126
1975-07-21,51.85690073626611
1975-07-22,51.27610344801993
1975-07-23,50.537727558368445
1975-07-24,50.36589928466999
1975-07-25,49.96297209039263
1975-07-28,49.60323869134181
1975-07-29,49.29073828758636
1975-07-30,49.640702529428225
1975-07-31,49.645666599681164
1975-08-01,49.16906820032422
1975-08-04,48.6970451456011
1975-08-05,48.15650794448493
1975-08-06,48.16132359527938
1975-08-07,48.146875198200796
1975-08-08,47.987990510046735
1975-08-11,48.223131663545956
1975-08-12,48.54622664569171
1975-08-13,47.96367192594341
1975-08-14,47.695075363158125
1975-08-15,48.057557935918126
1975-08-18,47.96144282004629
1975-08-19,47.21804045633557
1975-08-20,46.26895784316323
1975-08-21,46.22268888532007
1975-08-22,46.874428798603084
1975-08-25,47.329110757949536
1975-08-26,46.78009307315732
1975-08-27,47.013993538523096
1975-08-28,48.08591259120142
1975-08-29,48.441748344376315
1975-09-02,47.70058959470736
1975-09-03,47.93909254268089
1975-09-04,48.03017681851198
1975-09-05,47.73719273991906
1975-09-08,47.823119686850916
1975-09-09,47.1870721950158
1975-09-10,46.64913957199262
1975-09-11,46.481202669533445
1975-09-12,46.38359214392742
1975-09-15,46.142397464779
1975-09-16,45.71788740810304
1975-09-17,45.81846676040087
1975-09-18,46.67069024214432
1975-09-19,47.72078077259256
1975-09-22,47.334242448334564
1975-09-23,47.27744135739656
1975-09-24,47.74076028269905
1975-09-25,47.669149142275
1975-09-26,47.92656254764329
1975-09-29,47.34665114081681
1975-09-30,46.68853268995946
1975-10-01,46.15628341729392
1975-10-02,46.5763055963913
1975-10-03,47.694136930704694
1975-10-06,48.19015595478402
1975-10-07,48.1275087520428
1975-10-08,48.719477109692924
1975-10-09,48.94845865210848
1975-10-10,48.90929988518679
1975-10-13,49.57446636362533
1975-10-14,49.56455147035261
1975-10-15,49.539769194617435
1975-10-16,49.63389475608721
1975-10-17,49.3460181665019
1975-10-20,49.81973994090032
1975-10-21,50.21829786042752
1975-10-22,50.31873445614838
1975-10-23,50.57536000187474
1975-10-24,49.91282278585018
1975-10-27,49.867901245342914
1975-10-28,50.261857665181125
1975-10-29,49.59840114400073
1975-10-30,49.51904370217033
1975-10-31,49.40019799728512
1975-11-03,48.945716175710096
1975-11-04,49.15618275526565
1975-11-05,49.5740103086854
1975-11-06,49.79709335507448
1975-11-07,49.72737742437738
1975-11-10,49.73732289986226
1975-11-11,50.0456943018414
1975-11-12,50.79137514693883
1975-11-13,50.77613773439475
1975-11-14,50.725361596660356
1975-11-17,50.98406094080333
1975-11-18,50.72914063609932
1975-11-19,50.18633883129305
1975-11-20,49.99061210985101
1975-11-21,49.97061586500707
1975-11-24,50.12052771260208
1975-11-25,50.596672725871805
1975-11-26,50.7585820785946
1975-11-28,50.90578196662252
1975-12-01,50.61561900941277
1975-12-02,49.84120003856875
1975-12-03,48.819455437778096
1975-12-04,48.892684620934766
1975-12-05,48.37931143241495
1975-12-08,48.45671833070682
1975-12-09,48.5100207208706
1975-12-10,48.956312911502614
1975-12-11,48.84371339180616
1975-12-12,48.81440716377108
1975-12-15,48.92179885953137
1975-12-16,49.39144812858287
1975-12-17,49.54456161778148
1975-12-18,49.727876495767276
1975-12-19,49.41459087384394
1975-12-22,49.06374727863965
1975-12-23,49.36303613703935
1975-12-24,49.777685640590484
1975-12-26,50.23564034848392
1975-12-29,50.16531045199604
1975-12-30,49.98973186541406
1975-12-31,50.30966614935271
1976-01-02,50.71717444516246
1976-01-05,51.63008358517539
1976-01-06,52.25480759655601
1976-01-07,52.54220903833708
1976-01-08,52.91000450160543
1976-01-09,53.14809952186265
1976-01-12,53.84965443555124
1976-01-13,53.47270685450238
1976-01-14,54.32827016417441
1976-01-15,54.09465860246846
1976-01-16,54.343494032039814
1976-01-19,55.0119190086339
1976-01-20,55.29247979557794
1976-01-21,55.03260514053872
1976-01-22,54.939049711799804
1976-01-23,55.581836593427866
1976-01-26,55.82083849077961
1976-01-27,55.53615221447663
1976-01-28,55.291793144732935
1976-01-29,56.22622444887892
1976-01-30,56.647921132245514
1976-02-02,56.73855780605711
1976-02-03,56.98820746040376
1976-02-04,57.49540250680135
1976-02-05,56.75371181446361
1976-02-06,56.28265600640356
1976-02-09,56.44587570882213
1976-02-10,56.90308730206359
1976-02-11,57.15915119492287
1976-02-12,56.96481008086013
1976-02-13,56.74264732154478
1976-02-17,56.458934084937056
1976-02-18,56.91625145102505
1976-02-19,57.83260309938655
1976-02-20,58.231648060772315
1976-02-23,58.06859944620215
1976-02-24,58.364749303377785
1976-02-25,58.28303865435306
1976-02-26,57.4321062899995
1976-02-27,57.053054388485506
1976-03-01,57.24703477340636
1976-03-02,57.5905169820468
1976-03-03,57.27952819034375
1976-03-04,56.74110062535452
1976-03-05,56.82053816623002
1976-03-08,57.40578970934219
1976-03-09,57.57226649949927
1976-03-10,57.78528388554742
1976-03-11,58.27645879857457
1976-03-12,57.78110889878669
1976-03-15,57.14551670090004
1976-03-16,57.71697186790904
1976-03-17,57.71120017072225
1976-03-18,57.486126490056435
1976-03-19,57.555109841844505
1976-03-22,57.601153929717974
1976-03-23,58.36148916159026
1976-03-24,58.97428479778695
1976-03-25,58.66172108835868
1976-03-26,58.732115153664715
1976-03-29,58.50893311608079
1976-03-30,58.26904649030486
1976-03-31,58.64196838784281
1976-04-01,58.40153631745265
1976-04-02,58.430737085611376
1976-04-05,59.11437670951303
1976-04-06,59.07299664581637
1976-04-07,58.3877498847249
1976-04-08,57.827227485831536
1976-04-09,57.23738976547605
1976-04-12,57.13436246389819
1976-04-13,57.51716269240631
1976-04-14,57.17205971625187
1976-04-15,57.37216192525876
1976-04-19,57.773767058735565
1976-04-20,58.62304143449897
1976-04-21,58.84580899195007
1976-04-22,58.73988653576456
1976-04-23,58.36395126193567
1976-04-26,58.416478818071404
1976-04-27,58.12439642398105
1976-04-28,58.23483277718661
1976-04-29,58.229009293908895
1976-04-30,58.00773905859204
1976-05-03,57.53787637221744
1976-05-04,57.871596055176305
1976-05-05,57.62274819213905
1976-05-06,57.80137871153469
1976-05-07,58.25222946548466
1976-05-10,58.974557110856665
1976-05-11,58.933274920879064
1976-05-12,58.84487500849775
1976-05-13,58.52711268345187
1976-05-14,58.094012049594326
1976-05-17,57.94296761826538
1976-05-18,58.01829347616913
1976-05-19,58.00088798812628
1976-05-20,58.3778937600491
1976-05-21,58.07432871249684
1976-05-24,57.1219097216119
1976-05-25,57.08763657577893
1976-05-26,57.064801521148624
1976-05-27,57.0191496799317
1976-05-28,57.452495217499184
1976-06-01,57.303118729933686
1976-06-02,57.48075839799649
1976-06-03,57.45776609463729
1976-06-04,56.96362930622341
1976-06-07,56.678811159692295
1976-06-08,56.769497257547805
1976-06-09,56.74678945864479
1976-06-10,57.19508909536808
1976-06-11,57.875710655602965
1976-06-14,58.46025533322455
1976-06-15,58.22641431189165
1976-06-16,58.55830487346944
1976-06-17,59.407400294134746
1976-06-18,59.526215094723014
1976-06-21,59.770272576611376
1976-06-22,59.36383472309042
1976-06-23,59.24510705364424
1976-06-24,59.60650220667147
1976-06-25,59.62438415733347
1976-06-28,59.49321051218734
1976-06-29,59.72523403318487
1976-06-30,60.01191515654415
1976-07-01,59.62183770802662
1976-07-02,59.913984712795944
1976-07-06,59.65036318005964
1976-07-07,59.8114191606458
1976-07-08,59.913098573218896
1976-07-09,60.440333840663214
1976-07-12,60.91176844462039
1976-07-13,60.79603608457561
1976-07-14,60.960185382003964
1976-07-15,60.60661630678834
1976-07-16,60.32782587177711
1976-07-19,60.15287517674896
1976-07-20,59.78594263817079
1976-07-21,59.83377139228132
1976-07-22,59.91753867223052
1976-07-23,60.00142322637165
1976-07-26,59.965422372435825
1976-07-27,59.67758834504813
1976-07-28,59.450813509336946
1976-07-29,59.367582370423875
1976-07-30,59.61692621637965
1976-08-02,59.539424212298364
1976-08-03,60.08123297263029
1976-08-04,60.2254279317646
1976-08-05,59.97850367724436
1976-08-06,59.972505826876635
1976-08-09,59.84656356464019
1976-08-10,60.31935141680085
1976-08-11,60.18664884368389
1976-08-12,60.2408168276432
1976-08-13,60.28298539942254
1976-08-16,60.3914947731415
1976-08-17,60.584747556415564
1976-08-18,60.475695010814015
1976-08-19,59.780224518189655
1976-08-20,59.248180519977765
1976-08-23,59.00526297984586
1976-08-24,58.65123140196678
1976-08-25,59.10284588376193
1976-08-26,58.742318523870985
1976-08-27,58.80693507424725
1976-08-30,59.130373217155615
1976-08-31,59.55019886699743
1976-09-01,60.169520935214194
1976-09-02,60.15748703102715
1976-09-03,60.39210123044816
1976-09-07,60.77861067832303
1976-09-08,60.72390992871254
1976-09-09,60.462797116019075
1976-09-10,60.62000038852072
1976-09-13,60.45632638747171
1976-09-14,60.28704867358679
1976-09-15,60.41968018066868
1976-09-16,60.96345730229469
1976-09-17,61.50603207228511
1976-09-20,61.57983931077186
1976-09-21,62.34958730215651
1976-09-22,62.18124341644068
1976-09-23,61.90764594540834
1976-09-24,61.86431059324655
1976-09-27,62.099394973500885
1976-09-28,61.416301628792375
1976-09-29,61.109220120648416
1976-09-30,61.041999978515705
1976-10-01,60.49262197870906
1976-10-04,60.41398157013674
1976-10-05,59.98504230098877
1976-10-06,59.73910362755472
1976-10-07,60.097538249320046
1976-10-08,59.60473843567562
1976-10-11,59.06233531591097
1976-10-12,58.61346156751004
1976-10-13,59.26407099090941
1976-10-14,58.59438698871214
1976-10-15,58.664700253098594
1976-10-18,58.99908904454126
1976-10-19,58.9813893178279
1976-10-20,59.128842791122466
1976-10-21,58.655812048793486
1976-10-22,58.2276246208373
1976-10-25,58.291675007920226
1976-10-26,58.81047091549071
1976-10-27,59.15157164680056
1976-10-28,59.10425038948312
1976-10-29,59.819411819195864
1976-11-01,59.96896034874385
1976-11-03,59.2793173047333
1976-11-04,59.74762391144069
1976-11-05,59.04260194928569
1976-11-08,58.38722906764862
1976-11-09,58.20038993463214
1976-11-10,57.9384881799263
1976-11-11,58.36143914363977
1976-11-12,58.18635482620885
1976-11-15,58.50056114227038
1976-11-16,58.664362713468726
1976-11-17,59.04568107110627
1976-11-18,59.78965665260221
1976-11-19,59.88532010324638
1976-11-22,60.27457468391748
1976-11-23,60.0395038426502
1976-11-24,60.363717163400516
1976-11-26,60.798335926977
1976-11-29,60.46394507937863
1976-11-30,60.282553244140495
1976-12-01,60.55382473373913
1976-12-02,60.39032940695803
1976-12-03,60.7345542845777
1976-12-06,61.22043071885432
1976-12-07,61.25104093421374
1976-12-08,61.58792165935192
1976-12-09,61.951290397142095
1976-12-10,62.09997349409523
1976-12-13,62.15586347023991
1976-12-14,62.41691809681491
1976-12-15,62.46685163129236
1976-12-16,62.304437817050996
1976-12-17,62.04898962200109
1976-12-20,61.72012997700448
1976-12-21,62.0040425748987
1976-12-22,62.301661979258206
1976-12-23,62.345273142643684
1976-12-27,63.024836619898494
1976-12-28,63.42819557426584
1976-12-29,63.237910987543046
1976-12-30,63.58571949797454
1976-12-31,63.967233814962384
1977-01-03,63.7753321135175
1977-01-04,63.163088925227726
1977-01-05,62.70831468496608
1977-01-06,62.83373131433601
1977-01-07,62.90284841878179
1977-01-10,62.990912406568086
1977-01-11,62.417695103668315
1977-01-12,62.005738315984104
1977-01-13,62.52658651783837
1977-01-14,62.52658651783837
1977-01-17,62.407786003454476
1977-01-18,62.23928498124515
1977-01-19,62.56292926314763
1977-01-20,62.11247617245297
1977-01-21,62.3485035819083
1977-01-24,62.36720813298287
1977-01-25,62.35473469135627
1977-01-26,61.955664389331595
1977-01-27,61.60871266875134
1977-01-28,61.63951702508571
1977-01-31,61.64568097678822
1977-02-01,61.966238517867524
1977-02-02,61.91046890320144
1977-02-03,61.68140016825959
1977-02-04,61.792426688562465
1977-02-07,61.841860629913306
1977-02-08,61.69962435046451
1977-02-09,61.1936874307907
1977-02-10,61.267119855707655
1977-02-11,60.95465754444355
1977-02-14,61.22895350339354
1977-02-15,61.418763259254064
1977-02-16,61.66443831229108
1977-02-17,61.356116120729624
1977-02-18,61.19045460720365
1977-02-22,61.18433556174293
1977-02-23,61.013019422170046
1977-02-24,60.64694130563703
1977-02-25,60.55597089367858
1977-02-28,60.68919402964467
1977-03-01,61.21719001770257
1977-03-02,61.09475563766716
1977-03-03,61.375791513600426
1977-03-04,61.60288194220075
1977-03-07,61.68912597691984
1977-03-08,61.491720773793695
1977-03-09,61.0735770725319
1977-03-10,61.378944957894554
1977-03-11,61.434186008356654
1977-03-14,61.83350821741097
1977-03-15,62.117942355211056
1977-03-16,62.248390034157
1977-03-17,62.20481616113309
1977-03-18,62.08040652881082
1977-03-21,61.81346078073693
1977-03-22,61.68983385917546
1977-03-23,61.22099112184572
1977-03-24,60.94549666179742
1977-03-25,60.59810733082517
1977-03-28,60.5193297912951
1977-03-29,60.864289971105485
1977-03-30,60.21304206841465
1977-03-31,60.14078641793255
1977-04-01,60.60387047335064
1977-04-04,60.076616800232486
1977-04-05,59.92041759655188
1977-04-06,59.89045738775361
1977-04-07,60.0880958971332
1977-04-11,60.39454518620859
1977-04-12,61.13135863748033
1977-04-13,61.161924316799066
1977-04-14,61.68791686592353
1977-04-15,61.724929616043084
1977-04-18,61.49037488350212
1977-04-19,61.299754721363264
1977-04-20,61.52043383836018
1977-04-21,61.13285510517851
1977-04-22,60.4114874149374
1977-04-25,59.66842611973367
1977-04-26,59.64455874928578
1977-04-27,60.16346641040456
1977-04-28,60.29582603650745
1977-04-29,60.45862476680602
1977-05-02,60.791147203023456
1977-05-03,61.08902382431827
1977-05-04,61.44944906488175
1977-05-05,61.627652467169895
1977-05-06,61.38730462254793
1977-05-09,61.270668743765086
1977-05-10,61.46673488374514
1977-05-11,61.14096118886129
1977-05-12,61.134847092742405
1977-05-13,61.34270557285773
1977-05-16,61.60034493626373
1977-05-17,61.76666586759164
1977-05-18,62.08167586351637
1977-05-19,61.889222668339464
1977-05-20,61.672610389000276
1977-05-23,60.988044413682374
1977-05-24,60.71359821382081
1977-05-25,60.227889428110245
1977-05-26,60.33629962908085
1977-05-27,59.95618094141764
1977-05-31,59.82427734334652
1977-06-01,60.27894185115596
1977-06-02,60.20660712093458
1977-06-03,60.74244592431089
1977-06-06,60.51769887439094
1977-06-07,60.79608028921313
1977-06-08,61.118299514745964
1977-06-09,61.11218768479449
1977-06-10,61.30163546661736
1977-06-13,61.51006102720387
1977-06-14,62.131312643578624
1977-06-15,62.01947628082018
1977-06-16,62.21173665729073
1977-06-17,62.31749660960813
1977-06-20,62.59792534435136
1977-06-21,62.81075829052216
1977-06-22,62.70398000142827
1977-06-23,62.8544695534317
1977-06-24,63.2190254768416
1977-06-27,63.168450256460126
1977-06-28,62.7262711046649
1977-06-29,62.69490796911258
1977-06-30,62.926879128598294
1977-07-01,62.775854618689664
1977-07-05,62.79468737507527
1977-07-06,62.52467021936245
1977-07-07,62.73100163108635
1977-07-08,62.73727473124946
1977-07-11,62.58670527189446
1977-07-12,62.536635907676946
1977-07-13,62.64920185231077
1977-07-15,63.03762690379509
1977-07-18,63.44106771597938
1977-07-19,63.847090549361646
1977-07-20,63.847090549361646
1977-07-21,63.78962816786722
1977-07-22,63.84703883321829
1977-07-25,63.43203308080238
1977-07-26,63.10852971209029
1977-07-27,62.11141494263926
1977-07-28,62.092781518156464
1977-07-29,62.092781518156464
1977-08-01,62.32252480977365
1977-08-02,61.95482191339598
1977-08-03,61.83091226956919
1977-08-04,62.146249922144
1977-08-05,62.16489379712064
1977-08-08,61.810553902477054
1977-08-09,61.86618340098928
1977-08-10,62.31161992147641
1977-08-11,61.98759949788473
1977-08-12,61.807835459340865
1977-08-15,61.94999348089735
1977-08-16,61.7393635030623
1977-08-17,61.72084169401138
1977-08-18,61.73935794651958
1977-08-19,61.60970529483189
1977-08-22,61.788373440186895
1977-08-23,61.70804855471465
1977-08-24,61.48589957991768
1977-08-25,60.93867507365641
1977-08-26,60.89601800110485
1977-08-29,61.39536534871391
1977-08-30,61.1190862046447
1977-08-31,61.277995828776774
1977-09-01,61.37604062210282
1977-09-02,61.774984886146484
1977-09-06,61.892357357430164
1977-09-07,62.065655958030966
1977-09-08,61.68705545668698
1977-09-09,61.17505289639648
1977-09-12,60.99764524299693
1977-09-13,61.00984477204553
1977-09-14,61.24168218217931
1977-09-15,61.44377973338051
1977-09-16,61.271737150127045
1977-09-19,60.922488248371316
1977-09-20,60.94076499484583
1977-09-21,60.495897410383456
1977-09-22,60.47169905141931
1977-09-23,60.47169905141931
1977-09-26,60.63497263885814
1977-09-27,60.56221067169151
1977-09-28,60.604604219161686
1977-09-29,60.931869081945166
1977-09-30,61.36448535242698
1977-10-03,61.54857880848426
1977-10-04,61.1854421935142
1977-10-05,60.97741169005625
1977-10-06,61.209125854478465
1977-10-07,61.21524676706391
1977-10-10,61.123423896913316
1977-10-11,60.67111056007616
1977-10-12,59.997661232859315
1977-10-13,59.59567690259915
1977-10-14,59.61951517336019
1977-10-17,59.56585760970417
1977-10-18,59.56585760970417
1977-10-19,58.952329276324214
1977-10-20,59.076129167804496
1977-10-21,58.952069296552104
1977-10-24,58.49813836296865
1977-10-25,58.02430344222861
1977-10-26,58.604546476650896
1977-10-27,58.827243753262174
1977-10-28,59.03902183077392
1977-10-31,58.9386554936616
1977-11-01,58.372844400922446
1977-11-02,58.034281903397094
1977-11-03,58.12713675444253
1977-11-04,58.685157267285184
1977-11-07,59.17811258833038
1977-11-08,59.30238662476587
1977-11-09,59.61075903521466
1977-11-10,60.76124668459431
1977-11-11,61.557219016162506
1977-11-14,61.255588642983305
1977-11-15,61.66600108689129
1977-11-16,61.474836483521926
1977-11-17,61.358034294203236
1977-11-18,61.52370098679758
1977-11-21,61.4867867662055
1977-11-22,62.0278704897481
1977-11-23,62.40624049973557
1977-11-25,62.61842171743467
1977-11-28,62.29280592450401
1977-11-29,61.426935922153405
1977-11-30,61.543647100405494
1977-12-01,61.58057328866573
1977-12-02,61.59904746065233
1977-12-05,61.389610699286116
1977-12-06,60.46876653879682
1977-12-07,60.396204018950264
1977-12-08,60.52907566779195
1977-12-09,60.95883210503328
1977-12-12,61.0075991707173
1977-12-13,60.98319613104901
1977-12-14,61.190538997894585
1977-12-15,60.95801494970259
1977-12-16,60.903152736247854
1977-12-19,60.482920982367745
1977-12-20,60.2772790510277
1977-12-21,60.63894272533386
1977-12-22,61.05128753586613
1977-12-23,61.60074912368892
1977-12-27,61.60074912368892
1977-12-28,61.62538942333839
1977-12-29,61.828753208435415
1977-12-30,61.952410714852284
1978-01-03,61.16561509877366
1978-01-04,60.93318576139831
1978-01-05,60.50056014249238
1978-01-06,59.76850336476822
1978-01-09,59.07518872573691
1978-01-10,58.708922555637336
1978-01-11,58.40950705060359
1978-01-12,58.532167015409854
1978-01-13,58.526313798708316
1978-01-16,58.33902959455245
1978-01-17,58.65406035436304
1978-01-18,59.06463877684357
1978-01-19,58.87563193275768
1978-01-20,58.76376823208544
1978-01-23,58.393556492223304
1978-01-24,58.41691391482019
1978-01-25,58.52790605125835
1978-01-26,58.08894675587391
1978-01-27,58.08894675587391
1978-01-30,58.54784943524532
1978-01-31,58.506865940640644
1978-02-01,58.97492086816577
1978-02-02,59.18723058329117
1978-02-03,59.02742506071628
1978-02-06,59.03923054572842
1978-02-07,59.49383262093053
1978-02-08,59.815099317083565
1978-02-09,59.61172797940549
1978-02-10,59.55211625142608
1978-02-13,59.40323596079752
1978-02-14,58.95177136749545
1978-02-15,58.81618229335022
1978-02-16,58.36917930792075
1978-02-17,58.31664704654362
1978-02-21,58.100875452471406
1978-02-22,58.14735615283338
1978-02-23,58.26365086513905
1978-02-24,58.764718262579244
1978-02-27,58.3651181783937
1978-02-28,57.915706768420065
1978-03-01,57.985205616542174
1978-03-02,58.12437011002187
1978-03-03,58.20574422817591
1978-03-06,57.90889493261221
1978-03-07,58.192648517782004
1978-03-08,58.4894310252227
1978-03-09,58.61810777347819
1978-03-10,59.23359790509971
1978-03-13,59.304678222585835
1978-03-14,59.553757871120695
1978-03-15,59.4584718585269
1978-03-16,59.726034981890265
1978-03-17,60.173980244254444
1978-03-20,60.529006727695545
1978-03-21,59.95398116378244
1978-03-22,59.81009160898936
1978-03-23,59.792148581506666
1978-03-27,59.54700077232249
1978-03-28,59.92214687718812
1978-03-29,60.05397560031793
1978-03-30,59.927862251557265
1978-03-31,59.802013740829
1978-04-03,59.39536004739136
1978-04-04,59.63888102358566
1978-04-05,60.13984762418378
1978-04-06,60.30222521276907
1978-04-07,60.60373633883291
1978-04-10,60.80978904238495
1978-04-11,60.700331422108654
1978-04-12,60.700331422108654
1978-04-13,61.30733473632974
1978-04-14,62.46604336284637
1978-04-17,63.353061178598786
1978-04-18,62.7195305668128
1978-04-19,62.96413673602337
1978-04-20,63.43636776154355
1978-04-21,63.39196230411047
1978-04-24,64.20337942160307
1978-04-25,64.72342679491805
1978-04-26,64.8528736485079
1978-04-27,64.31459479722528
1978-04-28,64.8934261504003
1978-05-01,65.45150961529374
1978-05-02,65.29442599221704
1978-05-03,64.8308355676723
1978-05-04,64.81138631700199
1978-05-05,65.265066021221
1978-05-08,65.10842986277008
1978-05-09,65.01076721797592
1978-05-10,65.0822790619157
1978-05-11,65.83072527112773
1978-05-12,66.39028643593231
1978-05-15,66.80190621183509
1978-05-16,67.26283936469675
1978-05-17,67.47135416672731
1978-05-18,66.9788132813102
1978-05-19,66.70420014685682
1978-05-22,67.27785626811979
1978-05-23,66.71945006109439
1978-05-24,66.085615285514
1978-05-25,65.97987830105717
1978-05-26,65.8875064714357
1978-05-30,66.05222523761428
1978-05-31,66.32964458361226
1978-06-01,66.41587312157097
1978-06-02,66.92063375729491
1978-06-05,67.99805596078735
1978-06-06,68.3040472126109
1978-06-07,68.22208235595576
1978-06-08,68.37899314537447
1978-06-09,68.29693835360001
1978-06-12,68.11936631388065
1978-06-13,68.19429761682592
1978-06-14,68.1670198977792
1978-06-15,67.52624991074008
1978-06-16,66.96578203648093
1978-06-19,66.85194020701891
1978-06-20,66.23021716309364
1978-06-21,65.81296679496616
1978-06-22,65.96433661859457
1978-06-23,65.79282934338622
1978-06-26,64.97041897659389
1978-06-27,65.11985094024006
1978-06-28,65.37381835890699
1978-06-29,65.52417814113247
1978-06-30,65.48486363424779
1978-07-03,65.3015060160719
1978-07-05,64.7529733655369
1978-07-06,64.7529733655369
1978-07-07,65.14149120573012
1978-07-10,65.38251472319132
1978-07-11,65.80096281741974
1978-07-12,66.05100647612593
1978-07-13,66.084031979364
1978-07-14,66.91669078230399
1978-07-17,67.09067417833798
1978-07-18,66.58749412200045
1978-07-19,67.33993280557907
1978-07-20,67.36013478542074
1978-07-21,67.16479039454302
1978-07-24,67.11777504126684
1978-07-25,67.59431124405984
1978-07-26,68.02015540489741
1978-07-27,68.39426625962435
1978-07-28,68.7293981642965
1978-07-31,69.2379957107123
1978-08-01,69.3349289047073
1978-08-02,70.82562987615852
1978-08-03,71.14434521060123
1978-08-04,71.46449476404894
1978-08-07,71.35729802190286
1978-08-08,71.71408451201238
1978-08-09,72.10134056837725
1978-08-10,71.6903629271375
1978-08-11,71.93411016108978
1978-08-14,72.01323768226699
1978-08-15,71.92682179704828
1978-08-16,72.45908027834643
1978-08-17,72.87209703593301
1978-08-18,72.71906563215755
1978-08-21,72.15185692022672
1978-08-22,72.37552767667943
1978-08-23,72.8314935010425
1978-08-24,73.04270483219551
1978-08-25,73.09383472557805
1978-08-28,72.57486849902645
1978-08-29,72.1684492354319
1978-08-30,72.29113559913213
1978-08-31,72.16101155505369
1978-09-01,72.46408780358492
1978-09-05,72.86988669528499
1978-09-06,73.50385470953397
1978-09-07,73.61411049159827
1978-09-08,74.55637110589072
1978-09-11,74.73530639654486
1978-09-12,74.81004170294139
1978-09-13,74.4210294860861
1978-09-14,73.65449288237942
1978-09-15,72.97687154786152
1978-09-18,72.22520977091855
1978-09-19,71.70518826056794
1978-09-20,71.05984156622283
1978-09-21,71.0527355820662
1978-09-22,71.09536722341544
1978-09-25,71.10958629686012
1978-09-26,71.6286862768272
1978-09-27,71.01984244347416
1978-09-28,71.1902900653385
1978-09-29,71.56047957367826
1978-10-02,71.81094125218614
1978-10-03,71.60987061668001
1978-10-04,71.9034710862084
1978-10-05,72.08322976392391
1978-10-06,72.27064616131011
1978-10-09,72.95721729984257
1978-10-10,72.87696436081275
1978-10-11,73.52556934362397
1978-10-12,73.20205683851204
1978-10-13,73.0117314907319
1978-10-16,71.7048214970478
1978-10-17,70.5001804958974
1978-10-18,69.82337876313677
1978-10-19,68.92963951496861
1978-10-20,67.71647785950518
1978-10-23,67.56750160821427
1978-10-24,67.19588034936909
1978-10-25,67.06820817670528
1978-10-26,65.9280486377013
1978-10-27,64.6490444941299
1978-10-30,64.66843920747813
1978-10-31,63.517340989585016
1978-11-01,66.15966237475176
1978-11-02,65.56422541337899
1978-11-03,65.95105434331794
1978-11-06,65.44323122487438
1978-11-07,64.42886114088883
1978-11-08,64.71879101602282
1978-11-09,64.82234108164846
1978-11-10,65.15293502116488
1978-11-13,64.10397276732412
1978-11-14,63.469343436927616
1978-11-15,63.68513920461317
1978-11-16,64.34746465234115
1978-11-17,64.97806980593408
1978-11-20,65.58886366210987
1978-11-21,65.52327479844776
1978-11-22,65.92951910219813
1978-11-24,66.2591666977091
1978-11-27,66.44469236446268
1978-11-28,65.93306823325632
1978-11-29,65.03637850528403
1978-11-30,65.64121682538318
1978-12-01,66.7046045379544
1978-12-04,66.73795684022338
1978-12-05,67.59220268777823
1978-12-06,67.73414631342256
1978-12-07,67.49707680132558
1978-12-08,67.23383820180041
1978-12-11,67.54983724134887
1978-12-12,67.22559802259039
1978-12-13,66.85585723346614
1978-12-14,66.86254281918949
1978-12-15,66.39450501945515
1978-12-18,64.93382590902714
1978-12-19,65.42732298593575
1978-12-20,65.72174593937245
1978-12-21,65.78089551071788
1978-12-22,66.89917073440009
1978-12-26,67.58154227589097
1978-12-27,67.04088993768384
1978-12-28,66.79954273390818
1978-12-29,66.73942314544766
1979-01-02,67.15320756894944
1979-01-03,67.92546945599237
1979-01-04,68.5843465097155
1979-01-05,69.05072006598157
1979-01-08,68.87809326581662
1979-01-09,69.25003496945203
1979-01-10,68.90378479460477
1979-01-11,69.21385182618049
1979-01-12,69.76064125560731
1979-01-15,70.23501361614544
1979-01-16,69.46242846636784
1979-01-17,69.42769725213466
1979-01-18,69.72623635031884
1979-01-19,69.73320897395388
1979-01-22,69.79596886203043
1979-01-23,70.25662225651983
1979-01-24,70.02477540307332
1979-01-25,70.69701324694283
1979-01-26,71.17068323569734
1979-01-29,71.02122480090237
1979-01-30,70.79395688153949
1979-01-31,70.0081439601544
1979-02-01,70.06415047532252
1979-02-02,69.86096443894408
1979-02-05,68.97373019056948
1979-02-06,68.97373019056948
1979-02-07,68.3460692458353
1979-02-08,68.72880723361197
1979-02-09,68.92812077458944
1979-02-12,69.12801232483575
1979-02-13,69.66721082096947
1979-02-14,69.5975436101485
1979-02-15,69.59058385578749
1979-02-16,69.63929726448653
1979-02-20,70.07106090752634
1979-02-21,69.90289036134828
1979-02-22,69.525414753397
1979-02-23,69.156930055204
1979-02-26,69.0877731251488
1979-02-27,67.94782486858385
1979-02-28,68.03615704091301
1979-03-01,68.51921375590351
1979-03-02,68.62199257653737
1979-03-05,69.40428329190989
1979-03-06,69.27935558198445
1979-03-07,69.75045519994194
1979-03-08,70.48981002506132
1979-03-09,70.53915289207886
1979-03-12,70.68023119786302
1979-03-13,70.87106782209725
1979-03-14,70.84980650175062
1979-03-15,70.9985910954043
1979-03-16,71.55238010594844
1979-03-19,71.83143438836164
1979-03-20,71.47946035985866
1979-03-21,71.97266863634168
1979-03-22,72.28934837834159
1979-03-23,72.30380624801725
1979-03-26,71.97120873927636
1979-03-27,72.93562293638267
1979-03-28,72.70222894298625
1979-03-29,72.70949916588054
1979-03-30,72.51318351813266
1979-04-02,72.04184782526481
1979-04-03,73.02882114047094
1979-04-04,73.27711913234855
1979-04-05,73.70945413522941
1979-04-06,73.68734129898884
1979-04-09,73.49575421161147
1979-04-10,73.85588340724836
1979-04-11,73.22072280994601
1979-04-12,73.07428136432613
1979-04-16,72.46776482900222
1979-04-17,72.43877772307063
1979-04-18,72.82270324500291
1979-04-19,72.5751060539699
1979-04-20,72.61139360699688
1979-04-23,72.85101120589998
1979-04-24,73.25897686865302
1979-04-25,73.52270918538018
1979-04-26,73.20656153588304
1979-04-27,73.06014841281127
1979-04-30,73.03823036828743
1979-05-01,73.05283801436109
1979-05-02,73.118585568574
1979-05-03,73.16245671991514
1979-05-04,72.48936211809192
1979-05-07,71.20630040860169
1979-05-08,71.22054166868341
1979-05-09,71.48405767285755
1979-05-10,70.87644318263825
1979-05-11,70.98984549173048
1979-05-14,70.67749017156687
1979-05-15,70.7552354107556
1979-05-16,70.93919902282356
1979-05-17,72.01038092806819
1979-05-18,72.09679338518187
1979-05-21,72.34192248269149
1979-05-22,72.70363209510494
1979-05-23,72.44916938277207
1979-05-24,72.57957788766106
1979-05-25,72.81909049469034
1979-05-29,72.71714376799778
1979-05-30,72.0626894740858
1979-05-31,72.09872081882284
1979-06-01,72.1996590279692
1979-06-04,72.35849827783073
1979-06-05,73.24127195682027
1979-06-06,73.753960860518
1979-06-07,74.20386002176717
1979-06-08,74.08513384573234
1979-06-11,74.30738924726953
1979-06-12,75.0133094451186
1979-06-13,74.77326685489422
1979-06-14,74.66110695461188
1979-06-15,74.72830195087103
1979-06-18,74.33224195053141
1979-06-19,74.37684129570172
1979-06-20,74.51071961003399
1979-06-21,74.83111570435713
1979-06-22,75.19030505973804
1979-06-25,74.8293915954513
1979-06-26,74.5300740290695
1979-06-27,74.97725447324392
1979-06-28,75.41212254918874
1979-06-29,75.46491103497317
1979-07-02,74.8083663089689
1979-07-03,74.94302136832505
1979-07-05,75.25028775593518
1979-07-06,76.06299086369927
1979-07-09,76.67910108969524
1979-07-10,76.47206751675306
1979-07-11,76.0591183521626
1979-07-12,75.51909861186225
1979-07-13,75.29254131602666
1979-07-16,75.62382849781717
1979-07-17,74.92808927563725
1979-07-18,74.74076905244816
1979-07-19,74.76319128316389
1979-07-20,74.97252821875675
1979-07-23,74.78509689820986
1979-07-24,75.0468447373536
1979-07-25,75.87236002946447
1979-07-26,75.98616856950868
1979-07-27,76.11534505607685
1979-07-30,76.24474114267218
1979-07-31,76.72508301187102
1979-08-01,77.01663832731613
1979-08-02,77.07825163797797
1979-08-03,77.03971251215899
1979-08-06,77.21690385093694
1979-08-07,78.15122838753328
1979-08-08,78.4325728097284
1979-08-09,78.2286481204231
1979-08-10,78.88576876463465
1979-08-13,79.58785210663989
1979-08-14,79.72315145522117
1979-08-15,80.29715814569877
1979-08-16,80.16868269266566
1979-08-17,80.39315500420511
1979-08-20,80.80316009472656
1979-08-21,80.84356167477392
1979-08-22,80.98099572962104
1979-08-23,80.778543240297
1979-08-24,80.80277680326908
1979-08-27,81.25527235336739
1979-08-28,81.19839366272002
1979-08-29,81.2308730201851
1979-08-30,81.23899610748713
1979-08-31,81.51520869425259
1979-09-04,80.23541991775282
1979-09-05,79.264571336748
1979-09-06,79.66882065056542
1979-09-07,80.30617121576995
1979-09-10,80.71573268897039
1979-09-11,80.19915199976099
1979-09-12,80.47984903176015
1979-09-13,80.53618492608238
1979-09-14,81.30127868288017
1979-09-17,81.25249791567043
1979-09-18,80.6674799306776
1979-09-19,80.86914863050428
1979-09-20,82.25201107208589
1979-09-21,82.24378587097868
1979-09-24,81.62695747694634
1979-09-25,81.66777095568482
1979-09-26,81.87194038307402
1979-09-27,81.98656109961033
1979-09-28,81.45364845246286
1979-10-01,81.01379875081956
1979-10-02,81.67811190057628
1979-10-03,81.81696469080727
1979-10-04,82.3078664789521
1979-10-05,83.04040649061477
1979-10-08,82.04392161272739
1979-10-09,79.25442827789466
1979-10-10,77.76444502627024
1979-10-11,77.77999791527549
1979-10-12,77.56999192090424
1979-10-15,76.64690901704549
1979-10-16,76.5166092717165
1979-10-17,76.77676574324035
1979-10-18,76.94567462787548
1979-10-19,75.36059373054124
1979-10-22,74.31308147768671
1979-10-23,74.06784830881034
1979-10-24,74.25301792958236
1979-10-25,74.0302588757936
1979-10-26,74.54106766203658
1979-10-29,74.69014979736066
1979-10-30,76.04204150869289
1979-10-31,75.60099766794247
1979-11-01,76.23604604835317
1979-11-02,76.40376534965955
1979-11-05,75.9224216279567
1979-11-06,75.49725606684014
1979-11-07,74.59883871964473
1979-11-08,75.03151198421867
1979-11-09,75.99941848881508
1979-11-12,77.33700825421823
1979-11-13,77.09726352863015
1979-11-14,77.4210720354504
1979-11-15,78.0249563973269
1979-11-16,77.91572145837065
1979-11-19,78.26634220493332
1979-11-20,77.9376235676726
1979-11-21,78.03894247831059
1979-11-23,78.67105791238491
1979-11-26,80.37035276329243
1979-11-27,80.25783426942382
1979-11-28,80.6350460904901
1979-11-29,80.73180814579871
1979-11-30,80.3765881899572
1979-12-03,80.17564671948232
1979-12-04,80.8731748459418
1979-12-05,81.3098899901099
1979-12-06,81.9034521870377
1979-12-07,81.65774183047658
1979-12-10,81.87821773341886
1979-12-11,81.73902476327206
1979-12-12,81.82893769051167
1979-12-13,81.98441267212364
1979-12-14,82.88624121151699
1979-12-17,83.29238379345341
1979-12-18,82.56774005445037
1979-12-19,82.5016858624068
1979-12-20,82.65018889695914
1979-12-21,82.18734783913617
1979-12-24,82.25309771740747
1979-12-26,82.36825205421185
1979-12-27,82.46709395667692
1979-12-28,82.53306763184226
1979-12-31,82.61560069947409
1980-01-02,80.9632886854846
1980-01-03,80.40464199355475
1980-01-04,81.49814512466709
1980-01-07,81.84858714870316
1980-01-08,83.46100431553262
1980-01-09,83.58619582200592
1980-01-10,84.34683020398619
1980-01-11,84.54926259647576
1980-01-14,84.87054979434237
1980-01-15,85.37128603812899
1980-01-16,85.43958306695949
1980-01-17,85.23452806759879
1980-01-18,85.45613784057454
1980-01-21,86.21669746735564
1980-01-22,85.7425056312852
1980-01-23,87.062940218007
1980-01-24,87.3154227446392
1980-01-25,87.32415428691367
1980-01-28,88.23232549149756
1980-01-29,87.69410830599942
1980-01-30,88.54474115656762
1980-01-31,87.94263691670297
1980-02-01,88.55823537511988
1980-02-04,88.19514661008189
1980-02-05,88.40681496194608
1980-02-06,89.1847949336112
1980-02-07,89.60396346979917
1980-02-08,90.75089420221259
1980-02-11,90.12471303221733
1980-02-12,90.68348625301708
1980-02-13,90.96460506040144
1980-02-14,89.70929351056789
1980-02-15,88.9198517276749
1980-02-19,88.25295283971734
1980-02-20,89.52379536060927
1980-02-21,88.7359859614359
1980-02-22,88.41653641197473
1980-02-25,87.19638820948948
1980-02-26,87.71956653874642
1980-02-27,86.66693174028146
1980-02-28,86.67559843345548
1980-02-29,87.55102197763338
1980-03-03,86.7805729842302
1980-03-04,86.76321686963335
1980-03-05,85.44441597321493
1980-03-06,83.42792775624706
1980-03-07,82.03468136271773
1980-03-10,81.46864206131498
1980-03-11,82.49514695128755
1980-03-12,81.96717801079932
1980-03-13,81.18029310189564
1980-03-14,80.95298828121034
1980-03-17,78.41106444918033
1980-03-18,79.50097824502394
1980-03-19,79.82693225582854
1980-03-20,79.03664562649584
1980-03-21,78.47548544254772
1980-03-24,76.06628803946151
1980-03-25,75.69356322806814
1980-03-26,75.33023412457341
1980-03-27,73.989355957156
1980-03-28,76.20163770027496
1980-03-31,77.34466226577908
1980-04-01,77.63857198238904
1980-04-02,78.3295552730323
1980-04-03,78.04756887404938
1980-04-07,76.47881273968098
1980-04-08,77.23595298580382
1980-04-09,78.67254171133976
1980-04-10,79.3963290950841
1980-04-11,79.35663093053657
1980-04-14,78.58687161051036
1980-04-15,78.45327392877249
1980-04-16,77.66089586209189
1980-04-17,77.28812356195385
1980-04-18,77.01761512948701
1980-04-21,76.38607068542522
1980-04-22,79.0213901240724
1980-04-23,79.34537782358109
1980-04-24,80.03568261064623
1980-04-25,80.45987172848267
1980-04-28,80.82998713843368
1980-04-29,81.10480909470436
1980-04-30,81.3967864074453
1980-05-01,80.89212633171914
1980-05-02,81.05391058438258
1980-05-05,81.70234186905763
1980-05-06,81.84940608442194
1980-05-07,82.59423567979019
1980-05-08,82.04911372430357
1980-05-09,81.11375382784651
1980-05-12,81.12997657861207
1980-05-13,82.127875290529
1980-05-14,82.69455763003364
1980-05-15,82.89302456834572
1980-05-16,83.24117527153277
1980-05-19,83.4825746798202
1980-05-20,83.44918164994827
1980-05-21,83.54097574976322
1980-05-22,84.58523794663526
1980-05-23,85.84555799204011
1980-05-27,86.44647689798438
1980-05-28,87.00837899782128
1980-05-29,85.75545834025266
1980-05-30,86.39004873197054
1980-06-02,86.1999906247602
1980-06-03,86.0534506406981
1980-06-04,87.53356999171812
1980-06-05,87.74365055969824
1980-06-06,88.12094825710494
1980-06-09,88.47343205013337
1980-06-10,89.20776153614948
1980-06-11,90.19796768920075
1980-06-12,89.99953216028452
1980-06-13,90.28753066319743
1980-06-16,90.4590769714575
1980-06-17,90.47716878685179
1980-06-18,90.63097997378944
1980-06-19,89.50715582211446
1980-06-20,89.15807791440821
1980-06-23,89.52362603385728
1980-06-24,90.06076779006042
1980-06-25,91.17752131065717
1980-06-26,90.88575324246307
1980-06-27,90.80395606454485
1980-06-30,89.50545949282186
1980-07-01,90.01564061193095
1980-07-02,90.62774696809207
1980-07-03,91.90559820034217
1980-07-07,92.63165242612487
1980-07-08,92.37228379933173
1980-07-09,92.51084222503073
1980-07-10,91.835513076788
1980-07-11,92.49672877094089
1980-07-14,94.11542152443236
1980-07-15,93.70131366972487
1980-07-16,93.91682669116523
1980-07-17,95.25983731284889
1980-07-18,95.59324674344387
1980-07-21,95.93738243172027
1980-07-22,95.70713271388414
1980-07-23,95.56357201481332
1980-07-24,95.47756479999998
1980-07-25,94.77103082047998
1980-07-28,95.19750045917213
1980-07-29,95.94004096275368
1980-07-30,96.03598100371643
1980-07-31,95.69985507020343
1980-08-01,95.55630528759812
1980-08-04,95.24096948014905
1980-08-05,95.26001767404507
1980-08-06,95.91731179599597
1980-08-07,97.3368880105767
1980-08-08,97.64836605221055
1980-08-11,98.56626069310134
1980-08-12,97.86644024218032
1980-08-13,97.61198749755064
1980-08-14,99.09568970751343
1980-08-15,99.52180117325574
1980-08-18,97.77021747260645
1980-08-19,97.19337318951807
1980-08-20,98.1750262587322
1980-08-21,99.65746915523904
1980-08-22,100.28531121091704
1980-08-25,99.81397024822573
1980-08-26,99.72413767500232
1980-08-27,98.81664802215981
1980-08-28,97.70990156431162
1980-08-29,97.99326027884811
1980-09-02,99.00259085972024
1980-09-03,100.95294189965674
1980-09-04,100.59960660300794
1980-09-05,100.31792770451952
1980-09-08,99.14420795037664
1980-09-09,99.71924435648883
1980-09-10,100.42725099141991
1980-09-11,101.15032719855814
1980-09-12,101.27170759119642
1980-09-15,101.39323364030587
1980-09-16,102.34633003652475
1980-09-17,103.92246351908723
1980-09-18,103.61069612852997
1980-09-19,104.242721374914
1980-09-22,105.07666314591332
1980-09-23,104.40417250177947
1980-09-24,105.08279962304103
1980-09-25,103.88485570733836
1980-09-26,101.83832404990379
1980-09-29,99.41457193751607
1980-09-30,100.94555634535382
1980-10-01,102.30832135601611
1980-10-02,103.07563376618623
1980-10-03,104.27131111787399
1980-10-06,106.0960590624368
1980-10-07,105.61862679665583
1980-10-08,106.17840551867812
1980-10-09,105.82801678046648
1980-10-10,105.41528751502267
1980-10-13,106.63810485019694
1980-10-14,106.670096281652
1980-10-15,107.896802388891
1980-10-16,106.66677884165765
1980-10-17,106.15477830321768
1980-10-20,106.83416888435828
1980-10-21,106.214530704829
1980-10-22,106.41633831316818
1980-10-23,104.55405239268774
1980-10-24,104.84680373938725
1980-10-27,103.4208872085316
1980-10-28,103.462255563415
1980-10-29,103.35879330785158
1980-10-30,101.91177020154166
1980-10-31,102.93088790355708
1980-11-03,104.12488620323835
1980-11-05,105.9366592231747
1980-11-06,104.10395501861377
1980-11-07,104.28093174214543
1980-11-10,104.6146307237203
1980-11-11,105.9223136077668
1980-11-12,108.4644491343532
1980-11-13,110.10226231628192
1980-11-14,110.69681453278986
1980-11-17,111.18388051673413
1980-11-18,112.77381000812343
1980-11-19,112.41293381609744
1980-11-20,113.50333927411359
1980-11-21,112.57261189206585
1980-11-24,111.91969074309186
1980-11-25,112.80385629996229
1980-11-26,113.4242775096121
1980-11-28,113.78723519764287
1980-12-01,111.34080964089355
1980-12-02,111.07359169775542
1980-12-03,111.06248433858565
1980-12-04,110.98474059954863
1980-12-05,108.93152289845699
1980-12-08,106.05573069393773
1980-12-09,105.89664709789683
1980-12-10,104.25524906787943
1980-12-11,103.11886685303955
1980-12-12,104.60377853572332
1980-12-15,104.78160495923406
1980-12-16,105.59890147791609
1980-12-17,107.26736412126716
1980-12-18,107.76079399622499
1980-12-19,108.4396869984012
1980-12-22,109.90362277287963
1980-12-23,109.62886371594743
1980-12-24,110.06737917081122
1980-12-26,110.61771606666527
1980-12-29,109.50047713439194
1980-12-30,109.74137818408761
1980-12-31,110.19131783464236
1981-01-02,110.86348487343368
1981-01-05,111.97211972216802
1981-01-06,112.08409184189017
1981-01-07,109.18111386318522
1981-01-08,107.73992316019117
1981-01-09,108.19243083746397
1981-01-12,108.26816553905019
1981-01-13,107.96501467554084
1981-01-14,108.29970622103502
1981-01-15,108.87369466400652
1981-01-16,109.45072524572576
1981-01-19,109.24276886775888
1981-01-20,107.23270192059212
1981-01-21,106.90028054463829
1981-01-22,106.07714838444457
1981-01-23,106.07714838444457
1981-01-26,105.58919350187612
1981-01-27,106.69788003364582
1981-01-28,106.26041872550788
1981-01-29,106.22854059989022
1981-01-30,105.78238072937069
1981-02-02,103.4763248294704
1981-02-03,104.64560730004342
1981-02-04,104.93861500048354
1981-02-05,105.97750728898832
1981-02-06,106.85712059948692
1981-02-09,105.86334937791169
1981-02-10,105.77865869840936
1981-02-11,105.05936381926017
1981-02-12,104.42900763634461
1981-02-13,104.16793511725375
1981-02-17,104.68877479284001
1981-02-18,105.2226875442835
1981-02-19,103.73904764990911
1981-02-20,103.60418688796423
1981-02-23,104.22581200929201
1981-02-24,104.4759539581143
1981-02-25,105.26997120819598
1981-02-26,106.55426485693597
1981-02-27,107.64111835847672
1981-03-02,108.34078562780681
1981-03-03,107.39822079284488
1981-03-04,107.60227741235128
1981-03-05,107.10730693625446
1981-03-06,107.06446401347996
1981-03-09,107.89956683278511
1981-03-10,107.45717860877069
1981-03-11,107.16704422652701
1981-03-12,109.58901942604652
1981-03-13,109.73148515130039
1981-03-16,110.90561204241929
1981-03-17,110.46198959424962
1981-03-18,110.76023696615408
1981-03-19,110.2618158998064
1981-03-20,111.00057006633509
1981-03-23,112.18827616604486
1981-03-24,111.59367830236482
1981-03-25,113.36801778737242
1981-03-26,112.91454571622293
1981-03-27,111.83056607734719
1981-03-30,111.55098966215382
1981-03-31,112.76689544947129
1981-04-01,113.37583668489845
1981-04-02,113.33048635022449
1981-04-03,112.83183221028351
1981-04-06,111.6358147888545
1981-04-07,111.65814195181227
1981-04-08,112.07127707703398
1981-04-09,112.53076931304982
1981-04-10,112.60954085156894
1981-04-13,111.4947063971384
1981-04-14,110.93723286515271
1981-04-15,112.12426125680983
1981-04-16,112.68488256309386
1981-04-20,113.34972337021613
1981-04-21,112.3409108322212
1981-04-22,112.30720855897154
1981-04-23,112.34090072153923
1981-04-24,113.18345747695078
1981-04-27,113.47773446639084
1981-04-28,112.46778262963996
1981-04-29,111.4555725859732
1981-04-30,111.51130037226618
1981-05-01,111.37748681181947
1981-05-04,109.74023775568571
1981-05-05,109.35614692354082
1981-05-06,109.8591851993891
1981-05-07,110.72707276246427
1981-05-08,110.89316337160798
1981-05-11,109.39610566609127
1981-05-12,110.17281801632053
1981-05-13,110.19485257992379
1981-05-14,110.87806066591932
1981-05-15,111.62094367238097
1981-05-18,111.85534765409297
1981-05-19,111.56452375019232
1981-05-20,111.74302698819264
1981-05-21,111.68715547469854
1981-05-22,111.74299905243589
1981-05-26,112.7933832435288
1981-05-27,113.58293692623349
1981-05-28,113.46935398930725
1981-05-29,112.99278270255216
1981-06-01,112.80069497195782
1981-06-02,111.23276531184761
1981-06-03,111.26613514144117
1981-06-04,111.51092063875234
1981-06-05,112.5145189245011
1981-06-08,112.54827328017845
1981-06-09,112.23313811499395
1981-06-10,112.58106084315044
1981-06-11,113.78567819417214
1981-06-12,113.80843532981096
1981-06-15,113.95638629573972
1981-06-16,112.70286604648658
1981-06-17,113.53686725523059
1981-06-18,112.23119328179544
1981-06-19,112.71378741290715
1981-06-22,112.55598811052909
1981-06-23,113.65903679401228
1981-06-24,113.10210751372162
1981-06-25,113.28307088574358
1981-06-26,113.13580289359211
1981-06-29,112.50224239738799
1981-06-30,111.83847916724339
1981-07-01,110.80956515890476
1981-07-02,109.8233600289905
1981-07-06,108.6592324126832
1981-07-07,109.09386934233393
1981-07-08,109.25751014634744
1981-07-09,110.04416421940115
1981-07-10,110.2202348821522
1981-07-13,110.41863130494008
1981-07-14,110.35238012615712
1981-07-15,110.8379305987122
1981-07-16,111.05960645990963
1981-07-17,111.44831508251931
1981-07-20,109.74315586175678
1981-07-21,109.26028597596505
1981-07-22,108.35342560236454
1981-07-23,108.57013245356927
1981-07-24,109.50383559266996
1981-07-27,110.46746934588545
1981-07-28,109.97036573382897
1981-07-29,109.99235980697573
1981-07-30,110.67431243777898
1981-07-31,111.59290923101254
1981-08-03,111.2804490851657
1981-08-04,111.81459524077448
1981-08-05,113.05573724794709
1981-08-06,113.22532085381901
1981-08-07,112.78374210248911
1981-08-10,113.23487707089907
1981-08-11,114.26531445224427
1981-08-12,114.05963688623022
1981-08-13,114.18510248680509
1981-08-14,113.45431783088955
1981-08-17,112.37650181149611
1981-08-18,111.20778619265656
1981-08-19,111.48580565813819
1981-08-20,111.71992585002027
1981-08-21,110.63624256927507
1981-08-24,107.42779153476609
1981-08-25,106.92288091455268
1981-08-26,106.85872718600395
1981-08-27,105.77945404142531
1981-08-28,106.27661747542
1981-08-31,105.12883000668546
1981-09-01,105.3180619006975
1981-09-02,105.65507969877974
1981-09-03,103.70046072435233
1981-09-04,102.68419620925367
1981-09-08,100.72292806165693
1981-09-09,101.03516913864807
1981-09-10,102.60121426029713
1981-09-11,103.85294907427276
1981-09-14,103.105207840938
1981-09-15,102.52781867702873
1981-09-16,101.71784890948021
1981-09-17,100.27345545496559
1981-09-18,99.41110373805287
1981-09-21,100.0075703604812
1981-09-22,99.54753553682298
1981-09-23,98.39278412459582
1981-09-24,98.06808793698465
1981-09-25,95.77329467925921
1981-09-28,97.6887605728444
1981-09-29,98.5777282940573
1981-09-30,98.9128925702571
1981-10-01,99.61517410750594
1981-10-02,101.6174391070668
1981-10-05,101.98326188785225
1981-10-06,101.96286523547468
1981-10-07,103.59427107924228
1981-10-08,104.55769780027924
1981-10-09,104.09764392995802
1981-10-12,103.9206779352771
1981-10-13,103.74401278278712
1981-10-14,102.15672938721049
1981-10-15,102.76966976353376
1981-10-16,102.4510837872668
1981-10-19,102.28716205320717
1981-10-20,103.31003367373924
1981-10-21,103.23771665016763
1981-10-22,102.89703218522207
1981-10-23,102.12530444383292
1981-10-26,101.7065906956132
1981-10-27,102.70331528443022
1981-10-28,102.98061423569817
1981-10-29,102.64077820872036
1981-10-30,104.89887532931222
1981-11-02,106.93391351070089
1981-11-03,107.44719629555225
1981-11-04,107.67283540777291
1981-11-05,106.9621946940816
1981-11-06,106.47016859848883
1981-11-09,106.89604927288278
1981-11-10,106.5219131004277
1981-11-11,106.70300035269842
1981-11-12,107.00176875368597
1981-11-13,105.82474929739541
1981-11-16,104.49135745624824
1981-11-17,105.07650905800324
1981-11-18,104.65620302177122
1981-11-19,105.14808717597353
1981-11-20,106.09441996055727
1981-11-23,106.041372750577
1981-11-24,107.37749404723426
1981-11-25,107.79626627401848
1981-11-27,108.60473827107363
1981-11-30,109.51701807255064
1981-12-01,109.3089357382128
1981-12-02,108.24863906155213
1981-12-03,108.62750929826757
1981-12-04,109.3770391124256
1981-12-07,108.56764902299366
1981-12-08,108.0899513672925
1981-12-09,108.57635614844531
1981-12-10,108.77179358951251
1981-12-11,108.20618026284706
1981-12-14,106.52898446877293
1981-12-15,106.61420765634794
1981-12-16,106.27304219184764
1981-12-17,106.74064357749177
1981-12-18,107.45580588946095
1981-12-21,107.00449150472521
1981-12-22,106.62997578445868
1981-12-23,106.24610787163462
1981-12-24,106.5117231413137
1981-12-28,106.26674617808868
1981-12-29,105.70353242334481
1981-12-30,106.11577619979586
1981-12-31,106.47656983887518
1982-01-04,106.70017063553682
1982-01-05,104.57683723988964
1982-01-06,103.7715955931425
1982-01-07,103.53292092327827
1982-01-08,104.02987894371
1982-01-11,101.6996096553709
1982-01-12,101.18094164612852
1982-01-13,99.93641606388114
1982-01-14,100.44609178580694
1982-01-15,101.09899138241468
1982-01-18,101.72580512898566
1982-01-19,100.82044546333768
1982-01-20,100.23568687965032
1982-01-21,100.5865117837291
1982-01-22,100.24451764366442
1982-01-25,99.87361292838285
1982-01-26,99.74377723157596
1982-01-27,100.12280358505595
1982-01-28,102.69595963719189
1982-01-29,103.88723276898332
1982-02-01,102.07959491880301
1982-02-02,102.40624962254319
1982-02-03,101.50507462586481
1982-02-04,101.35281701392601
1982-02-05,102.1839101134402
1982-02-08,100.02782961004662
1982-02-09,99.1375819265172
1982-02-10,99.78197620903956
1982-02-11,99.69217243045142
1982-02-12,99.67223399596533
1982-02-16,99.27354505998147
1982-02-17,99.1345620968975
1982-02-18,99.24361011520409
1982-02-19,98.82678695272024
1982-02-22,97.6408655092876
1982-02-23,97.48464012447273
1982-02-24,98.88841894226513
1982-02-25,98.89830778415936
1982-02-26,98.78951964559678
1982-03-01,99.06613030060444
1982-03-02,98.72930545758238
1982-03-03,97.26811173681016
1982-03-04,96.25652337474733
1982-03-05,95.64048162514895
1982-03-08,94.1389260636341
1982-03-09,94.83555411650501
1982-03-10,95.34766610873415
1982-03-11,95.27138797584716
1982-03-12,94.54732542723072
1982-03-15,95.04842625199505
1982-03-16,95.02941656674466
1982-03-17,94.91538126686457
1982-03-18,96.0163996895602
1982-03-19,96.34285544850471
1982-03-22,98.18300398757114
1982-03-23,98.80155691269283
1982-03-24,98.3964705293508
1982-03-25,98.74085817620353
1982-03-26,97.9015608817058
1982-03-29,98.0679935352047
1982-03-30,98.1170275319723
1982-03-31,97.93060517966155
1982-04-01,99.32121977321275
1982-04-02,100.42368531269543
1982-04-05,100.16258373088242
1982-04-06,100.6934454246561
1982-04-07,100.89483231550541
1982-04-08,101.5304697590931
1982-04-12,101.36802100747855
1982-04-13,101.37815780957929
1982-04-14,101.2565040202078
1982-04-15,101.7020326378967
1982-04-16,102.23088320761379
1982-04-19,102.18999085433074
1982-04-20,101.29071893481263
1982-04-21,101.5743329478301
1982-04-22,102.65102087707709
1982-04-23,103.79044720881265
1982-04-26,104.28864135541494
1982-04-27,103.39175903975837
1982-04-28,102.81276518913572
1982-04-29,101.93885668502807
1982-04-30,102.17331605540363
1982-05-03,102.50027066678093
1982-05-04,103.15627239904833
1982-05-05,103.33163806212671
1982-05-06,104.24095647707342
1982-05-07,105.01233955500378
1982-05-10,104.27725317811876
1982-05-11,105.15318210481495
1982-05-12,104.87978383134242
1982-05-13,104.28196906350377
1982-05-14,104.19854348825297
1982-05-17,103.1461381990216
1982-05-18,102.35191293488914
1982-05-19,101.62521435305143
1982-05-20,101.22887601707453
1982-05-21,101.44145665671039
1982-05-24,101.41102421971338
1982-05-25,101.15749665916411
1982-05-26,99.93349094958822
1982-05-27,99.51377028759995
1982-05-28,99.18537484565088
1982-06-01,98.84814457117568
1982-06-02,99.1941130771748
1982-06-03,99.03540249625132
1982-06-04,97.57958207955642
1982-06-07,97.48200249747686
1982-06-08,97.09207448748695
1982-06-09,96.4609760033183
1982-06-10,96.8564660049319
1982-06-11,98.36742687460885
1982-06-14,97.28538517898815
1982-06-15,96.9546148693796
1982-06-16,96.45045087205882
1982-06-17,95.47630131825103
1982-06-18,94.98937218152795
1982-06-21,94.9608753698735
1982-06-22,95.73005846036948
1982-06-23,97.22344737235125
1982-06-24,97.09705689076719
1982-06-25,96.56302307786798
1982-06-28,97.31621465787535
1982-06-29,97.36487276520428
1982-06-30,97.02409571052607
1982-07-01,96.30611740226819
1982-07-02,95.63197458045231
1982-07-06,95.25900987958855
1982-07-07,95.1065954637812
1982-07-08,95.17317008060584
1982-07-09,96.24862690251669
1982-07-12,96.94161701621482
1982-07-13,96.87375788430347
1982-07-14,97.50343731055143
1982-07-15,97.59119040413093
1982-07-16,98.05962811807075
1982-07-19,97.8635088618346
1982-07-20,98.43111721323325
1982-07-21,98.47048966011855
1982-07-22,98.53941900288062
1982-07-23,98.26350862967256
1982-07-26,97.62479582357969
1982-07-27,96.89260985490284
1982-07-28,95.4392207070793
1982-07-29,95.33423756430152
1982-07-30,94.95290061404431
1982-08-02,96.47214702386903
1982-08-03,95.68107541827331
1982-08-04,94.32240414733383
1982-08-05,93.57725715456989
1982-08-06,92.51983414872325
1982-08-09,91.87219530968218
1982-08-10,91.73438701671766
1982-08-11,91.4591838556675
1982-08-12,91.22138997764276
1982-08-13,92.20658098940129
1982-08-16,92.61228994575465
1982-08-17,96.41865506252516
1982-08-18,96.5729249106252
1982-08-19,96.8046999304107
1982-08-20,99.80564562825343
1982-08-23,102.45049523740214
1982-08-24,102.20461404883238
1982-08-25,104.27936771402368
1982-08-26,105.41601282210652
1982-08-27,104.30914468747442
1982-08-30,104.72638126622431
1982-08-31,106.25538643271118
1982-09-01,105.34159010938986
1982-09-02,107.00598723311822
1982-09-03,108.95349620076097
1982-09-07,107.92933333647382
1982-09-08,108.67404573649547
1982-09-09,108.70664795021642
1982-09-10,107.93483074976989
1982-09-13,108.84148332806795
1982-09-14,109.74486763969091
1982-09-15,110.64477555433638
1982-09-16,110.51200182367117
1982-09-17,109.50634260707577
1982-09-20,109.4077868987294
1982-09-21,111.27866005469765
1982-09-22,110.78903395045698
1982-09-23,110.6006925927412
1982-09-24,110.31313079200007
1982-09-27,110.52272574050487
1982-09-28,110.32378483417196
1982-09-29,108.98886703767847
1982-09-30,108.08425944126574
1982-10-01,109.30561157295206
1982-10-04,109.05420866633428
1982-10-05,109.54495260533277
1982-10-06,112.78748320245063
1982-10-07,115.1334628530616
1982-10-08,117.1828384918461
1982-10-11,119.84288892561099
1982-10-12,119.75899890336306
1982-10-13,121.93861268340427
1982-10-14,120.40218616359338
1982-10-15,119.72793392107725
1982-10-18,122.19432935985144
1982-10-19,122.21876822572341
1982-10-20,124.55314669883471
1982-10-21,124.59051264284436
1982-10-22,124.67772600169434
1982-10-25,120.2017956382335
1982-10-26,120.89896605293526
1982-10-27,121.85406788475346
1982-10-28,120.65989801948288
1982-10-29,121.00981172373938
1982-11-01,122.4377275020795
1982-11-02,124.34775605111194
1982-11-03,128.82427526895196
1982-11-04,128.39915516056442
1982-11-05,129.06683076739935
1982-11-08,127.86650924126255
1982-11-09,130.0018799455916
1982-11-10,128.67586077014658
1982-11-11,129.28063731576626
1982-11-12,128.0395431975349
1982-11-15,125.82445910021755
1982-11-16,124.13841134827464
1982-11-17,126.26117818233013
1982-11-18,126.85460571978707
1982-11-19,126.04273624318044
1982-11-22,123.61011143368707
1982-11-23,122.65831357564767
1982-11-24,123.57825092746504
1982-11-26,124.49272998432829
1982-11-29,123.93251269939883
1982-11-30,127.4645893113317
1982-12-01,127.93620829178363
1982-12-02,127.98738277510034
1982-12-03,127.9233890837128
1982-12-06,130.26438710394476
1982-12-07,131.08505274269962
1982-12-08,130.54760402645454
1982-12-09,129.04630658015031
1982-12-10,128.31074263264344
1982-12-13,128.5417019693822
1982-12-14,126.54930558885677
1982-12-15,124.43593218552286
1982-12-16,124.29905266011879
1982-12-17,126.12624873422253
1982-12-20,125.14246399409559
1982-12-21,126.89445849001294
1982-12-22,127.23707352793596
1982-12-23,128.00049596910358
1982-12-27,129.8693032102525
1982-12-28,128.86930957553355
1982-12-29,129.29457829713283
1982-12-30,128.5834581164986
1982-12-31,129.0206418740947
1983-01-03,127.18854875948256
1983-01-04,129.35075408839376
1983-01-05,130.03631308506226
1983-01-06,133.02714828601867
1983-01-07,133.1734781491333
1983-01-10,134.70497314784834
1983-01-11,134.00450728747953
1983-01-12,134.87553658484813
1983-01-13,134.25510911655783
1983-01-14,135.12776732581546
1983-01-17,135.42504841393225
1983-01-18,135.27608086067693
1983-01-19,134.30209307848006
1983-01-20,134.97360354387243
1983-01-21,132.96249685106872
1983-01-24,129.34591693671965
1983-01-25,130.85926416487928
1983-01-26,130.96395157621117
1983-01-27,133.30820630942534
1983-01-28,133.6414768251989
1983-01-31,134.4433256861501
1983-02-01,132.93756043846523
1983-02-02,133.00402921868445
1983-02-03,134.0015594378246
1983-02-04,135.74357971051631
1983-02-07,136.4765950409531
1983-02-08,135.5485541946746
1983-02-09,135.1012439658322
1983-02-10,137.16829299850943
1983-02-11,137.41519592590674
1983-02-14,138.65193268923989
1983-02-15,138.40235921039925
1983-02-16,137.7241876502683
1983-02-17,137.66909797520822
1983-02-18,138.28860891609665
1983-02-22,136.4908570001874
1983-02-23,137.56913477048886
1983-02-24,139.866539321156
1983-02-25,140.04836582227352
1983-02-28,138.7039015103797
1983-03-01,140.88155276409267
1983-03-02,142.13539858369307
1983-03-03,143.22984115278751
1983-03-04,143.53062381920836
1983-03-07,143.58803606873605
1983-03-08,141.69267399262873
1983-03-09,142.99624659336092
1983-03-10,142.32416423437212
1983-03-11,141.88295932524557
1983-03-14,141.3154274879446
1983-03-15,141.64045297116687
1983-03-16,140.60647766447735
1983-03-17,140.35338600468128
1983-03-18,140.67619879249204
1983-03-21,141.689067423798
1983-03-22,141.43402710243518
1983-03-23,143.21609584392584
1983-03-24,143.81760344647032
1983-03-25,143.4436776775095
1983-03-28,142.64039308251543
1983-03-29,142.44069653219992
1983-03-30,143.8508594278687
1983-03-31,143.59192788089854
1983-04-04,143.54885030253428
1983-04-05,142.75933162587035
1983-04-06,141.85994783662736
1983-04-07,142.37064364883923
1983-04-08,143.25334163946204
1983-04-11,145.14428574910295
1983-04-12,145.84097832069864
1983-04-13,146.9202015602718
1983-04-14,148.21309933400218
1983-04-15,148.9986287604724
1983-04-18,149.95221998453943
1983-04-19,149.0824971086291
1983-04-20,150.8118540750892
1983-04-21,150.51023036693903
1983-04-22,150.90155696589306
1983-04-25,149.55853310889663
1983-04-26,151.84677866546275
1983-04-27,151.74048592039694
1983-04-28,153.10615029368049
1983-04-29,154.31568888100057
1983-05-02,152.43303747665237
1983-05-03,152.49401069164304
1983-05-04,153.790209782522
1983-05-05,155.1128055866517
1983-05-06,156.95864797313286
1983-05-09,157.0214314323221
1983-05-10,157.39828286775966
1983-05-11,156.532592311987
1983-05-12,156.01603475735746
1983-05-13,156.7337085172413
1983-05-16,155.2447382863275
1983-05-17,155.8191438179869
1983-05-18,155.8814714755141
1983-05-19,154.88383005807083
1983-05-20,154.88383005807083
1983-05-23,155.99899363448895
1983-05-24,157.98018085364694
1983-05-25,158.80167779408592
1983-05-26,158.49995460627716
1983-05-27,157.91350477423393
1983-05-31,156.08170811885282
1983-06-01,156.14414080210034
1983-06-02,157.40890834259736
1983-06-03,158.08576664847052
1983-06-06,158.65487540840502
1983-06-07,157.21111604218854
1983-06-08,155.95342711385103
1983-06-09,156.35890602434705
1983-06-10,157.4221465853126
1983-06-13,159.29547012967782
1983-06-14,160.01229974526137
1983-06-15,161.4524104429687
1983-06-16,163.19609647575274
1983-06-17,163.17977686610516
1983-06-20,163.03291506692565
1983-06-21,164.20675205540752
1983-06-22,164.63368961075156
1983-06-23,164.32088560049112
1983-06-24,164.63309528313206
1983-06-27,162.78920461596098
1983-06-28,159.85899893287367
1983-06-29,160.5783644280716
1983-06-30,161.9432805257102
1983-07-01,162.91494020886446
1983-07-05,160.8133374801701
1983-07-06,162.3893081874758
1983-07-07,161.75598988554464
1983-07-08,161.43247790577354
1983-07-11,162.2396402953024
1983-07-12,160.00073325922722
1983-07-13,159.66473171938284
1983-07-14,160.17565886088488
1983-07-15,158.62195496993428
1983-07-18,158.00332934555152
1983-07-19,158.7775456593447
1983-07-20,162.57232900060305
1983-07-21,162.7674157954038
1983-07-22,162.78369253698332
1983-07-25,163.33715709160907
1983-07-26,163.92517085713888
1983-07-27,161.41711574302465
1983-07-28,158.8990087374335
1983-07-29,156.6585327142357
1983-08-01,155.90657175720736
1983-08-02,155.87539044285592
1983-08-03,156.71711755124736
1983-08-04,154.88352727589776
1983-08-05,155.33268950499786
1983-08-08,152.9871658934724
1983-08-09,153.5073222575102
1983-08-10,154.76608230002176
1983-08-11,154.96727820701182
1983-08-12,155.8505916927918
1983-08-15,157.19090678134978
1983-08-16,156.68789587964946
1983-08-17,158.16076210091816
1983-08-18,156.9745563851613
1983-08-19,157.22571567537756
1983-08-22,157.35149624791785
1983-08-23,155.82518673431304
1983-08-24,154.45392509105108
1983-08-25,154.00600870828703
1983-08-26,155.05324956750337
1983-08-29,155.03774424254664
1983-08-30,155.37882727988023
1983-08-31,156.99476708359097
1983-09-01,157.0261660370077
1983-09-02,158.03113349964454
1983-09-06,160.43320672883914
1983-09-07,160.57759661489507
1983-09-08,160.62576989387952
1983-09-09,160.43301897000686
1983-09-12,159.1495548182468
1983-09-13,158.29014722222828
1983-09-14,158.73335963445052
1983-09-15,158.06667952398584
1983-09-16,159.4734729717493
1983-09-19,161.1319970906555
1983-09-20,162.35660026854447
1983-09-21,161.78835216760456
1983-09-22,163.0017648088616
1983-09-23,162.82246286757186
1983-09-26,163.09926105444674
1983-09-27,161.6966074093785
1983-09-28,161.3247052123369
1983-09-29,160.7439362735725
1983-09-30,159.71517508142165
1983-10-03,159.33185866122625
1983-10-04,159.80985423720992
1983-10-05,160.96048518771784
1983-10-06,163.06906754367697
1983-10-07,163.59088855981673
1983-10-10,164.83417931287136
1983-10-11,162.9880365045672
1983-10-12,162.0427058928407
1983-10-13,162.02650162225143
1983-10-14,162.0913122229003
1983-10-17,162.31824006001239
1983-10-18,159.8185391630882
1983-10-19,158.55597270369978
1983-10-20,158.90479584364792
1983-10-21,157.8242432319111
1983-10-24,157.650636564356
1983-10-25,158.12358847404906
1983-10-26,157.301345813984
1983-10-27,156.84517191112346
1983-10-28,155.66883312179004
1983-10-31,155.57543182191696
1983-11-01,155.57543182191696
1983-11-02,156.8200352764923
1983-11-03,155.92616107541627
1983-11-04,155.0685671895015
1983-11-07,154.49481349090033
1983-11-08,154.20127334526762
1983-11-09,155.88206722473103
1983-11-10,156.45883087346255
1983-11-11,158.38327449320613
1983-11-14,159.03264591862828
1983-11-15,158.18977289525955
1983-11-16,158.85416994141963
1983-11-17,158.9971386943669
1983-11-18,158.42474899506718
1983-11-21,159.28024263964056
1983-11-22,159.94921965872706
1983-11-23,160.0291942685564
1983-11-25,160.3972614153741
1983-11-28,159.86795045270335
1983-11-29,161.01899969596283
1983-11-30,159.95627429796946
1983-12-01,160.05224806254822
1983-12-02,159.0599241245604
1983-12-05,159.10764210179778
1983-12-06,158.8530698744349
1983-12-07,159.23431724213356
1983-12-08,158.51776281454397
1983-12-09,158.56531814338834
1983-12-12,158.80316612060344
1983-12-13,158.24735503918134
1983-12-14,156.75982990181305
1983-12-15,155.458723313628
1983-12-16,155.971737100563
1983-12-19,155.9405427531429
1983-12-20,155.6130676133613
1983-12-21,156.7801656204615
1983-12-22,156.52931735546875
1983-12-23,156.52931735546875
1983-12-27,157.60936964522148
1983-12-28,157.98763213237
1983-12-29,157.7664494473847
1983-12-30,158.12931228111367
1984-01-03,157.465169169533
1984-01-04,159.85863974090992
1984-01-05,161.93680205754174
1984-01-06,162.66551766680067
1984-01-09,162.47031904560052
1984-01-10,161.88542589703636
1984-01-11,161.77210609890844
1984-01-12,161.73975167768867
1984-01-13,161.18983652198455
1984-01-16,161.22207448928893
1984-01-17,161.75410733510358
1984-01-18,161.54382699556794
1984-01-19,161.05919551458123
1984-01-20,160.12505218059667
1984-01-23,158.7159517214074
1984-01-24,159.30320074277662
1984-01-25,158.42703313869137
1984-01-26,157.745796896195
1984-01-27,157.44607988209222
1984-01-30,156.17076663504727
1984-01-31,156.3113203250188
1984-02-01,155.60791938355624
1984-02-02,156.13698630946033
1984-02-03,154.10720548743734
1984-02-06,151.59525803799212
1984-02-07,151.8378104508529
1984-02-08,149.27175145423348
1984-02-09,148.57017422239858
1984-02-10,149.38731018062177
1984-02-13,147.998008195942
1984-02-14,149.41878907462305
1984-02-15,149.25442840664095
1984-02-16,149.00069587834966
1984-02-17,148.65799427782946
1984-02-21,147.60252251845688
1984-02-22,147.26303671666443
1984-02-23,147.04214216158945
1984-02-24,150.1006187185505
1984-02-27,151.91683620504494
1984-02-28,149.7748088145538
1984-02-29,150.13426835570874
1984-03-01,151.17019480736312
1984-03-02,152.2435031904954
1984-03-05,151.1016769165667
1984-03-06,149.635990650476
1984-03-07,148.0348855505159
1984-03-08,148.53820416138765
1984-03-09,147.88463606307755
1984-03-12,149.40784781452726
1984-03-13,150.03536077534827
1984-03-14,149.99035016711568
1984-03-15,150.6653067428677
1984-03-16,152.2623589943421
1984-03-19,150.89199776339302
1984-03-20,151.73699295086803
1984-03-21,151.58525595791716
1984-03-22,150.06940339833798
1984-03-23,149.96435481595915
1984-03-26,149.9043690740328
1984-03-27,150.32410130744006
1984-03-28,152.42863872574424
1984-03-29,152.30669581476363
1984-03-30,152.1239277797859
1984-04-02,151.1351222492173
1984-04-03,150.68171688246963
1984-04-04,150.62144419571663
1984-04-05,148.37718467720046
1984-04-06,148.42169783260363
1984-04-09,148.37717132325386
1984-04-10,148.71843881729734
1984-04-11,147.9004874038022
1984-04-12,149.97109422745544
1984-04-13,149.9261028991872
1984-04-16,150.67573341368313
1984-04-17,151.41404450741015
1984-04-18,150.59640866707014
1984-04-19,150.64158758967025
1984-04-23,149.6473531115784
1984-04-24,150.50034302431442
1984-04-25,150.98194412199223
1984-04-26,152.50686175762434
1984-04-27,152.41535764056977
1984-04-30,152.56777299821033
1984-05-01,154.16973461469152
1984-05-02,154.80183052661175
1984-05-03,154.4303061333479
1984-05-04,152.90144610262774
1984-05-07,153.1613785610022
1984-05-08,154.1875597973609
1984-05-09,153.9254409457054
1984-05-10,153.8176931370434
1984-05-11,152.54100628400593
1984-05-14,151.6105061456735
1984-05-15,152.01985451226682
1984-05-16,151.9590465704619
1984-05-17,150.50023972338548
1984-05-18,149.62733833298984
1984-05-21,148.7594997706585
1984-05-22,147.76281112219507
1984-05-23,147.15698359659407
1984-05-24,145.18508001639972
1984-05-25,145.53352420843908
1984-05-29,144.35470266235072
1984-05-30,144.3402671920845
1984-05-31,144.78772202037996
1984-06-01,147.23463452252437
1984-06-04,148.53029930632258
1984-06-05,148.04014931861172
1984-06-06,149.06162634891012
1984-06-07,149.12125099944967
1984-06-08,149.37475712614875
1984-06-11,147.68682237062328
1984-06-12,147.06653771666666
1984-06-13,147.03712440912332
1984-06-14,145.59616058991392
1984-06-15,144.7808220906104
1984-06-18,146.80775359987894
1984-06-19,147.64455779539824
1984-06-20,149.28341238692718
1984-06-21,149.2684840456885
1984-06-22,149.41775252973417
1984-06-25,149.22350945144552
1984-06-26,148.13417783244998
1984-06-27,147.17130567653905
1984-06-28,148.1720705551395
1984-06-29,148.61658676680491
1984-07-02,148.43824686268476
1984-07-03,148.97262455139042
1984-07-05,148.25755595354374
1984-07-06,147.76830601889705
1984-07-09,148.61058536320476
1984-07-10,148.23905889979676
1984-07-11,146.29712722820943
1984-07-12,145.75582785746505
1984-07-13,146.4263046656094
1984-07-16,146.7630851663403
1984-07-17,147.35013750700566
1984-07-18,146.55444676446783
1984-07-19,145.6018428604988
1984-07-20,144.78647254048
1984-07-23,143.90327505798305
1984-07-24,142.95351344260035
1984-07-25,143.63969030712482
1984-07-26,144.78880782958183
1984-07-27,145.99055493456734
1984-07-30,145.37739460384216
1984-07-31,145.79898904819328
1984-08-01,148.80244822258607
1984-08-02,152.47786869368394
1984-08-03,156.8387357383233
1984-08-06,157.51314230199807
1984-08-07,157.63915281583965
1984-08-08,156.86672096704203
1984-08-09,160.051115402673
1984-08-10,160.45124319117966
1984-08-13,160.3068370723076
1984-08-14,159.5373642543605
1984-08-15,158.30892654960192
1984-08-16,159.1954565382797
1984-08-17,159.38649108612566
1984-08-20,159.91246650670988
1984-08-21,162.40710098421457
1984-08-22,161.95236110145876
1984-08-23,162.13050869867038
1984-08-24,162.4709827669376
1984-08-27,161.6423807548262
1984-08-28,162.4829211347513
1984-08-29,162.40167967418395
1984-08-30,161.97943530703105
1984-08-31,162.1738106293995
1984-09-04,160.7953332390496
1984-09-05,160.26470863936075
1984-09-06,161.45066748329202
1984-09-07,160.53039867863725
1984-09-10,160.4180273995622
1984-09-11,160.80303066532113
1984-09-12,160.8351912714542
1984-09-13,163.44072137005176
1984-09-14,164.50308605895708
1984-09-17,164.65113883641013
1984-09-18,163.72909245892623
1984-09-19,163.1232948168282
1984-09-20,163.61266470127867
1984-09-21,162.3364859166087
1984-09-24,161.86571010745052
1984-09-25,162.01138924654722
1984-09-26,162.51362455321154
1984-09-27,163.04991951423716
1984-09-28,162.39771983618022
1984-10-01,161.09853807749076
1984-10-02,160.03528772617932
1984-10-03,159.0270654135044
1984-10-04,159.34511954433142
1984-10-05,159.2335779606504
1984-10-08,158.66033707999205
1984-10-09,158.35888243954005
1984-10-10,158.64392842793123
1984-10-11,159.3578261058569
1984-10-12,160.6804960625355
1984-10-15,161.99807613024828
1984-10-16,161.38248344095334
1984-10-17,160.96288898400684
1984-10-18,164.13385789699177
1984-10-19,164.38005868383726
1984-10-22,163.82116648431222
1984-10-23,163.62458108453103
1984-10-24,163.67366845885638
1984-10-25,162.80619801602444
1984-10-26,161.7967995883251
1984-10-29,161.31140918956012
1984-10-30,163.0051789860505
1984-10-31,162.51616344909235
1984-11-01,163.67002820958092
1984-11-02,163.85006524061149
1984-11-05,164.9314756711995
1984-11-06,166.53131098521015
1984-11-07,165.46551059490483
1984-11-08,165.16767267583398
1984-11-09,164.4574516833279
1984-11-12,164.1614282702979
1984-11-13,162.96304984392472
1984-11-14,162.84897570903397
1984-11-15,162.68612673332493
1984-11-16,161.28702604341834
1984-11-19,160.15801686111442
1984-11-20,160.89474373867554
1984-11-21,161.2648016492745
1984-11-23,163.36124407071503
1984-11-26,162.39741273069782
1984-11-27,163.19316005307823
1984-11-28,162.0997658807226
1984-11-29,161.06232737908599
1984-11-30,160.6757777933762
1984-12-03,159.952736793306
1984-12-04,160.28863754057195
1984-12-05,159.182645941542
1984-12-06,159.6283573501783
1984-12-07,159.34102630694798
1984-12-10,159.75531297534604
1984-12-11,160.07482360129674
1984-12-12,159.77068143645428
1984-12-13,159.1795299151394
1984-12-14,159.9754275647151
1984-12-17,160.75930715978217
1984-12-18,164.66575832376486
1984-12-19,164.2870270796202
1984-12-20,163.6298789713017
1984-12-21,163.0735373827993
1984-12-24,164.21505214447888
1984-12-26,164.03441558711995
1984-12-27,163.36187448321277
1984-12-28,163.7866153568691
1984-12-31,164.58916977211774
1985-01-02,163.1078672441687
1985-01-03,162.61854364243618
1985-01-04,161.96806946786643
1985-01-07,162.42158006237645
1985-01-08,162.38909574636398
1985-01-09,163.46086377828996
1985-01-10,166.27239063527657
1985-01-11,166.23913615714952
1985-01-14,168.63297971781247
1985-01-15,169.1220153589941
1985-01-16,169.84924002503777
1985-01-17,169.69637570901523
1985-01-18,170.2733433864259
1985-01-21,173.66178291981578
1985-01-22,174.0264726639474
1985-01-23,175.80154268511967
1985-01-24,175.59058083389752
1985-01-25,176.34562033148327
1985-01-28,176.69831157214625
1985-01-29,178.2179170516667
1985-01-30,178.69910542770617
1985-01-31,178.82419480150554
1985-02-01,178.07313318333922
1985-02-04,179.8538645151726
1985-02-05,180.4473822680727
1985-02-06,180.6458743885676
1985-02-07,182.12717055855384
1985-02-08,182.61891391906192
1985-02-11,181.24927206466896
1985-02-12,181.213022210256
1985-02-13,183.71376191675756
1985-02-14,183.19936338339065
1985-02-15,182.4848858661954
1985-02-19,182.2841524917426
1985-02-20,182.37529456798845
1985-02-21,181.42694303623492
1985-02-22,180.77380604130445
1985-02-25,180.3761036680136
1985-02-26,181.9273381595585
1985-02-27,181.6362544185032
1985-02-28,182.0358541782239
1985-03-01,183.98363781793088
1985-03-04,183.06371962884123
1985-03-05,183.2101706045443
1985-03-06,181.8360943250102
1985-03-07,180.83599580622266
1985-03-08,180.40198941628773
1985-03-11,180.05922563639677
1985-03-12,180.68943292612417
1985-03-13,179.18971063283735
1985-03-14,178.97468298007794
1985-03-15,178.2050918432636
1985-03-18,178.04470726060467
1985-03-19,180.25246163063616
1985-03-20,179.928007199701
1985-03-21,180.2338848119405
1985-03-22,179.909463819279
1985-03-25,178.9379527146549
1985-03-26,179.27793482481275
1985-03-27,180.35360243376164
1985-03-28,180.58806211692553
1985-03-29,181.6535316834154
1985-04-01,182.216657631634
1985-04-02,181.61534266144963
1985-04-03,180.32587372855335
1985-04-04,180.2176782043162
1985-04-08,179.46076395585808
1985-04-09,179.58638649062718
1985-04-10,180.69982208686906
1985-04-11,181.53104126846864
1985-04-12,181.85779714275188
1985-04-15,182.2760700761802
1985-04-16,182.60416700231733
1985-04-17,183.0424170031229
1985-04-18,182.25533461000947
1985-04-19,182.4740410115415
1985-04-22,181.99960850491146
1985-04-23,183.03700627338947
1985-04-24,183.34816918405423
1985-04-25,184.30157966381134
1985-04-26,183.3800717654923
1985-04-29,181.9313691985449
1985-04-30,181.03990548947203
1985-05-01,179.8812500943394
1985-05-02,180.1870482194998
1985-05-03,181.28618921363872
1985-05-06,181.41308954608826
1985-05-07,182.19316583113644
1985-05-08,182.22960446430267
1985-05-09,183.61454945823138
1985-05-10,186.05662296602588
1985-05-13,186.39152488736474
1985-05-14,185.86962861768012
1985-05-15,186.46441142925673
1985-05-16,187.5272585744035
1985-05-17,189.2900148050029
1985-05-20,191.56149498266294
1985-05-21,191.52318268366642
1985-05-22,190.48895749717462
1985-05-23,189.65080608418705
1985-05-24,190.29561882487332
1985-05-28,190.0292049585185
1985-05-29,189.93419035603927
1985-05-30,189.95318377507488
1985-05-31,191.43481860852046
1985-06-03,191.58796646340727
1985-06-04,192.3543183292609
1985-06-05,192.66208523858774
1985-06-06,193.41346737101824
1985-06-07,192.29166926026633
1985-06-10,192.1186067579321
1985-06-11,191.75358140509204
1985-06-12,190.6414106329425
1985-06-13,188.58248339810672
1985-06-14,190.03456852027216
1985-06-17,189.59748901267554
1985-06-18,190.35587896872624
1985-06-19,189.99420279868565
1985-06-20,189.91820511756617
1985-06-21,191.98831355334764
1985-06-24,192.10350654147965
1985-06-25,192.83349986633726
1985-06-26,193.1998835160833
1985-06-27,194.39772279388302
1985-06-28,195.01979550682347
1985-07-01,195.6048548933439
1985-07-02,195.4288105239399
1985-07-03,195.09658154604918
1985-07-05,196.18912240270706
1985-07-08,195.63979285997948
1985-07-09,194.97461756425557
1985-07-10,196.18346019315396
1985-07-11,196.90933899586864
1985-07-12,197.38192140945873
1985-07-15,197.14506310376737
1985-07-16,199.13622824111542
1985-07-17,199.93277315407988
1985-07-18,198.85313617904785
1985-07-19,199.5093515284387
1985-07-22,198.67141225201928
1985-07-23,197.06217381277793
1985-07-24,195.89950698728254
1985-07-25,196.11499644496857
1985-07-26,196.38955743999153
1985-07-29,193.71865945880765
1985-07-30,193.87363438637468
1985-07-31,194.88177728518383
1985-08-01,196.28492608163717
1985-08-02,195.87272773686573
1985-08-05,194.8737768254077
1985-08-06,192.57426625886788
1985-08-07,192.05431573996893
1985-08-08,193.4371068132967
1985-08-09,193.03088888898878
1985-08-12,192.41319004454402
1985-08-13,192.0860876214683
1985-08-14,192.29738231785194
1985-08-15,192.2204633649248
1985-08-16,191.18247286275422
1985-08-19,191.43101007747583
1985-08-20,192.7518840470104
1985-08-21,193.71564346724543
1985-08-22,192.28214770558782
1985-08-23,192.08986555788223
1985-08-26,192.3587913696633
1985-08-27,193.0512830185941
1985-08-28,193.68835225255546
1985-08-29,193.86267176958273
1985-08-30,193.80451296805185
1985-09-03,193.04867536747645
1985-09-04,192.46952934137403
1985-09-05,192.4502823884399
1985-09-06,193.27781860271017
1985-09-09,193.49042420317318
1985-09-10,192.09729314891032
1985-09-11,190.17632021742122
1985-09-12,188.73098018376882
1985-09-13,187.65521359672132
1985-09-16,187.44879286176493
1985-09-17,185.76175372600903
1985-09-18,185.94751547973502
1985-09-19,187.60244836750465
1985-09-20,186.79575783952438
1985-09-23,188.55163796321594
1985-09-24,187.17521100608448
1985-09-25,185.35961145932546
1985-09-26,185.54497107078478
1985-09-30,186.1016059839971
1985-10-01,188.68841830717466
1985-10-02,188.00914000126883
1985-10-03,188.27235279727063
1985-10-04,187.33099103328428
1985-10-07,186.11333959156795
1985-10-08,185.92722625197638
1985-10-09,186.6151569891087
1985-10-10,187.11901791297927
1985-10-11,188.6346819580744
1985-10-14,190.59648265043836
1985-10-15,190.42494581605297
1985-10-16,192.0816428446526
1985-10-17,192.23530815892832
1985-10-18,191.85083754261046
1985-10-21,191.71654195633062
1985-10-22,192.7518112828948
1985-10-23,193.69629515818096
1985-10-24,193.36701145641206
1985-10-25,192.41951310027562
1985-10-28,192.61193261337587
1985-10-29,194.03726091471486
1985-10-30,194.91042858883108
1985-10-31,194.85195546025443
1985-11-01,196.33283032175237
1985-11-04,196.3131970387202
1985-11-05,197.5107075406564
1985-11-06,198.1427418047865
1985-11-07,198.2418131756889
1985-11-08,199.6493300492363
1985-11-11,202.7438946649995
1985-11-12,203.818437306724
1985-11-13,202.9420180263051
1985-11-14,204.70761358313393
1985-11-15,204.11396150374284
1985-11-18,204.56301221905107
1985-11-19,204.7266626288263
1985-11-20,204.99280729024377
1985-11-21,207.2682274511655
1985-11-22,207.66203708332273
1985-11-25,206.58219449048946
1985-11-26,206.91272600167426
1985-11-27,208.6507929000883
1985-11-29,208.67165797937832
1985-12-02,207.14835487612888
1985-12-03,207.62479609234396
1985-12-04,210.7806929929476
1985-12-05,210.738536854349
1985-12-06,209.7059180237627
1985-12-09,210.96415353190528
1985-12-10,211.23840693149677
1985-12-11,213.16067643457342
1985-12-12,213.7148941933033
1985-12-13,216.7282742014289
1985-12-16,218.46210039504032
1985-12-17,217.19502021274909
1985-12-18,216.3045206298768
1985-12-19,216.4343033422547
1985-12-20,217.34332741629217
1985-12-23,215.19162847487087
1985-12-24,214.02959368110658
1985-12-26,214.50045878720502
1985-12-27,216.43096291628984
1985-12-30,217.33997296053826
1985-12-31,218.0789288686041
1986-01-02,216.77045529539248
1986-01-03,218.0494009816353
1986-01-06,218.02759604153715
1986-01-07,221.10178514572283
1986-01-08,216.37020694360436
1986-01-09,213.90358658444728
1986-01-10,213.92497694310572
1986-01-13,214.58814437162937
1986-01-14,214.65252081494086
1986-01-15,216.41267148562338
1986-01-16,217.4730935759029
1986-01-17,217.16863124489666
1986-01-20,216.38682417241503
1986-01-21,215.0019484977116
1986-01-22,213.0669309612322
1986-01-23,213.6422116748275
1986-01-24,215.73590534924082
1986-01-27,216.77143769491715
1986-01-28,218.9608292156358
1986-01-29,219.552023454518
1986-01-30,218.871412181809
1986-01-31,220.97257773875438
1986-02-03,223.09391448504644
1986-02-04,222.60310787317934
1986-02-05,222.82571098105248
1986-02-06,223.4719055428975
1986-02-07,224.63395945172059
1986-02-10,226.18393377193743
1986-02-11,226.31964413220058
1986-02-12,226.70438752722532
1986-02-13,228.06461385238867
1986-02-14,230.1628082998307
1986-02-18,232.83269687610874
1986-02-19,230.76048587391136
1986-02-20,232.745026052427
1986-02-21,235.16557432337223
1986-02-24,234.95392530648118
1986-02-25,234.4840174558682
1986-02-26,234.78884667856087
1986-02-27,237.53587618470004
1986-02-28,238.05845511230638
1986-03-03,237.20144467390207
1986-03-04,236.9405230847608
1986-03-05,236.5377241955167
1986-03-06,237.57849018197695
1986-03-07,237.98237361528632
1986-03-10,239.0770925339166
1986-03-11,243.59564958280762
1986-03-12,244.7405491358468
1986-03-13,245.30345239885924
1986-03-14,247.90366899428713
1986-03-17,246.11876257752826
1986-03-18,247.34935639041586
1986-03-19,247.00306729146928
1986-03-20,248.04048017409343
1986-03-21,246.05615633270068
1986-03-24,247.11419780493128
1986-03-25,246.57054656976044
1986-03-26,249.085566144772
1986-03-27,250.9537078908578
1986-03-31,251.20466159874863
1986-04-01,248.21532612572352
1986-04-02,248.48836298446184
1986-04-03,246.0034793546172
1986-04-04,242.46102925191073
1986-04-07,241.733646164155
1986-04-08,246.3749321705068
1986-04-09,246.94159451449897
1986-04-10,249.3863163001925
1986-04-11,249.23668451041237
1986-04-14,250.60748627521966
1986-04-15,251.00845825326002
1986-04-16,255.47640881016807
1986-04-17,256.3705762410037
1986-04-18,256.1398427223868
1986-04-21,258.13773349562143
1986-04-22,256.1758867210547
1986-04-23,255.1511831741705
1986-04-24,255.66148554051887
1986-04-25,255.71261783762696
1986-04-28,256.2240430733022
1986-04-29,253.78991466410585
1986-04-30,249.04404325988705
1986-05-01,248.59576398201924
1986-05-02,248.49632567642644
1986-05-05,251.30433415657006
1986-05-06,251.0530298224135
1986-05-07,250.04881770312383
1986-05-08,251.3490715551801
1986-05-09,252.15338858415672
1986-05-12,251.7751585012805
1986-05-13,250.81841289897562
1986-05-14,251.8216865505715
1986-05-15,249.1271945044804
1986-05-16,247.75699493470577
1986-05-19,247.9552005306535
1986-05-20,250.50913909611924
1986-05-21,250.15842630138468
1986-05-22,254.23600865009723
1986-05-23,255.6851538994028
1986-05-27,258.9834923847051
1986-05-28,260.796376831398
1986-05-29,261.8917216140899
1986-05-30,261.6036407203144
1986-06-02,259.6939341430561
1986-06-03,260.0055668640278
1986-06-04,258.78354069976683
1986-06-05,259.94806663291575
1986-06-06,260.02605105290564
1986-06-09,254.8775352420581
1986-06-10,254.36778017157397
1986-06-11,255.97029718665488
1986-06-12,256.4566407513095
1986-06-13,260.22655337035377
1986-06-16,260.30462133636485
1986-06-17,258.87294591901485
1986-06-18,259.02826968656626
1986-06-19,258.66563010900506
1986-06-20,260.6832220238553
1986-06-23,259.32766926933124
1986-06-24,261.37635785655897
1986-06-25,263.2844052689119
1986-06-26,263.2054199473312
1986-06-27,264.021356749168
1986-06-30,265.4470720756135
1986-07-01,266.747762728784
1986-07-02,267.68137989833474
1986-07-03,267.1727852765279
1986-07-07,259.4782090605639
1986-07-08,255.58603592465548
1986-07-09,257.2729037617582
1986-07-10,257.32435834251055
1986-07-11,257.0927664200023
1986-07-14,252.90215432735627
1986-07-15,248.70397856552216
1986-07-16,249.69879447978425
1986-07-17,250.8973486932872
1986-07-18,251.04788710250315
1986-07-21,250.6713152718494
1986-07-22,252.60148439944265
1986-07-23,252.95512647760188
1986-07-24,252.2974431487601
1986-07-25,254.26536320532043
1986-07-28,250.1971173940353
1986-07-29,248.57083613097407
1986-07-30,249.8136903116289
1986-07-31,249.56387662131726
1986-08-01,248.54066472716985
1986-08-04,248.8637675913152
1986-08-05,249.56058614057085
1986-08-06,249.2361573785881
1986-08-07,249.88417138777243
1986-08-08,249.9841250563275
1986-08-11,253.75888534467802
1986-08-12,256.575608972004
1986-08-13,258.98741969634085
1986-08-14,259.9456731492173
1986-08-15,260.5955373320904
1986-08-18,260.7518946544896
1986-08-19,260.1260901073188
1986-08-20,263.0134897075101
1986-08-21,262.9608870095686
1986-08-22,263.35532834008296
1986-08-25,261.3011567790303
1986-08-26,265.35132470910526
1986-08-27,265.82895709358166
1986-08-28,265.6428768236161
1986-08-29,265.8022625497103
1986-09-02,262.1076111002693
1986-09-03,262.84151241135004
1986-09-04,266.2058837702153
1986-09-05,262.9315513998416
1986-09-08,260.0393043344434
1986-09-09,259.33719821274036
1986-09-10,258.1961145406043
1986-09-11,246.80966588936363
1986-09-12,242.29304900358827
1986-09-15,242.9714695407983
1986-09-16,242.58271518953302
1986-09-17,243.3832381496585
1986-09-18,243.7969896545129
1986-09-19,243.67509115968568
1986-09-22,246.2824146350943
1986-09-23,247.43994198387924
1986-09-24,248.45444574601314
1986-09-25,244.70278361524834
1986-09-26,244.84960528541748
1986-09-29,242.47456411414893
1986-09-30,244.0991436937137
1986-10-01,246.17398641511025
1986-10-02,246.51862999609142
1986-10-03,246.34606695509416
1986-10-06,247.2329127961325
1986-10-07,246.81261684437905
1986-10-08,248.76243651744966
1986-10-09,248.1654066698078
1986-10-10,247.96687434447193
1986-10-13,248.33882465598865
1986-10-14,247.89181477160787
1986-10-15,250.94088409329865
1986-10-16,251.66861265716918
1986-10-17,250.98910740299482
1986-10-20,248.57961197192606
1986-10-21,248.5050380883345
1986-10-22,248.90264614927582
1986-10-23,251.64057525691783
1986-10-24,251.03663787630123
1986-10-27,251.63912580720435
1986-10-28,252.1927318839802
1986-10-29,253.78154609484926
1986-10-30,256.3954960196262
1986-10-31,256.5749728668399
1986-11-03,258.1657376986143
1986-11-04,258.7595188953211
1986-11-05,259.3546657887803
1986-11-06,258.784085524045
1986-11-07,258.784085524045
1986-11-10,258.9911127924642
1986-11-11,259.87168257595863
1986-11-12,259.3779263790643
1986-11-13,256.1097645066881
1986-11-14,257.2622584469682
1986-11-17,255.84731602550988
1986-11-18,250.11633614653846
1986-11-19,250.0413012456945
1986-11-20,254.06696619575018
1986-11-21,257.39524345291454
1986-11-24,258.86239634059615
1986-11-25,259.5872110503498
1986-11-26,260.0285093091354
1986-11-28,260.5745691786846
1986-12-01,260.20976478183445
1986-12-02,264.7113937125602
1986-12-03,265.0290473850153
1986-12-04,264.60500090919925
1986-12-05,262.8586079031985
1986-12-08,262.62203515608564
1986-12-09,260.88872972405545
1986-12-10,262.27143999159296
1986-12-11,259.8323155996712
1986-12-12,258.7150366425926
1986-12-15,258.9737516792352
1986-12-16,260.57938893964644
1986-12-17,258.49475382812926
1986-12-18,257.6158716651136
1986-12-19,259.8056065742671
1986-12-22,258.948248072572
1986-12-23,256.4623448910753
1986-12-24,257.3599630981941
1986-12-26,257.69453105022177
1986-12-29,255.42681917697982
1986-12-30,254.09859971725953
1986-12-31,253.20925461824913
1987-01-02,257.79234212683946
1987-01-05,264.1598129773724
1987-01-06,265.34853213577054
1987-01-07,268.40004025533193
1987-01-08,270.6546005934767
1987-01-09,272.2514627369782
1987-01-12,274.2116732686845
1987-01-13,274.0197250973964
1987-01-14,276.6503144583314
1987-01-15,279.1678323199023
1987-01-16,279.1678323199023
1987-01-19,281.95951064310134
1987-01-20,281.7621389856512
1987-01-21,280.3815045046215
1987-01-22,285.6246386388579
1987-01-23,282.4256426861027
1987-01-26,281.43715293670135
1987-01-27,285.15212335546585
1987-01-28,286.777490458592
1987-01-29,285.77376924198694
1987-01-30,285.77376924198694
1987-02-02,288.60292955748264
1987-02-03,288.5740692645269
1987-02-04,292.1235303164806
1987-02-05,294.1683950286959
1987-02-06,293.6094750781414
1987-02-09,291.8478182276725
1987-02-10,289.0168943908641
1987-02-11,291.5602430615037
1987-02-12,290.27737799203305
1987-02-13,293.96390069253187
1987-02-17,298.9612870043049
1987-02-18,298.9612870043049
1987-02-19,299.3798328061109
1987-02-20,299.3498948228303
1987-02-23,296.8353557063186
1987-02-24,297.4587099533018
1987-02-25,298.827020019087
1987-02-26,298.1994832770469
1987-02-27,299.3624612618274
1987-03-02,298.7637363393037
1987-03-03,299.4508929328841
1987-03-04,303.25391927313166
1987-03-05,305.1340935726251
1987-03-06,305.1340935726251
1987-03-09,303.15072196440303
1987-03-10,305.6062428123147
1987-03-11,305.4228790666273
1987-03-12,306.3696899917339
1987-03-13,305.2667591077636
1987-03-16,303.4962119049386
1987-03-17,307.1078168266074
1987-03-18,307.35350308006866
1987-03-19,308.736593843929
1987-03-20,312.0709490574434
1987-03-23,314.16182441612824
1987-03-24,314.60165097031086
1987-03-25,313.87806717307916
1987-03-26,314.474435500708
1987-03-27,310.3862678391988
1987-03-30,303.40257681281685
1987-03-31,305.55673510818787
1987-04-01,305.8928475168069
1987-04-02,307.1775974763775
1987-04-03,313.13684286741926
1987-04-06,314.48333129174915
1987-04-07,310.11201298679384
1987-04-08,310.3911137984819
1987-04-09,306.3249902077218
1987-04-10,305.5591777322025
1987-04-13,299.3257705064656
1987-04-14,291.96235655200655
1987-04-15,296.66295049249385
1987-04-16,299.5109148172218
1987-04-20,298.64233316425185
1987-04-21,303.92830246125914
1987-04-22,299.6125205663093
1987-04-23,299.0432567772333
1987-04-24,294.2286603431198
1987-04-27,293.6990487545022
1987-04-28,295.0500643787729
1987-04-29,297.05640481654854
1987-04-30,300.4428478314572
1987-05-01,300.11236069884256
1987-05-04,301.13274272521863
1987-05-05,306.52301882000006
1987-05-06,306.67628032941
1987-05-07,306.24693353694886
1987-05-08,305.328192736338
1987-05-11,304.01528150757173
1987-05-12,304.83612276764217
1987-05-13,305.506762237731
1987-05-14,305.6595156188498
1987-05-15,299.7297210158441
1987-05-18,297.8414237734443
1987-05-19,291.7952428708434
1987-05-20,290.24872808362795
1987-05-21,292.25144430740494
1987-05-22,293.5373506623575
1987-05-26,299.99517237692936
1987-05-27,300.29516754930626
1987-05-28,302.06690903784715
1987-05-29,302.0064956560396
1987-06-01,301.94609435690836
1987-06-02,300.617531541738
1987-06-03,304.73599172385985
1987-06-04,306.32061888082393
1987-06-05,305.43228908606955
1987-06-08,308.1811796878441
1987-06-09,308.85917828315735
1987-06-10,309.3224670505821
1987-06-11,310.4360279319642
1987-06-12,313.1678649777655
1987-06-15,314.51448679716987
1987-06-16,316.02415633379627
1987-06-17,316.30857807449667
1987-06-18,316.97282608845313
1987-06-19,317.9237445667185
1987-06-22,319.99024890640214
1987-06-23,319.03027815968295
1987-06-24,317.6903509914123
1987-06-25,319.5329550271625
1987-06-26,318.127010025043
1987-06-29,318.3496989320605
1987-06-30,315.10253200295347
1987-07-01,314.409306432547
1987-07-02,316.4529669243585
1987-07-06,315.85170628720226
1987-07-07,317.7784016955542
1987-07-08,318.6046255399626
1987-07-09,318.25416045186864
1987-07-10,318.95431960486275
1987-07-13,318.443992693495
1987-07-14,321.4055218255445
1987-07-15,321.2769596168143
1987-07-16,323.1403659825918
1987-07-17,324.6914397393082
1987-07-20,322.0614390774198
1987-07-21,319.5493598526159
1987-07-22,319.2937203647338
1987-07-23,318.46355669178547
1987-07-24,319.7055645628834
1987-07-27,321.01635737759125
1987-07-28,322.5893375287414
1987-07-29,325.52490050025295
1987-07-30,327.93378476395486
1987-07-31,328.65523909043554
1987-08-03,327.47208022970995
1987-08-04,326.5551584050668
1987-08-05,328.9390110614238
1987-08-06,332.59023408420563
1987-08-07,333.95385404395086
1987-08-10,338.4288356881398
1987-08-11,343.06531073706736
1987-08-12,342.3791801155932
1987-08-13,344.53616895032144
1987-08-14,344.2949936320562
1987-08-17,344.7081476244147
1987-08-18,339.9511751871978
1987-08-19,340.4271068324599
1987-08-20,345.2271290387976
1987-08-21,346.3318558517218
1987-08-24,344.35776427336697
1987-08-25,347.2159337168359
1987-08-26,345.6534620151101
1987-08-27,342.88823431898925
1987-08-28,339.15075256491224
1987-08-31,341.62655305863615
1987-09-01,336.29717883092144
1987-09-02,334.1112471685205
1987-09-03,332.67456880569586
1987-09-04,329.71376514332513
1987-09-08,325.62531445554794
1987-09-09,326.3742526787957
1987-09-10,329.47480807924427
1987-09-11,333.955665469122
1987-09-14,334.72376349970096
1987-09-15,330.3054098215049
1987-09-16,327.82811924784363
1987-09-17,327.79533643591884
1987-09-18,327.5331001667701
1987-09-21,323.4061831046688
1987-09-22,330.4887785146611
1987-09-23,332.47171118574903
1987-09-24,331.70702625002184
1987-09-25,332.1382453841469
1987-09-28,334.629282224528
1987-09-29,333.65885730607687
1987-09-30,334.2928091349584
1987-10-01,339.1734841483288
1987-10-02,340.2927566460183
1987-10-05,340.5649908513351
1987-10-06,333.03850455352057
1987-10-07,331.8728697875833
1987-10-08,327.5585224803447
1987-10-09,324.97081015275
1987-10-12,322.66351740066546
1987-10-13,326.92267583035425
1987-10-14,319.0438393428427
1987-10-15,311.92916172549735
1987-10-16,296.80059738181075
1987-10-19,245.1276133776375
1987-10-20,247.03960876198306
1987-10-21,268.2850151155136
1987-10-22,257.74141402147393
1987-10-23,256.2722879615515
1987-10-26,235.05294251833504
1987-10-27,238.79028430437657
1987-10-28,238.40821984948957
1987-10-29,249.7564511143253
1987-10-30,258.8226102897753
1987-11-02,262.1355397014844
1987-11-03,257.28603221700695
1987-11-04,255.7937732301483
1987-11-05,261.2421805999505
1987-11-06,258.34239239529103
1987-11-09,251.98716954236687
1987-11-10,247.65299022623816
1987-11-11,250.1790507265458
1987-11-12,256.2333837541282
1987-11-13,254.23476336084602
1987-11-16,254.99746765092854
1987-11-17,251.3000043699901
1987-11-18,253.53657440888298
1987-11-19,248.54190389302798
1987-11-20,249.90888436443964
1987-11-23,250.75857457127876
1987-11-24,254.06858775561966
1987-11-25,252.5695830878615
1987-11-27,249.58926200742474
1987-11-30,239.68056830573
1987-12-01,240.9508753177504
1987-12-02,241.93877390655317
1987-12-03,234.58383517979397
1987-12-04,232.23799682799603
1987-12-07,236.09314757534074
1987-12-08,241.52328996957354
1987-12-09,245.5567289120654
1987-12-10,241.50504288501634
1987-12-11,242.88162162946094
1987-12-14,249.51228989994524
1987-12-15,250.585192746515
1987-12-16,255.69713067854389
1987-12-17,252.14294056211213
1987-12-18,257.7657281366472
1987-12-21,258.71946133075284
1987-12-22,258.64184549235364
1987-12-23,261.7972760073603
1987-12-24,261.43075982095
1987-12-28,255.3132800411398
1987-12-29,254.47074621700403
1987-12-30,257.5752893208515
1987-12-31,257.137411329006
1988-01-04,265.7515146085277
1988-01-05,269.0202582382126
1988-01-06,269.77351496127955
1988-01-07,271.79681632348917
1988-01-08,256.44029620121205
1988-01-11,258.7739028966431
1988-01-12,256.54844733173195
1988-01-13,257.0615442263954
1988-01-14,257.2928996161992
1988-01-15,263.262094887295
1988-01-18,263.3673997252499
1988-01-19,261.5501646671457
1988-01-20,255.24680569866746
1988-01-21,255.70624994892506
1988-01-22,258.80029557330704
1988-01-25,263.84690133698655
1988-01-26,261.89443426709283
1988-01-27,261.789676493386
1988-01-28,265.2191212554494
1988-01-29,268.53436027114253
1988-02-01,267.7824640623833
1988-02-02,268.34480723691433
1988-02-03,265.41984883803195
1988-02-04,265.47293280779957
1988-02-05,264.96853423546474
1988-02-08,263.2197419095107
1988-02-09,265.4571097157415
1988-02-10,270.07606342479545
1988-02-11,269.77897975502816
1988-02-12,271.3167199396318
1988-02-16,273.378727011173
1988-02-17,272.96865892065625
1988-02-18,272.0678623462181
1988-02-19,275.1966427631996
1988-02-22,278.8017187833975
1988-02-23,278.69019809588417
1988-02-24,278.7738051553129
1988-02-25,276.76663375819464
1988-02-26,277.4308736792143
1988-02-29,282.4523724928081
1988-03-01,282.08518440856744
1988-03-02,283.3263592199651
1988-03-03,283.55302030734106
1988-03-04,283.21275668297227
1988-03-07,283.6375758179967
1988-03-08,285.65140260630454
1988-03-09,285.87992372838954
1988-03-10,281.19149297924395
1988-03-11,281.7257568159045
1988-03-14,282.9653501458945
1988-03-15,282.8804605408507
1988-03-16,285.22836836333977
1988-03-17,287.73837800493715
1988-03-18,287.73837800493715
1988-03-21,285.5515663320996
1988-03-22,285.78000758516527
1988-03-23,286.23725559730156
1988-03-24,281.1422324476696
1988-03-25,277.00944163068885
1988-03-28,275.95680575249224
1988-03-29,277.9988861150607
1988-03-30,276.30309290975885
1988-03-31,277.325414353525
1988-04-04,274.8017530829079
1988-04-05,276.72536535448825
1988-04-06,282.86866846535787
1988-04-07,283.7172744707539
1988-04-08,286.86653621737935
1988-04-11,287.72713582603143
1988-04-12,289.0794533644138
1988-04-13,289.05054541907737
1988-04-14,278.2400550204039
1988-04-15,277.8226949378733
1988-04-18,277.4893077039478
1988-04-19,276.7678355039175
1988-04-20,274.9134910060413
1988-04-21,274.85850830784005
1988-04-22,277.9094377500571
1988-04-25,279.93817664563255
1988-04-26,281.67379334083546
1988-04-27,281.7582954788377
1988-04-28,280.71578978556596
1988-04-29,280.0420718900806
1988-05-02,280.18209292602563
1988-05-03,281.66705801853357
1988-05-04,279.6108884949983
1988-05-05,278.1569118748243
1988-05-06,277.1555469920749
1988-05-09,276.0192092494074
1988-05-10,276.73685919345587
1988-05-11,272.47511156187664
1988-05-12,273.21079436309367
1988-05-13,275.80629690954305
1988-05-16,277.48871532069126
1988-05-17,274.99131688280505
1988-05-18,270.9489445246278
1988-05-19,271.68050667484425
1988-05-20,272.06085938418903
1988-05-23,270.0748151106845
1988-05-24,272.4514734836585
1988-05-25,273.0508667253225
1988-05-26,274.00654475886114
1988-05-27,273.07492250668105
1988-05-31,280.5025603988628
1988-06-01,285.21500341356364
1988-06-02,284.13118640059207
1988-06-03,285.4381898580348
1988-06-06,286.26596060862306
1988-06-07,284.8632574016408
1988-06-08,290.5035498981933
1988-06-09,290.03874421835616
1988-06-10,290.9668681998549
1988-06-13,291.2578350680547
1988-06-14,293.85002980016037
1988-06-15,294.17326483294056
1988-06-16,290.37842971659563
1988-06-17,290.8430352041422
1988-06-20,289.4179043316419
1988-06-21,291.82007293759455
1988-06-22,295.52618786390195
1988-06-23,295.1715564384653
1988-06-24,294.6107304812322
1988-06-27,290.72186883887997
1988-06-28,293.48372659284934
1988-06-29,292.5152302950929
1988-06-30,295.0893643216897
1988-07-01,294.0270426101316
1988-07-05,297.3201454873651
1988-07-06,294.10908791610154
1988-07-07,294.0208551897267
1988-07-08,292.609555084816
1988-07-11,293.0192084619348
1988-07-12,290.8215643984703
1988-07-13,291.78127556098525
1988-07-14,292.68579751522435
1988-07-15,294.06142076354587
1988-07-18,292.914581222568
1988-07-19,290.7763047796433
1988-07-20,292.0557205206737
1988-07-21,289.0767521713628
1988-07-22,286.157076974432
1988-07-25,287.0441639130528
1988-07-26,287.5034345753137
1988-07-27,285.14590641179615
1988-07-28,288.02588006655526
1988-07-29,293.15274073174
1988-08-01,293.76836148727665
1988-08-02,293.8271151595741
1988-08-03,294.7967446396007
1988-08-04,294.2661104992494
1988-08-05,293.41273877880155
1988-08-08,292.53250056246515
1988-08-09,289.3438963063343
1988-08-10,284.627590796541
1988-08-11,285.3106970144527
1988-08-12,285.1109795265426
1988-08-15,281.5470922824608
1988-08-16,283.2926842546121
1988-08-17,283.6609647441431
1988-08-18,284.1148222877337
1988-08-19,283.7170615365309
1988-08-22,280.6245455657827
1988-08-23,280.6245455657827
1988-08-24,284.21653974902466
1988-08-25,282.5112405105305
1988-08-26,283.01976074344947
1988-08-29,285.6235425422892
1988-08-30,285.9948531475942
1988-08-31,285.4514629266138
1988-09-01,282.397132273299
1988-09-02,287.790917499719
1988-09-06,288.9420811697179
1988-09-07,289.3754942914725
1988-09-08,289.8095575329097
1988-09-09,290.9687957630413
1988-09-12,290.7651176060072
1988-09-13,291.5211069117828
1988-09-14,293.2410814425623
1988-09-15,292.3027099819461
1988-09-16,294.40728949381617
1988-09-19,293.11189742004336
1988-09-20,293.99123311230346
1988-09-21,294.5792155785281
1988-09-22,293.6365620886768
1988-09-23,294.2825625252719
1988-09-26,293.37028658144357
1988-09-27,292.78354600828067
1988-09-28,293.6618966463055
1988-09-29,296.9215436990795
1988-09-30,296.77308292723
1988-10-03,295.91244098674105
1988-10-04,295.43898108116224
1988-10-05,296.6207370054869
1988-10-06,297.15465433209675
1988-10-07,301.9388442668435
1988-10-10,302.2407831111103
1988-10-11,301.9385423279992
1988-10-12,298.2548921115976
1988-10-13,299.2391332555659
1988-10-14,299.62814412879817
1988-10-17,300.3172888602944
1988-10-18,302.80992235783486
1988-10-19,300.81137687027314
1988-10-20,305.89508913938073
1988-10-21,306.47628980874555
1988-10-24,305.58750856830017
1988-10-25,305.5263910665865
1988-10-26,304.5792592542801
1988-10-27,300.61972888397446
1988-10-28,301.7019599079568
1988-10-31,302.06400225984635
1988-11-01,302.3056534616542
1988-11-02,302.275422896308
1988-11-03,302.607925861494
1988-11-04,300.3686272101189
1988-11-07,297.75542015339084
1988-11-08,298.97621737601975
1988-11-09,297.45143866740204
1988-11-10,297.7786352499362
1988-11-11,292.44839767896235
1988-11-14,291.9512354029081
1988-11-15,292.50594275017363
1988-11-16,288.03060182609596
1988-11-17,288.4338446686525
1988-11-18,290.19329112113127
1988-11-21,289.64192386800113
1988-11-22,290.5108496396051
1988-11-23,292.3991701622625
1988-11-25,290.7909747263701
1988-11-28,291.92505952780294
1988-11-29,294.3480375218837
1988-11-30,297.11490907458943
1988-12-01,296.6395252200701
1988-12-02,296.13523802719595
1988-12-05,298.770841645638
1988-12-06,301.370147967955
1988-12-07,301.85234020470375
1988-12-08,300.4940046737826
1988-12-09,300.9447456807933
1988-12-12,300.4933285622721
1988-12-13,300.07263790228495
1988-12-14,299.1724199885781
1988-12-15,298.3646544546089
1988-12-16,300.24435177767293
1988-12-19,302.4061111104722
1988-12-20,301.55937399936283
1988-12-21,301.3482824375633
1988-12-22,301.137338639857
1988-12-23,302.3418879944164
1988-12-27,301.5255648968315
1988-12-28,301.9477006876871
1988-12-29,304.0613345925008
1988-12-30,303.45321192331585
1989-01-03,301.0559315491216
1989-01-04,305.05997543872496
1989-01-05,305.82262537732174
1989-01-06,306.8012577785292
1989-01-09,307.261459665197
1989-01-10,306.70838903779963
1989-01-11,308.1192476273735
1989-01-12,309.32091269312025
1989-01-13,309.84675824469855
1989-01-16,310.3115283820656
1989-01-17,309.7529676309779
1989-01-18,312.5717196364198
1989-01-19,313.1030915598017
1989-01-20,313.0091606323338
1989-01-23,311.1937075006663
1989-01-24,314.5234801709234
1989-01-25,315.435598263419
1989-01-26,318.0537137290054
1989-01-27,320.1528682396168
1989-01-30,321.3054185652794
1989-01-31,323.87586191380166
1989-02-01,323.94063708618444
1989-02-02,324.0378192773103
1989-02-03,324.45906844237084
1989-02-06,324.00482574655155
1989-02-07,327.4716773820396
1989-02-08,326.8494811950137
1989-02-09,324.6595896710071
1989-02-10,320.6338107590866
1989-02-13,320.8582544266179
1989-02-14,320.63365364851927
1989-02-15,323.10253278161287
1989-02-16,323.9102891135669
1989-02-17,325.7889687904256
1989-02-21,325.13739085284476
1989-02-22,320.4554124245638
1989-02-23,321.384733120595
1989-02-24,317.07817769677905
1989-02-27,317.3952558744758
1989-02-28,318.47439974444904
1989-03-01,317.39158678531794
1989-03-02,320.1528935903502
1989-03-03,321.4014898753525
1989-03-06,324.67978507208113
1989-03-07,324.22523337298026
1989-03-08,324.5494586063532
1989-03-09,324.32227398532876
1989-03-10,323.60876498256107
1989-03-13,325.67986107844945
1989-03-14,325.5495891340181
1989-03-15,326.916897408381
1989-03-16,329.6303076568705
1989-03-17,322.87288634990466
1989-03-20,319.83788121821556
1989-03-21,321.37310304806294
1989-03-22,320.5696702904428
1989-03-23,319.4156194773972
1989-03-27,320.661340393359
1989-03-28,321.8798534868538
1989-03-29,322.7489290912683
1989-03-30,323.0394031274504
1989-03-31,325.59141441215723
1989-04-03,327.15425320133556
1989-04-04,326.4345138442926
1989-04-05,327.41381738582544
1989-04-06,326.66076560583804
1989-04-07,328.5880641229125
1989-04-10,328.6537817357371
1989-04-11,330.06699299720077
1989-04-12,330.7931403817946
1989-04-13,328.4114297710457
1989-04-14,332.8449840729548
1989-04-17,333.1778290570277
1989-04-18,337.0426918740892
1989-04-19,338.32345410321074
1989-04-20,337.71447188582493
1989-04-21,340.24733042496865
1989-04-24,339.8050088954162
1989-04-25,338.37782785805547
1989-04-26,338.81771903427097
1989-04-27,341.3249701551246
1989-04-28,341.59803013124866
1989-05-01,341.2564321011174
1989-05-02,340.6762961665455
1989-05-03,340.8466343146288
1989-05-04,340.77846498776586
1989-05-05,340.9488542202597
1989-05-08,339.4145843762686
1989-05-09,338.9054624997042
1989-05-10,339.5493828784536
1989-05-11,340.7038507802404
1989-05-12,347.04094240475285
1989-05-15,349.47022900158606
1989-05-16,348.98097068098383
1989-05-17,351.2842450874783
1989-05-18,352.05707042667075
1989-05-19,354.94393840416944
1989-05-22,355.9732758255415
1989-05-23,352.84071099827673
1989-05-24,353.68752870467256
1989-05-25,354.1119537391182
1989-05-26,356.590737415292
1989-05-30,354.5581702120248
1989-05-31,356.11822616095765
1989-06-01,357.72075817868193
1989-06-02,361.29796576046874
1989-06-05,358.26306284808084
1989-06-06,359.9468992434668
1989-06-07,362.9704531971119
1989-06-08,363.07934433307105
1989-06-09,363.11565226750434
1989-06-12,362.78884818046356
1989-06-13,360.46699955210863
1989-06-14,360.21467265242217
1989-06-15,356.5044615241022
1989-06-16,357.50267401636967
1989-06-19,357.8959269577877
1989-06-20,357.2875038819595
1989-06-21,356.64438637497193
1989-06-22,358.1422927977468
1989-06-23,363.29954181403434
1989-06-26,362.3549630053178
1989-06-27,364.27544430924604
1989-06-28,361.8347988323741
1989-06-29,355.32177245339136
1989-06-30,353.5451635911244
1989-07-03,354.81792618005244
1989-07-05,356.02430712906465
1989-07-06,357.37719949615513
1989-07-07,360.73654517141904
1989-07-10,362.7205961698619
1989-07-11,364.5704712103282
1989-07-12,365.77355376532233
1989-07-13,366.10274996371106
1989-07-14,367.5671609635659
1989-07-17,368.37580871768574
1989-07-18,367.3443564532762
1989-07-19,371.4586132455529
1989-07-20,369.41559087270235
1989-07-21,371.0779610316295
1989-07-24,368.99992444985236
1989-07-25,369.18442441207725
1989-07-26,372.9870239835216
1989-07-27,376.9033877353486
1989-07-28,377.3933621394046
1989-07-31,381.05407775215684
1989-08-01,379.2631235867217
1989-08-02,380.0595761462538
1989-08-03,381.047731044234
1989-08-04,380.32374035525
1989-08-07,385.2679489798682
1989-08-08,385.69174372374613
1989-08-09,383.99470005136163
1989-08-10,385.45387991155684
1989-08-11,382.48588503623785
1989-08-14,380.6882013765675
1989-08-15,382.0586789015232
1989-08-16,382.89920799510656
1989-08-17,381.98024989591835
1989-08-18,383.2789827455645
1989-08-21,378.48799546124496
1989-08-22,378.63939065942947
1989-08-23,382.0471451753643
1989-08-24,388.580151357863
1989-08-25,388.03613914596195
1989-08-28,389.31665840514364
1989-08-29,387.4868701106395
1989-08-30,388.5330846599382
1989-08-31,389.1547375953941
1989-09-01,391.56749696848556
1989-09-05,390.82351872424545
1989-09-06,387.65784822257905
1989-09-07,387.0763614502452
1989-09-08,387.54085308398555
1989-09-11,386.53324686596716
1989-09-12,387.92476655468465
1989-09-13,385.05412328218
1989-09-14,382.32023900687653
1989-09-15,383.16134353269166
1989-09-18,384.57904050376266
1989-09-19,384.925161640216
1989-09-20,384.69420654323187
1989-09-21,384.3864511779973
1989-09-22,385.50117188641343
1989-09-25,382.8797639175858
1989-09-26,383.45408356346223
1989-09-27,383.9909192804511
1989-09-28,387.5236357378313
1989-09-29,388.64745428147097
1989-10-02,390.512962062022
1989-10-03,394.33998909022984
1989-10-04,396.54829302913515
1989-10-05,396.90518649286133
1989-10-06,398.88971242532557
1989-10-09,399.80715876390383
1989-10-10,399.1274865940052
1989-10-11,396.8923726690787
1989-10-12,395.3841816529362
1989-10-13,373.6380516620247
1989-10-16,379.8778071247805
1989-10-17,378.35829589628133
1989-10-18,379.4176991247909
1989-10-19,385.2607316913127
1989-10-20,385.18367954497444
1989-10-23,382.6799856279321
1989-10-24,380.6517817041041
1989-10-25,379.7762826061847
1989-10-26,375.56076586925604
1989-10-27,371.9553825169112
1989-10-30,371.80660036390447
1989-10-31,376.90035078888997
1989-11-01,378.10643191141446
1989-11-02,375.7621720335637
1989-11-03,375.1233763411066
1989-11-06,370.13423543576994
1989-11-07,372.058933460036
1989-11-08,375.77952279463636
1989-11-09,374.614606273973
1989-11-10,376.9372168328716
1989-11-13,377.6533975448541
1989-11-14,375.99172259565677
1989-11-15,378.2852721034903
1989-11-16,378.474414739542
1989-11-17,379.6476854252346
1989-11-20,377.3318345441407
1989-11-21,377.14316862686866
1989-11-22,379.2928846880418
1989-11-24,381.45485413076364
1989-11-27,382.9806735472867
1989-11-28,383.40195228818874
1989-11-29,381.36992194106136
1989-11-30,383.20049756637843
1989-12-01,387.3773829898519
1989-12-04,388.50077740052245
1989-12-05,387.14102467962067
1989-12-06,386.05702981051775
1989-12-07,385.2077043449346
1989-12-08,385.93959898318997
1989-12-11,385.5150654243085
1989-12-12,387.9052588299392
1989-12-13,389.030184080546
1989-12-14,387.0461301417352
1989-12-15,385.65276407322494
1989-12-18,379.05810180757277
1989-12-19,377.5418694003425
1989-12-20,378.03267383056294
1989-12-21,380.1496568040141
1989-12-22,383.266883989807
1989-12-26,383.0369238594131
1989-12-27,385.067019555868
1989-12-28,386.9538479516917
1989-12-29,390.0494787353053
1990-01-02,395.7832060727142
1990-01-03,395.6644711108924
1990-01-04,392.97395270733836
1990-01-05,389.75156629513816
1990-01-08,391.03774646391213
1990-01-09,387.2055765485658
1990-01-10,384.37897583976127
1990-01-11,385.3783611769446
1990-01-12,376.5146588698749
1990-01-15,373.050724008272
1990-01-16,376.59470588635065
1990-01-17,373.8455645333803
1990-01-18,374.14464098500696
1990-01-19,375.416732764356
1990-01-22,366.8572312573287
1990-01-23,366.7471740879515
1990-01-24,365.24351067419093
1990-01-25,361.44497816317937
1990-01-26,360.2522097352409
1990-01-29,359.1354278850617
1990-01-30,356.01094966246166
1990-01-31,362.0631358067235
1990-02-01,362.46140525611094
1990-02-02,365.2161119360574
1990-02-05,366.71349799499524
1990-02-06,364.8432591552208
1990-02-07,368.85653500592815
1990-02-08,368.6352210849246
1990-02-09,369.63053618185387
1990-02-12,366.30386135621717
1990-02-13,366.92657792052273
1990-02-14,367.7705090497399
1990-02-15,370.7494501730428
1990-02-16,369.0069277572295
1990-02-20,364.1360363108341
1990-02-21,363.48059144547454
1990-02-22,362.24475743456
1990-02-23,360.3610846959003
1990-02-26,364.072803868268
1990-02-27,366.11161156993035
1990-02-28,368.161836594722
1990-03-01,369.22950592084663
1990-03-02,372.3310337705817
1990-03-05,371.06510825576174
1990-03-06,375.14682444657507
1990-03-07,374.43404548012654
1990-03-08,377.6916216758036
1990-03-09,375.8031635674246
1990-03-12,376.47960926184595
1990-03-13,373.99484384071775
1990-03-14,374.9672304347036
1990-03-15,376.0171386799207
1990-03-16,379.51409806964404
1990-03-19,381.0701058717296
1990-03-20,379.0885413211966
1990-03-21,377.49636944764757
1990-03-22,373.00416265122055
1990-03-23,374.75728221568124
1990-03-26,375.5067967801126
1990-03-27,378.62350319338753
1990-03-28,379.07785139721966
1990-03-29,377.8648022727486
1990-03-30,377.29800506933947
1990-04-02,375.826542849569
1990-04-03,380.6747052523284
1990-04-04,378.3525895502892
1990-04-05,377.8985664428289
1990-04-06,376.91603017007753
1990-04-09,377.8206286424857
1990-04-10,378.5384878369064
1990-04-11,378.68990323204116
1990-04-12,381.4164705353119
1990-04-16,381.8360286529008
1990-04-17,381.64511063857435
1990-04-18,377.6760014879332
1990-04-19,374.9567342772201
1990-04-20,371.6946106890083
1990-04-23,367.4572921271536
1990-04-24,366.53864889683575
1990-04-25,368.2980344115405
1990-04-26,368.9609708734813
1990-04-27,365.0868806793098
1990-04-30,366.83929770657045
1990-05-01,368.49007454625
1990-05-02,370.6273169786183
1990-05-03,371.8874498563456
1990-05-04,374.7881719652251
1990-05-07,376.99942217981993
1990-05-08,378.5074198685392
1990-05-09,379.0373302563552
1990-05-10,380.6292870434319
1990-05-11,388.3941244991179
1990-05-14,391.57895632001066
1990-05-15,391.38316684185065
1990-05-16,391.07006030837715
1990-05-17,391.9304144410556
1990-05-18,392.40073093838487
1990-05-21,396.2070180284872
1990-05-22,396.9201906609385
1990-05-23,397.9124911375908
1990-05-24,397.71353489202204
1990-05-25,394.0545703710154
1990-05-29,399.45311798509834
1990-05-30,399.8525711030834
1990-05-31,400.25242367418645
1990-06-01,402.4938372467619
1990-06-04,407.08226699137504
1990-06-05,406.471643590888
1990-06-06,405.1302871670381
1990-06-07,403.3477139035031
1990-06-08,399.0318933647356
1990-06-11,401.8251166182887
1990-06-12,406.3657404360754
1990-06-13,405.3904626590288
1990-06-14,403.36351034573363
1990-06-15,403.0811558884916
1990-06-18,397.2767872436973
1990-06-19,398.54807296287714
1990-06-20,398.9067662285437
1990-06-21,400.0635958506064
1990-06-22,395.9029344537601
1990-06-25,392.6565303912393
1990-06-26,392.1853425547698
1990-06-27,394.85220288414223
1990-06-28,397.57668308404277
1990-06-29,398.3718364502109
1990-07-02,399.6864635104966
1990-07-03,400.3259618521134
1990-07-05,396.282669637407
1990-07-06,398.8188787230864
1990-07-09,399.8159259198941
1990-07-10,397.2571039940068
1990-07-11,401.5077550067426
1990-07-12,405.7235864343134
1990-07-13,407.5493425732678
1990-07-16,409.1795399435608
1990-07-17,407.46098587579786
1990-07-18,403.83458310150326
1990-07-19,404.44033497615555
1990-07-20,401.04303616235586
1990-07-23,393.58363568973607
1990-07-24,393.70171078044297
1990-07-25,395.19777728140866
1990-07-26,394.3283421713896
1990-07-27,391.76520794727554
1990-07-30,392.94050357111735
1990-07-31,393.33344407468843
1990-08-01,392.66477721976145
1990-08-02,388.03133284856824
1990-08-03,381.0079657240091
1990-08-06,368.4728036516892
1990-08-07,369.2097492589926
1990-08-08,373.4187404005451
1990-08-09,375.8833040871887
1990-08-10,371.5230577597773
1990-08-13,374.2723283871997
1990-08-14,375.17058197532896
1990-08-15,376.2210596048599
1990-08-16,368.1323068233554
1990-08-17,362.5366957596404
1990-08-20,362.2466664030327
1990-08-21,355.1104070748929
1990-08-22,349.6061957652321
1990-08-23,338.3838368811681
1990-08-24,343.4257560506975
1990-08-27,354.518407971135
1990-08-28,354.8729263791061
1990-08-29,357.60544791222526
1990-08-30,352.74201382061904
1990-08-31,356.1988855560611
1990-09-04,356.5907043301728
1990-09-05,357.94574900662747
1990-09-06,354.2589077918592
1990-09-07,357.16383083575244
1990-09-10,355.9137574278273
1990-09-11,355.3442954159428
1990-09-12,356.44586273173223
1990-09-13,352.59624741422954
1990-09-14,350.551189179227
1990-09-17,351.2873466765034
1990-09-18,351.63863402317986
1990-09-19,349.7397853994547
1990-09-20,344.21389679014334
1990-09-21,343.62873316560007
1990-09-24,336.2063525292231
1990-09-25,339.7701398660329
1990-09-26,336.23653041142614
1990-09-27,331.26022976133703
1990-09-28,336.3285112766855
1990-10-01,345.6448110390497
1990-10-02,346.43979410443956
1990-10-03,342.5250244310594
1990-10-04,343.2785794848077
1990-10-05,341.80248159302306
1990-10-08,343.71657548994403
1990-10-09,335.05491778759745
1990-10-10,329.79455557833217
1990-10-11,324.08910976682705
1990-10-12,328.33467710477254
1990-10-15,331.4210230695574
1990-10-16,326.88055505350445
1990-10-17,326.9132431090098
1990-10-18,334.2034084303407
1990-10-19,340.2190697820868
1990-10-22,342.9748442473217
1990-10-23,341.2942675105098
1990-10-24,341.2942675105098
1990-10-25,339.1441136251936
1990-10-26,333.5482357503779
1990-10-29,330.4462371578994
1990-10-30,332.06542371997307
1990-10-31,332.231456431833
1990-11-01,334.95575437457404
1990-11-02,340.24805529369235
1990-11-05,343.6165110410999
1990-11-06,341.2799187660204
1990-11-07,335.9559520332705
1990-11-08,337.5349450078268
1990-11-09,343.7455879959708
1990-11-12,350.4486269618923
1990-11-13,349.3622362183104
1990-11-14,352.331815226166
1990-11-15,349.2312952521757
1990-11-16,349.16144899312525
1990-11-19,351.2913338319833
1990-11-20,347.5676456933643
1990-11-21,347.91521333905763
1990-11-23,347.1497998697117
1990-11-26,348.26067922929485
1990-11-27,350.73333005182286
1990-11-28,350.9788433828591
1990-11-29,349.7153195466808
1990-11-30,355.45065078724633
1990-12-03,357.9743504078358
1990-12-04,360.65915803589456
1990-12-05,365.0231338481289
1990-12-06,364.32958989381746
1990-12-07,363.0180033701997
1990-12-10,363.9255483786252
1990-12-11,361.81478019802915
1990-12-12,365.28820208793024
1990-12-13,364.9959715262599
1990-12-14,362.25850173981297
1990-12-17,360.9543711335496
1990-12-18,365.3219190242656
1990-12-19,365.6872409432898
1990-12-20,366.01635946013874
1990-12-21,367.2242134463572
1990-12-24,365.8654838566057
1990-12-26,366.8533206630185
1990-12-27,364.6522007390404
1990-12-28,364.6886659591143
1990-12-31,366.3662338225262
1991-01-02,362.95902784797676
1991-01-03,358.49463180544666
1991-01-04,357.70594361547467
1991-01-07,351.6249425740116
1991-01-08,350.67555522906173
1991-01-09,347.4142725654315
1991-01-10,350.74944958205964
1991-01-11,351.1703489215581
1991-01-14,347.6937624672347
1991-01-15,348.87592125962334
1991-01-16,352.43445565647147
1991-01-17,364.52295748548846
1991-01-18,367.9859255816006
1991-01-21,367.76513402625164
1991-01-22,365.4482136818863
1991-01-23,367.6774477853458
1991-01-24,373.0823062677904
1991-01-25,374.6492519541151
1991-01-28,375.24869075724166
1991-01-29,375.69898918615036
1991-01-30,381.4847536196171
1991-01-31,385.1851557297274
1991-02-01,385.1851557297274
1991-02-04,391.42515525254896
1991-02-05,395.65254692927647
1991-02-06,402.77429277400347
1991-02-07,401.12291817363007
1991-02-08,403.770329433576
1991-02-11,413.4608173399819
1991-02-12,411.145436762878
1991-02-13,414.9279747810965
1991-02-14,410.0733174761577
1991-02-15,415.1172192811144
1991-02-19,415.7814068319642
1991-02-20,411.498858341595
1991-02-21,411.498858341595
1991-02-22,412.5687553732831
1991-02-25,414.34280102138825
1991-02-26,409.9922016106637
1991-02-27,414.91210802999166
1991-02-28,415.11956408400664
1991-03-01,418.77261624794585
1991-03-04,418.9820025560698
1991-03-05,427.068355205402
1991-03-06,426.5558731791555
1991-03-07,426.64118435379135
1991-03-08,425.7452378666484
1991-03-11,423.3184900108085
1991-03-12,419.7202828457166
1991-03-13,424.42115001358866
1991-03-14,423.869402518571
1991-03-15,423.1488245342894
1991-03-18,422.0909524729537
1991-03-19,416.73039737654716
1991-03-20,418.31397288657803
1991-03-21,417.3100193516503
1991-03-22,418.0194463845481
1991-03-25,420.94558250923984
1991-03-26,428.05956285364596
1991-03-27,428.05956285364596
1991-03-28,427.80272711593375
1991-04-01,424.2519644808715
1991-04-02,432.7370037704889
1991-04-03,433.2130144746365
1991-04-04,434.5992961209554
1991-04-05,430.47060280780636
1991-04-08,433.096473484934
1991-04-09,428.4623412186452
1991-04-10,427.6911090044516
1991-04-11,432.7806332016046
1991-04-12,435.4638731274545
1991-04-15,436.29125448639667
1991-04-16,442.66110680189803
1991-04-17,446.20239565631323
1991-04-18,444.0160039175973
1991-04-19,439.4870406776378
1991-04-22,435.2679650871325
1991-04-23,435.9208670347632
1991-04-24,437.18503754916395
1991-04-25,433.8187127600354
1991-04-26,433.2981303047234
1991-04-29,427.70858442379244
1991-04-30,428.56400159264
1991-05-01,433.83533881222945
1991-05-02,434.4860918204478
1991-05-03,434.96402652145036
1991-05-06,434.26808407901603
1991-05-07,432.00989004180514
1991-05-08,433.0035127889013
1991-05-09,438.11295423981034
1991-05-10,430.88409049485347
1991-05-13,431.7027702667937
1991-05-14,426.43599646953885
1991-05-15,422.0437057059026
1991-05-16,426.0953252806793
1991-05-17,426.05271574815123
1991-05-20,425.9675052050016
1991-05-21,429.20485824455966
1991-05-22,430.3637113618199
1991-05-23,429.84727490818574
1991-05-24,432.64128219508893
1991-05-28,437.22727978635686
1991-05-29,438.40779344178
1991-05-30,442.9233937142303
1991-05-31,446.0681498096014
1991-06-03,444.86376580511546
1991-06-04,444.7303066753739
1991-06-05,442.3287630193269
1991-06-06,440.7363794724573
1991-06-07,436.63753114336345
1991-06-10,435.5896010686194
1991-06-11,437.593313233535
1991-06-12,432.82354611928946
1991-06-13,433.8190402753638
1991-06-14,438.5042859103377
1991-06-17,436.7941191952874
1991-06-18,435.1343015423453
1991-06-19,431.0005256776931
1991-06-20,431.1298258353964
1991-06-21,433.06991005165565
1991-06-24,425.7077215807775
1991-06-25,424.85630613761595
1991-06-26,425.4086193355949
1991-06-27,428.4715613948112
1991-06-28,425.7721905580239
1991-07-01,432.7548544831755
1991-07-02,432.32209962869234
1991-07-03,428.1718074722569
1991-07-05,428.9853339064542
1991-07-08,432.58881071126837
1991-07-09,432.11296301948596
1991-07-10,432.2425969083918
1991-07-11,433.6257732184987
1991-07-12,436.96469167228116
1991-07-15,439.6738727606493
1991-07-16,438.8384924024041
1991-07-17,438.7068408546834
1991-07-18,442.7429437905465
1991-07-19,441.76890931420735
1991-07-22,440.2227181316076
1991-07-23,436.3047359402363
1991-07-24,435.08308267960365
1991-07-25,437.5630562508774
1991-07-26,437.91310669587807
1991-07-29,440.0588809186878
1991-07-30,443.9313990707722
1991-07-31,445.7515178069624
1991-08-01,445.30576628915543
1991-08-02,445.79560263207355
1991-08-05,443.52204505865
1991-08-06,449.02171841737726
1991-08-07,449.5156423076364
1991-08-08,448.88632040840577
1991-08-09,447.0458864947313
1991-08-12,448.02938744501967
1991-08-13,450.0007167497777
1991-08-14,451.0357183983022
1991-08-15,450.4042683925446
1991-08-16,446.6659129648865
1991-08-19,436.1245974189152
1991-08-20,439.35191943981516
1991-08-21,451.56590280024204
1991-08-22,452.55934778640255
1991-08-23,455.45572761223553
1991-08-26,455.2735453211907
1991-08-27,454.7727444213374
1991-08-28,458.729267297803
1991-08-29,458.729267297803
1991-08-30,458.13291925031587
1991-09-03,454.5594824801634
1991-09-04,452.05940532652255
1991-09-05,450.9292568132063
1991-09-06,450.88416388752495
1991-09-09,450.3881913072487
1991-09-10,445.7942317559148
1991-09-11,446.6858202194266
1991-09-12,449.67861521489675
1991-09-13,445.6315076779627
1991-09-16,447.59228631174574
1991-09-17,447.45800862585224
1991-09-18,449.2030948594931
1991-09-19,450.7303853820154
1991-09-20,451.81213830693224
1991-09-23,449.77898368455106
1991-09-24,451.8479670095
1991-09-25,451.17019505898577
1991-09-26,451.1250780394799
1991-09-27,450.2679403912049
1991-09-30,452.7894408573957
1991-10-01,454.10253023588206
1991-10-02,452.8764534042452
1991-10-03,448.70999003292616
1991-10-04,446.0177300927286
1991-10-07,443.43082725819073
1991-10-08,444.6724335745136
1991-10-09,440.8037834024153
1991-10-10,444.1098117779335
1991-10-11,445.2644972885561
1991-10-14,450.78577705493416
1991-10-15,456.42059926812084
1991-10-16,459.4329752232904
1991-10-17,458.1925061901875
1991-10-18,459.10889120256786
1991-10-21,456.44605963359294
1991-10-22,454.57463078909524
1991-10-23,454.4382583998585
1991-10-24,450.8481961584996
1991-10-25,449.5858212092558
1991-10-28,454.98085106376686
1991-10-29,457.6652380850431
1991-10-30,460.13663037070233
1991-10-31,460.64278066411015
1991-11-01,459.3069166001842
1991-11-04,457.8371344670636
1991-11-05,456.7383253443427
1991-11-06,458.06286648784123
1991-11-07,462.368657432827
1991-11-08,462.5073680300568
1991-11-11,463.2936305557079
1991-11-12,467.4169438676537
1991-11-13,468.07132758906846
1991-11-14,467.6968705269972
1991-11-15,451.1871709973942
1991-11-18,453.5333442865807
1991-11-19,446.41287078128136
1991-11-20,445.92181662342193
1991-11-21,447.9284647982273
1991-11-22,443.7627300756038
1991-11-25,442.38706561236944
1991-11-26,444.6874783535538
1991-11-27,443.79810339684667
1991-11-29,443.0880264314117
1991-12-02,449.2912588014515
1991-12-03,449.69562093437276
1991-12-04,449.24592531343836
1991-12-05,446.86492190927714
1991-12-06,448.60769510472335
1991-12-09,447.6656189450034
1991-12-10,447.2179533260584
1991-12-11,446.4576828054041
1991-12-12,450.6543850237749
1991-12-13,453.9892274729509
1991-12-16,454.80640808240224
1991-12-17,452.6688179644149
1991-12-18,453.2120205459723
1991-12-19,451.48981486789756
1991-12-20,456.0950109795501
1991-12-23,466.58519623207974
1991-12-24,470.4111948411828
1991-12-26,477.2321571663799
1991-12-27,480.0955501093782
1991-12-30,489.98551844163137
1991-12-31,493.12142575965777
1992-01-02,492.72692861905006
1992-01-03,495.53547211217864
1992-01-06,495.5850256593898
1992-01-07,495.93193517735136
1992-01-08,497.9156629180608
1992-01-09,499.1604520753559
1992-01-10,496.11557331769626
1992-01-13,495.52023462971505
1992-01-14,502.16020577375326
1992-01-15,503.8173344528067
1992-01-16,500.79443044608985
1992-01-17,501.2451454334913
1992-01-20,498.037176502717
1992-01-21,492.4093564082363
1992-01-22,499.3523283335924
1992-01-23,497.2550485545913
1992-01-24,498.0506566322787
1992-01-27,497.4031907786567
1992-01-28,497.50267141681246
1992-01-29,492.52764470264435
1992-01-30,494.74401910380624
1992-01-31,492.2702990082872
1992-02-03,493.55020178570874
1992-02-04,498.58441384392296
1992-02-05,499.83087487853277
1992-02-06,500.080790315972
1992-02-07,497.18032173213936
1992-02-10,499.5170692442804
1992-02-11,499.66692436505366
1992-02-12,504.1639266843391
1992-02-13,500.02978248552756
1992-02-14,498.9297169640594
1992-02-18,492.9924533321871
1992-02-19,492.9924533321871
1992-02-20,499.3520559801723
1992-02-21,496.8053604946734
1992-02-24,496.6066383504755
1992-02-25,494.4712298055685
1992-02-26,500.4048845632353
1992-02-27,499.80439870175945
1992-02-28,498.5049072651349
1992-03-02,499.0532626631266
1992-03-03,499.30278929445814
1992-03-04,495.70780921153806
1992-03-05,491.4447220523188
1992-03-06,488.79092055323633
1992-03-09,489.62186511817686
1992-03-10,492.4127097493505
1992-03-11,488.9165795101301
1992-03-12,488.3787712726689
1992-03-13,490.6253136205232
1992-03-16,490.91968880869547
1992-03-17,494.6506784436416
1992-03-18,494.6506784436416
1992-03-19,495.59051473268454
1992-03-20,496.58169576214993
1992-03-23,495.24092518359214
1992-03-24,493.9532987781148
1992-03-25,493.31115948970324
1992-03-26,492.8671794461625
1992-03-27,487.59350062608854
1992-03-30,486.667072974899
1992-03-31,487.3484068770639
1992-04-01,487.5433462398147
1992-04-02,482.7654214466645
1992-04-03,482.86197453095383
1992-04-06,487.35259089409175
1992-04-07,478.5315089989087
1992-04-08,473.45907500352024
1992-04-09,481.2711497410783
1992-04-10,484.8806833641364
1992-04-13,487.1596225759478
1992-04-14,494.0285732542687
1992-04-15,498.1784132696045
1992-04-16,496.7835137124496
1992-04-20,489.3317610067628
1992-04-21,488.79349606965536
1992-04-22,488.89125476886926
1992-04-23,490.0645937803145
1992-04-24,487.66327727079096
1992-04-27,486.68795071624936
1992-04-28,486.347269150748
1992-04-29,490.28668203086903
1992-04-30,494.6992621691468
1992-05-01,492.5225854156026
1992-05-04,497.5955680453833
1992-05-05,498.44148051106043
1992-05-06,498.69070125131594
1992-05-07,497.7930579890636
1992-05-08,497.6934993774658
1992-05-11,500.2815055742287
1992-05-12,497.83012619691493
1992-05-13,497.6309941464362
1992-05-14,493.6499461932647
1992-05-15,490.78677650534377
1992-05-18,493.28978906552106
1992-05-19,496.8908045256994
1992-05-20,496.6423591234366
1992-05-21,493.56317649687134
1992-05-22,494.94515339106255
1992-05-26,491.5300318326642
1992-05-27,492.611397902696
1992-05-28,496.99563934402994
1992-05-29,497.09503847189876
1992-06-01,499.3816756488695
1992-06-02,496.3354474274114
1992-06-03,497.07995059855256
1992-06-04,495.43958676157735
1992-06-05,495.09277905084423
1992-06-08,494.35013988226797
1992-06-09,490.1481636932687
1992-06-10,486.6681117310465
1992-06-11,487.6901147656817
1992-06-12,488.95810906407246
1992-06-15,488.90921325316606
1992-06-16,486.56244902955086
1992-06-17,479.06938731449577
1992-06-18,477.0572958877749
1992-06-19,480.20587404063417
1992-06-22,478.9573387681285
1992-06-23,480.39421078443286
1992-06-24,479.81773773149155
1992-06-25,479.0500293511211
1992-06-26,479.38536437166687
1992-06-29,485.90500532712156
1992-06-30,486.63386283511227
1992-07-01,491.7921817811644
1992-07-02,490.36598445399903
1992-07-06,492.2784117933696
1992-07-07,487.20794415189795
1992-07-08,488.0361976569562
1992-07-09,492.7701487742287
1992-07-10,493.75568907177717
1992-07-13,494.5950737431992
1992-07-14,497.7110227077813
1992-07-15,497.16354058280274
1992-07-16,497.6109877693272
1992-07-17,495.0234106329267
1992-07-20,492.6968006029519
1992-07-21,493.5836548440372
1992-07-22,490.27664435658215
1992-07-23,491.5023359674736
1992-07-24,491.3057350330866
1992-07-27,491.5513879006031
1992-07-28,498.03986622089116
1992-07-29,503.3190888028326
1992-07-30,505.2317013402834
1992-07-31,506.0905952325619
1992-08-03,507.3558217206433
1992-08-04,506.84846589892265
1992-08-05,504.2635387228382
1992-08-06,502.54904269118055
1992-08-07,501.34292498872173
1992-08-10,501.44319357371944
1992-08-11,500.79131742207363
1992-08-12,499.2889434698074
1992-08-13,499.5385879415423
1992-08-14,502.0362808812499
1992-08-17,503.0403534430124
1992-08-18,503.54339379645535
1992-08-19,500.2703617367784
1992-08-20,500.0702535920837
1992-08-21,496.3197266901431
1992-08-24,490.6616818058755
1992-08-25,490.95607881495897
1992-08-26,493.41085920903373
1992-08-27,494.5457041852145
1992-08-28,495.732613875259
1992-08-31,495.1377347386087
1992-09-01,497.41536831840625
1992-09-02,500.05166977049385
1992-09-03,500.6517317742185
1992-09-04,499.65042831067007
1992-09-08,496.7524558264682
1992-09-09,498.83881614093934
1992-09-10,503.0290621965232
1992-09-11,503.28057672762145
1992-09-14,510.32650480180814
1992-09-15,504.66188059850805
1992-09-16,504.3086172820891
1992-09-17,504.4094790055455
1992-09-18,507.08284924427494
1992-09-21,506.57576639503066
1992-09-22,501.35803600116185
1992-09-23,501.2577643939616
1992-09-24,503.16254389865867
1992-09-25,498.03028595089233
1992-09-28,499.62398286593526
1992-09-29,500.1735692470878
1992-09-30,502.12424616715145
1992-10-01,499.9651119086327
1992-10-02,493.61555498739307
1992-10-05,489.61726899199516
1992-10-06,490.4496183492816
1992-10-07,487.8011904101955
1992-10-08,491.8011601715591
1992-10-09,486.6372479897578
1992-10-12,491.26030184566054
1992-10-13,493.66747732470424
1992-10-14,493.81557756790164
1992-10-15,494.30939314546947
1992-10-16,496.5832163539386
1992-10-19,501.20144026603026
1992-10-20,502.0534827144825
1992-10-21,502.95717898336864
1992-10-22,502.15244749699525
1992-10-23,501.54986455999887
1992-10-26,505.7127284358468
1992-10-27,505.91501352722116
1992-10-28,508.3939970935045
1992-10-29,509.86833968507557
1992-10-30,508.2877478320518
1992-11-02,512.3540498147082
1992-11-03,509.8435149706161
1992-11-04,507.49823480175127
1992-11-05,509.78197685835914
1992-11-06,509.9858896491025
1992-11-09,511.8218388518393
1992-11-10,512.7431181617726
1992-11-11,517.2552576015962
1992-11-12,517.7207873334376
1992-11-13,517.772559412171
1992-11-16,516.115687222052
1992-11-17,514.102836041886
1992-11-18,518.3184792974295
1992-11-19,519.5624436477433
1992-11-20,523.1474245089126
1992-11-23,521.7349264627386
1992-11-24,524.9175095141613
1992-11-25,527.1221630541208
1992-11-27,528.4399684617562
1992-11-30,530.2895083513723
1992-12-01,530.0243635971966
1992-12-02,528.9643148700022
1992-12-03,529.2816934589242
1992-12-04,532.0339582649107
1992-12-07,535.4921789936326
1992-12-08,537.2593031843116
1992-12-09,535.7549771353955
1992-12-10,534.0941367062758
1992-12-11,533.2929955012164
1992-12-14,532.4397267084145
1992-12-15,531.5345791730101
1992-12-16,529.6210546879872
1992-12-17,534.3346820747103
1992-12-18,540.2657970457396
1992-12-21,539.8876109878076
1992-12-22,539.6176671823138
1992-12-23,538.8622024482586
1992-12-24,539.9399268531552
1992-12-28,539.6699568897286
1992-12-29,539.4540889069727
1992-12-30,540.5869424936774
1992-12-31,539.6679446914382
1993-01-04,538.102907651833
1993-01-05,537.1343224180597
1993-01-06,537.9400239016868
1993-01-07,533.851679720034
1993-01-08,531.7696581691258
1993-01-11,534.0030907334361
1993-01-12,534.0564910425095
1993-01-13,536.7801791468263
1993-01-14,540.7523524725128
1993-01-15,542.7531361766611
1993-01-18,542.8616868038964
1993-01-19,541.4502464182062
1993-01-20,540.0424757775189
1993-01-21,542.41866267094
1993-01-22,543.8289511938843
1993-01-25,547.9076683278385
1993-01-26,548.0720406283368
1993-01-27,545.1672588130067
1993-01-28,545.1127420871254
1993-01-29,545.7668773776301
1993-02-01,550.40589583534
1993-02-02,551.231504679093
1993-02-03,556.5233271240123
1993-02-04,559.6398577559069
1993-02-05,557.849010211088
1993-02-08,556.7333121906657
1993-02-09,553.1145456614264
1993-02-10,554.2760862073154
1993-02-11,555.9943420745582
1993-02-12,552.6583760221108
1993-02-16,537.791865707116
1993-02-17,535.5869190577168
1993-02-18,534.7299799872245
1993-02-19,536.9758459031708
1993-02-22,536.1703821343161
1993-02-23,535.902296943249
1993-02-24,543.5656997895375
1993-02-25,545.9030322986324
1993-02-26,547.5407413955282
1993-03-01,546.828938431714
1993-03-02,553.3362027990514
1993-03-03,556.1028838130467
1993-03-04,553.8784722777945
1993-03-05,552.9922667221499
1993-03-08,561.7295445363599
1993-03-09,562.2912740808962
1993-03-10,565.1027304513007
1993-03-11,563.068360621676
1993-03-12,559.0705752612621
1993-03-15,560.8596011020982
1993-03-16,560.6352572616573
1993-03-17,556.5986834093734
1993-03-18,560.2722347198752
1993-03-19,557.5829279932198
1993-03-22,555.2968379884476
1993-03-23,555.0191895694534
1993-03-24,554.1866607850992
1993-03-25,557.9551300784378
1993-03-26,555.8906960971476
1993-03-29,558.3922042295848
1993-03-30,560.6257730465031
1993-03-31,561.5227742833775
1993-04-01,559.5012922959573
1993-04-02,548.3112664500381
1993-04-05,549.0240710964232
1993-04-06,546.7181699978182
1993-04-07,548.4676681418113
1993-04-08,547.3158860387134
1993-04-12,554.3762609686128
1993-04-13,556.2611402559061
1993-04-14,555.9830096857781
1993-04-15,555.1490351712495
1993-04-16,555.1490351712495
1993-04-19,553.150498644633
1993-04-20,550.3294311015453
1993-04-21,549.4489040117828
1993-04-22,545.4379270124969
1993-04-23,542.2743870358244
1993-04-26,536.743188288059
1993-04-27,541.6812256203092
1993-04-28,542.4395793361776
1993-04-29,543.52445849485
1993-04-30,545.6442038829799
1993-05-03,548.7543758451129
1993-05-04,551.9920266625991
1993-05-05,553.7584011479195
1993-05-06,552.0971259444757
1993-05-07,551.3793996807478
1993-05-10,552.5372964200774
1993-05-11,554.4159232279056
1993-05-12,554.4713648202285
1993-05-13,548.1503912612778
1993-05-14,548.0407611830256
1993-05-17,548.9176264009184
1993-05-18,549.301868739399
1993-05-19,557.3766062098681
1993-05-20,561.2225047927161
1993-05-21,556.7327247543744
1993-05-24,558.4029229286375
1993-05-25,559.9106108205448
1993-05-26,565.5657079898323
1993-05-27,564.7173594278476
1993-05-28,562.5149617260789
1993-06-01,566.7900754351972
1993-06-02,567.1301494804583
1993-06-03,565.9958891814973
1993-06-04,562.7697126131627
1993-06-07,558.9428785673932
1993-06-08,554.7508069781378
1993-06-09,556.2486341569787
1993-06-10,555.5811357959903
1993-06-11,557.8034603391743
1993-06-14,558.5843851836491
1993-06-15,557.7465086058737
1993-06-16,558.6946776705037
1993-06-17,559.9796754291458
1993-06-18,554.8838603827405
1993-06-21,556.9924190521949
1993-06-22,556.4911258750479
1993-06-23,554.0982140337852
1993-06-24,557.9214917106183
1993-06-25,559.8742169316055
1993-06-28,565.8648710527737
1993-06-29,564.6765548235628
1993-06-30,565.4671020003159
1993-07-01,564.2796210861152
1993-07-02,561.6275068670104
1993-07-06,557.2468123134478
1993-07-07,558.0269578506866
1993-07-08,563.8304382123337
1993-07-09,564.168736475261
1993-07-12,565.127823327269
1993-07-13,564.8452594156054
1993-07-14,567.330578557034
1993-07-15,566.3093835156313
1993-07-16,562.2885868926703
1993-07-19,561.6138405883992
1993-07-20,563.1863593420467
1993-07-21,562.6794916186388
1993-07-22,559.5284864655745
1993-07-23,562.2142232006092
1993-07-26,565.3064014282127
1993-07-27,564.0061967049278
1993-07-28,563.6677929869048
1993-07-29,566.7679658483329
1993-07-30,564.6709243746941
1993-08-02,566.9860751646304
1993-08-03,566.8726779495975
1993-08-04,566.8726779495975
1993-08-05,566.5325543428277
1993-08-06,567.4390064297762
1993-08-09,570.1059697599961
1993-08-10,569.2508108053562
1993-08-11,570.1616121026448
1993-08-12,568.5081434275471
1993-08-13,569.5314580857167
1993-08-16,572.436068521954
1993-08-17,574.2678639412243
1993-08-18,577.5986175520834
1993-08-19,577.7141372755938
1993-08-20,577.7719086893213
1993-08-23,577.0208052080252
1993-08-24,582.1562903743766
1993-08-25,582.4473685195637
1993-08-26,582.9133264143793
1993-08-27,582.5052870858892
1993-08-30,584.2528029471468
1993-08-31,586.881940560409
1993-09-01,587.1166933366331
1993-09-02,585.9424599499599
1993-09-03,586.3526196719248
1993-09-07,582.0136102863526
1993-09-08,578.2305218194913
1993-09-09,580.4277978024054
1993-09-10,585.5355624230665
1993-09-13,585.6526695355511
1993-09-14,582.3730145861521
1993-09-15,584.4113201372037
1993-09-16,582.9502918368607
1993-09-17,582.4839316033913
1993-09-20,579.1637731932519
1993-09-21,575.6887905540924
1993-09-22,580.5821452738022
1993-09-23,583.3689395711164
1993-09-24,583.8356347227732
1993-09-27,588.5063198005554
1993-09-28,588.9182742244158
1993-09-29,587.8582213308118
1993-09-30,587.3291489316141
1993-10-01,589.3260680379816
1993-10-04,589.6796636788043
1993-10-05,589.384823846965
1993-10-06,589.1490699174262
1993-10-07,587.381622707674
1993-10-08,588.3214333040063
1993-10-11,589.4980761706144
1993-10-12,590.9128715534238
1993-10-13,592.1537885836859
1993-10-14,597.5423880597975
1993-10-15,600.4105915224845
1993-10-18,598.5493186887649
1993-10-19,593.8806340029925
1993-10-20,593.1679772421888
1993-10-21,592.8120764558435
1993-10-22,591.3300462647039
1993-10-25,591.5665782832098
1993-10-26,590.679228415785
1993-10-27,592.214994409666
1993-10-28,595.4129553794783
1993-10-29,596.9610290634648
1993-11-01,598.6922160477488
1993-11-02,598.2132622749107
1993-11-03,590.7355964964743
1993-11-04,582.8197395034215
1993-11-05,585.5589922790875
1993-11-08,587.198557457469
1993-11-09,588.3142347166381
1993-11-10,592.1971086657679
1993-11-11,591.8417904005685
1993-11-12,594.6234468154511
1993-11-15,592.1854906835077
1993-11-16,594.4950140971735
1993-11-17,591.2847410210487
1993-11-18,589.0378590051687
1993-11-19,587.3296492140537
1993-11-22,581.0452219674632
1993-11-23,584.2409706882843
1993-11-24,587.1621755417257
1993-11-26,588.6887971981341
1993-11-29,587.6291573631775
1993-11-30,587.2178169530232
1993-12-01,589.1556357489683
1993-12-02,590.5696092747658
1993-12-03,592.9909446727922
1993-12-06,594.7699175068105
1993-12-07,594.9483484820626
1993-12-08,594.5913794729732
1993-12-09,592.0940956791868
1993-12-10,591.7980486313472
1993-12-13,592.9816447286099
1993-12-14,589.4830530247111
1993-12-15,588.3040869186617
1993-12-16,589.7748471359583
1993-12-17,593.6673611270556
1993-12-20,593.2517939742667
1993-12-21,591.8873148481258
1993-12-22,593.6629767926702
1993-12-23,594.5534712578592
1993-12-27,598.0613367382806
1993-12-28,599.4966839464524
1993-12-29,600.1561302987936
1993-12-30,598.7157555860765
1993-12-31,598.2367829816077
1994-01-03,595.6643648147868
1994-01-04,597.1535257268238
1994-01-05,598.4672634834228
1994-01-06,598.1081831253327
1994-01-07,601.0389132226468
1994-01-10,606.3881595503283
1994-01-11,605.4785773110028
1994-01-12,605.7207687419271
1994-01-13,604.75161551194
1994-01-14,607.6544232663973
1994-01-17,606.196052650558
1994-01-18,606.8628683084737
1994-01-19,606.4380643006577
1994-01-20,607.7722280421192
1994-01-21,607.5291191509024
1994-01-24,604.7344852028082
1994-01-25,603.2226489898012
1994-01-26,605.7561841155583
1994-01-27,610.5416579700712
1994-01-28,613.1669870993426
1994-01-31,616.6620389258088
1994-02-01,614.9970514207091
1994-02-02,617.7030384469602
1994-02-03,616.4676323700663
1994-02-04,602.2272300623177
1994-02-07,604.2748026445297
1994-02-08,604.6373675261163
1994-02-09,607.3582356799839
1994-02-10,603.349671324496
1994-02-11,603.5306762258932
1994-02-14,604.2549130373643
1994-02-15,607.1553366199436
1994-02-16,607.5196298219155
1994-02-17,604.7857914877169
1994-02-18,601.9432982677246
1994-02-22,605.7957353766379
1994-02-23,605.0082009206483
1994-02-24,597.5060992292323
1994-02-25,599.7168717963805
1994-02-28,601.9957959092068
1994-03-01,598.9256173500698
1994-03-02,598.2069066092498
1994-03-03,596.8310307240486
1994-03-04,599.6361365684515
1994-03-07,603.0540625468917
1994-03-08,601.7273436092886
1994-03-09,602.7502800934244
1994-03-10,599.0735033848546
1994-03-11,601.7693341500864
1994-03-14,603.5746421525365
1994-03-15,603.8160720093975
1994-03-16,607.2578236198511
1994-03-17,609.1403228730727
1994-03-18,609.5058070667965
1994-03-21,606.5192286121692
1994-03-22,606.8224882264752
1994-03-23,607.0652172217658
1994-03-24,601.1766846147146
1994-03-25,597.5095068385649
1994-03-28,594.7609631071075
1994-03-29,584.1147418674902
1994-03-30,575.2946092652911
1994-03-31,574.6042557341727
1994-04-04,565.5829689191462
1994-04-05,579.043843579422
1994-04-06,579.2754611168536
1994-04-07,582.8090414296664
1994-04-08,578.1465690982291
1994-04-11,580.1122674331631
1994-04-12,577.0376724157674
1994-04-13,573.5754463812727
1994-04-14,573.8622341044634
1994-04-15,574.0917789981052
1994-04-18,569.4416355882205
1994-04-19,568.01803149925
1994-04-20,565.6891575701031
1994-04-21,574.0613571021406
1994-04-22,573.8317325592998
1994-04-25,579.6274330581487
1994-04-26,579.9752095179836
1994-04-28,576.7853458656347
1994-04-29,579.5539155257896
1994-05-02,582.5096404949712
1994-05-03,582.5096404949712
1994-05-04,581.6941269982783
1994-05-05,581.1706022839799
1994-05-06,575.940066863424
1994-05-09,568.8560040410039
1994-05-10,572.2691400652499
1994-05-11,566.2603140945648
1994-05-12,568.4121032881242
1994-05-13,568.6963093397682
1994-05-16,567.8432648757586
1994-05-17,572.4995796477398
1994-05-18,579.0833248136888
1994-05-19,582.6736414275337
1994-05-20,581.3334920522503
1994-05-23,579.4732248776832
1994-05-24,581.8490650996816
1994-05-25,583.4782424819607
1994-05-26,584.5285033184282
1994-05-27,585.0545789714147
1994-05-31,584.1769971029576
1994-06-01,585.8126926948457
1994-06-02,586.7499930031576
1994-06-03,589.5663929695727
1994-06-06,589.6253496088697
1994-06-07,588.2102487698085
1994-06-08,585.6221236752214
1994-06-09,585.7978103123239
1994-06-10,587.3208846191359
1994-06-13,587.7320092383692
1994-06-14,591.1408548919518
1994-06-15,589.3674323272759
1994-06-16,590.7229774216286
1994-06-17,586.5879165796772
1994-06-20,581.1913077471442
1994-06-21,575.728109454321
1994-06-22,577.8007306483566
1994-06-23,572.7160842186511
1994-06-24,564.6980590395899
1994-06-27,569.7803415709461
1994-06-28,568.469846785333
1994-06-29,570.5731852184387
1994-06-30,567.7203192923464
1994-07-01,570.1615166653035
1994-07-05,569.9904682103039
1994-07-06,569.8194710698408
1994-07-07,572.66856842519
1994-07-08,573.7566387051978
1994-07-11,572.0927444529527
1994-07-12,572.550418648515
1994-07-13,574.7833652812442
1994-07-14,580.4737205975285
1994-07-15,580.9961469460662
1994-07-18,582.1000396252638
1994-07-19,580.586579522238
1994-07-20,577.5094706507701
1994-07-21,578.6644895920717
1994-07-22,579.011688285827
1994-07-25,580.0539093247414
1994-07-26,579.1258230698218
1994-07-27,577.7359210944542
1994-07-28,579.1802608971902
1994-07-29,584.7403914018033
1994-08-01,587.9564635545132
1994-08-02,588.6620113107787
1994-08-03,588.8386099141719
1994-08-04,585.894416864601
1994-08-05,584.1367336140072
1994-08-08,585.421834427958
1994-08-09,586.0657984458287
1994-08-10,589.40637349697
1994-08-11,587.9917982005773
1994-08-12,591.3433514503206
1994-08-15,591.3433514503206
1994-08-16,595.0688145644576
1994-08-17,596.1994453121301
1994-08-18,594.2319871426001
1994-08-19,595.0639119245998
1994-08-22,593.9927968831355
1994-08-23,597.3785558253694
1994-08-24,601.7394192828947
1994-08-25,601.4385495732532
1994-08-26,607.9942297636017
1994-08-29,609.1494188001525
1994-08-30,611.403271649713
1994-08-31,610.9752893595582
1994-09-01,608.1037054995683
1994-09-02,606.2793943830695
1994-09-06,606.582534080261
1994-09-07,606.582534080261
1994-09-08,609.4941302438461
1994-09-09,603.9477336586272
1994-09-12,601.411153177261
1994-09-13,603.3356688674282
1994-09-14,605.025008740257
1994-09-15,612.0432988416441
1994-09-16,608.9830823474358
1994-09-19,608.3132009568536
1994-09-20,599.6751535032663
1994-09-21,596.496875189699
1994-09-22,596.0196776895473
1994-09-23,594.1720166887097
1994-09-26,595.4791951254249
1994-09-27,596.4915097571381
1994-09-28,600.1301079666567
1994-09-29,598.0296525887735
1994-09-30,599.4051207897277
1994-10-03,597.9066079877534
1994-10-04,589.236962171931
1994-10-05,587.1157091081121
1994-10-06,585.882766118985
1994-10-07,589.5152392689228
1994-10-10,594.0545066112935
1994-10-11,601.7772151972403
1994-10-12,601.83739291876
1994-10-13,604.0641912725594
1994-10-14,605.2119132359772
1994-10-17,604.9093072793593
1994-10-18,603.8204705262564
1994-10-19,606.8999549259404
1994-10-20,602.9551052189219
1994-10-21,600.6035803085681
1994-10-24,596.0990534562538
1994-10-25,596.0990534562538
1994-10-26,597.8277407112769
1994-10-27,601.7136210259001
1994-10-28,610.980010789699
1994-10-31,609.9413447713565
1994-11-01,605.3667846855714
1994-11-02,604.0349777592631
1994-11-03,605.6658721992131
1994-11-04,600.1543127622003
1994-11-07,600.0342818996479
1994-11-08,603.1544601655262
1994-11-09,602.7322520434103
1994-11-10,601.2856946385061
1994-11-11,598.8805518599521
1994-11-14,603.0128276677857
1994-11-15,602.4701161228846
1994-11-16,602.7111041693338
1994-11-17,600.0591753109887
1994-11-18,597.5389267746826
1994-11-21,593.1768926092275
1994-11-22,582.3810731637395
1994-11-23,581.6239777686267
1994-11-25,585.3463712263458
1994-11-28,587.5121527998833
1994-11-29,589.0984356124429
1994-11-30,587.9791485847793
1994-12-01,581.9817612692145
1994-12-02,586.2302281264798
1994-12-05,586.8164583546062
1994-12-06,585.9362336670744
1994-12-07,582.8893652520056
1994-12-08,574.6706252019524
1994-12-09,575.7050323273158
1994-12-12,578.0654229598579
1994-12-13,579.4527799749615
1994-12-14,585.479088886701
1994-12-15,587.5282656978045
1994-12-16,590.3484013731539
1994-12-19,589.1677045704076
1994-12-20,588.8731207181224
1994-12-21,592.6419086907184
1994-12-22,592.5233803089803
1994-12-23,593.9454364217219
1994-12-27,596.796374516546
1994-12-28,594.4688686559315
1994-12-29,596.1928283750336
1994-12-30,595.4773969809836
1995-01-03,594.0482512282292
1995-01-04,596.0680152824052
1995-01-05,595.8891948778205
1995-01-06,597.0809732675762
1995-01-09,597.6780542408437
1995-01-10,598.9929459601735
1995-01-11,598.5736508980013
1995-01-12,598.7532229932707
1995-01-13,604.0821266779108
1995-01-16,609.0356001166696
1995-01-17,610.4972855569496
1995-01-18,609.7036390857255
1995-01-19,606.350269070754
1995-01-20,603.3791527523074
1995-01-23,603.4998285828578
1995-01-24,604.586128274307
1995-01-25,605.855759143683
1995-01-26,606.2192725991692
1995-01-27,608.7047716168258
1995-01-30,606.0873410988735
1995-01-31,608.5722991973788
1995-02-01,609.6068721060144
1995-02-02,612.4720244049126
1995-02-03,620.0666775075335
1995-02-06,624.0351042435817
1995-02-07,623.7230866914599
1995-02-08,624.6586713214971
1995-02-09,624.221410251572
1995-02-10,625.7819637772009
1995-02-13,626.0322765627117
1995-02-14,626.7209120669307
1995-02-15,629.8545166272653
1995-02-16,629.6655602722772
1995-02-17,626.1394331347524
1995-02-21,625.9515913048119
1995-02-22,628.5805879882921
1995-02-23,631.534916751837
1995-02-24,632.7348330936655
1995-02-27,627.6729544289162
1995-02-28,632.9454072461191
1995-03-01,631.1098655651053
1995-03-02,630.4156447129837
1995-03-03,631.4243097445245
1995-03-06,630.7297430038055
1995-03-07,626.1254158798778
1995-03-08,627.5655043364014
1995-03-09,628.0048001894369
1995-03-10,635.1640549115965
1995-03-13,635.8627353719993
1995-03-14,639.5507392371569
1995-03-15,638.5274580543775
1995-03-16,642.2947700568983
1995-03-17,641.9736226718699
1995-03-20,642.7439910190761
1995-03-21,641.3299542388341
1995-03-22,641.7147522113775
1995-03-23,642.3564669635888
1995-03-24,648.4588533997429
1995-03-27,651.7659935520817
1995-03-28,652.8739957411202
1995-03-29,651.8946847475086
1995-03-30,651.5035479366601
1995-03-31,649.8747890668185
1995-04-03,650.9145887293255
1995-04-04,654.1040702140991
1995-04-05,654.8235846913346
1995-04-06,655.2819612006185
1995-04-07,655.1509048083784
1995-04-10,656.919812251361
1995-04-11,655.934432532984
1995-04-12,658.2302030468495
1995-04-13,660.5998317778182
1995-04-17,657.2307726357514
1995-04-18,655.127634163317
1995-04-19,653.2932767876597
1995-04-20,654.4692046858775
1995-04-21,657.9378914707127
1995-04-24,662.8724256567431
1995-04-25,662.4084149587833
1995-04-26,663.4682684227174
1995-04-27,664.9278986132474
1995-04-28,666.1247688307512
1995-05-01,665.3920315850374
1995-05-02,666.0574236166224
1995-05-03,672.451574883342
1995-05-04,671.9136136234354
1995-05-05,671.3760827325366
1995-05-08,675.8071648785713
1995-05-09,676.2802298939862
1995-05-10,677.429906284806
1995-05-11,679.123481050518
1995-05-12,680.8212897531442
1995-05-15,683.816903428058
1995-05-16,684.7742470928573
1995-05-17,683.4731760233809
1995-05-18,674.7247193702816
1995-05-19,674.3198845386594
1995-05-22,679.579579638061
1995-05-23,685.491921980912
1995-05-24,685.2862744043177
1995-05-25,685.1492171494369
1995-05-26,679.6680234122414
1995-05-30,678.3766541677581
1995-05-31,688.4166286494409
1995-06-01,689.5869369181449
1995-06-02,689.7248543055285
1995-06-05,694.0701208876534
1995-06-06,694.0007138755647
1995-06-07,691.7799115911629
1995-06-08,691.295665653049
1995-06-09,686.3874664269124
1995-06-12,689.9566812523324
1995-06-13,696.4422740561043
1995-06-14,697.0690721027547
1995-06-15,698.7420378758013
1995-06-16,701.8863770462424
1995-06-19,708.4841089904771
1995-06-20,708.9800478667704
1995-06-21,708.8382518571971
1995-06-22,717.1316594039263
1995-06-23,715.1954039235357
1995-06-26,708.186488965085
1995-06-27,705.5661989559142
1995-06-28,707.9651240323643
1995-06-29,707.894327519961
1995-06-30,710.0180105025208
1995-07-03,712.5030735392797
1995-07-05,713.9280796863583
1995-07-06,722.0668597947828
1995-07-07,726.4714676395309
1995-07-10,727.8517634280461
1995-07-11,725.5226377850763
1995-07-12,733.6484913282692
1995-07-13,734.3087749704646
1995-07-14,733.4276044405001
1995-07-17,736.5080003791502
1995-07-18,730.7632379761928
1995-07-19,718.8517971971809
1995-07-20,723.2367931600837
1995-07-21,723.8153825946117
1995-07-24,728.9544718110335
1995-07-25,734.6403166911596
1995-07-26,736.5503815145565
1995-07-27,741.8535442614614
1995-07-28,739.9247250463816
1995-07-31,739.2587927938398
1995-08-01,735.63642470915
1995-08-02,734.2387155022026
1995-08-03,733.5779006582505
1995-08-04,734.8249830893695
1995-08-07,736.7355280454019
1995-08-08,737.2512429150337
1995-08-09,737.4724182879082
1995-08-10,735.7024844840173
1995-08-11,733.3482365336685
1995-08-14,738.9950179549777
1995-08-15,738.3299224388182
1995-08-16,741.8000730742806
1995-08-17,741.9484330888954
1995-08-18,742.6161866786754
1995-08-21,741.130954305318
1995-08-22,742.6132162139287
1995-08-23,740.6824218517725
1995-08-24,740.3120806408466
1995-08-25,743.4213913795381
1995-08-28,741.3398114836754
1995-08-29,741.7104813894172
1995-08-30,744.2322970261413
1995-08-31,746.7626868360302
1995-09-01,748.9282986278546
1995-09-05,756.2677959544076
1995-09-06,759.1416135790344
1995-09-07,759.9007551926134
1995-09-08,763.9282291951342
1995-09-11,765.9144425910415
1995-09-12,767.9824115860373
1995-09-13,771.2847359558573
1995-09-14,775.989572845188
1995-09-15,774.7479895286357
1995-09-18,773.8182919412013
1995-09-19,776.2945104754133
1995-09-20,779.8654652236002
1995-09-21,775.1862724322585
1995-09-22,772.8607136149618
1995-09-25,771.5468504018163
1995-09-26,770.7753035514145
1995-09-27,768.5400551711153
1995-09-28,775.5337696731726
1995-09-29,774.8357892804668
1995-10-02,770.109290965856
1995-10-03,768.9541270294072
1995-10-04,765.5707288704779
1995-10-05,767.9439981299764
1995-10-06,768.0975869296024
1995-10-09,760.0325622668415
1995-10-10,758.2844873736278
1995-10-11,763.137508092819
1995-10-12,769.3952356591801
1995-10-13,772.0881189839873
1995-10-16,770.6983603698161
1995-10-17,775.476690204109
1995-10-18,777.3378342605988
1995-10-19,779.9030491136589
1995-10-20,775.6135823435338
1995-10-23,772.8213734470971
1995-10-24,773.8260412325784
1995-10-25,767.3259024862248
1995-10-26,760.2665041833516
1995-10-27,763.53565015134
1995-10-30,768.5749854423387
1995-10-31,766.5766904801886
1995-11-01,770.6395469397337
1995-11-02,778.8083261372948
1995-11-03,781.3783936135479
1995-11-06,779.3468097901526
1995-11-07,775.6838797841389
1995-11-08,781.5015088825199
1995-11-09,785.1745659742677
1995-11-10,784.3893914082935
1995-11-13,783.4481241386036
1995-11-14,778.3557113317027
1995-11-15,782.7923388862934
1995-11-16,787.4890929196112
1995-11-17,790.6390492912896
1995-11-20,786.2114706152582
1995-11-21,788.0983781447349
1995-11-22,786.4433715506309
1995-11-24,789.1959233510581
1995-11-27,790.6953956054251
1995-11-28,797.1000283098291
1995-11-29,800.4478484287304
1995-11-30,800.2077140742018
1995-12-01,801.4880464167205
1995-12-04,809.9036709040961
1995-12-05,813.5482374231644
1995-12-06,815.1753338980108
1995-12-07,809.713659160894
1995-12-08,811.4140578451319
1995-12-11,813.5237343955291
1995-12-12,811.5712774329799
1995-12-13,815.3045053091715
1995-12-14,808.7005388161673
1995-12-15,806.5170473613637
1995-12-18,792.564302442012
1995-12-19,800.5692018966763
1995-12-20,796.1660712862446
1995-12-21,801.8984669995056
1995-12-22,804.624921787304
1995-12-26,807.2801840292021
1995-12-27,808.4911043052459
1995-12-28,808.2485569739544
1995-12-29,811.643200913245
1996-01-02,816.5942244388158
1996-01-03,816.1042679041525
1996-01-04,809.6570441877096
1996-01-05,808.6044900302657
1996-01-08,810.7068617043443
1996-01-09,797.3301984862227
1996-01-10,784.5729153104431
1996-01-11,791.555614256706
1996-01-12,790.6849030810237
1996-01-15,786.2570676237699
1996-01-16,794.434141127057
1996-01-17,793.8780372282681
1996-01-18,796.9741615734583
1996-01-19,801.6763091267418
1996-01-22,805.1235172559867
1996-01-23,805.1235172559867
1996-01-24,813.7383388906258
1996-01-25,810.6461332028414
1996-01-26,815.9153330686598
1996-01-29,819.0974028676276
1996-01-30,826.7150087142966
1996-01-31,833.742086288368
1996-02-01,837.4939256766656
1996-02-02,835.3164414699063
1996-02-05,841.7483780692246
1996-02-06,847.640616715709
1996-02-07,850.8616510592287
1996-02-08,857.7536304328084
1996-02-09,858.6113840632412
1996-02-12,863.5054689524017
1996-02-13,861.9511591082874
1996-02-14,858.158574008211
1996-02-15,855.6699141435871
1996-02-16,852.5039354612558
1996-02-20,843.7231449260048
1996-02-21,852.6666102622204
1996-02-22,866.1387427043635
1996-02-23,867.0048814470678
1996-02-26,858.074731168163
1996-02-27,854.4708172972568
1996-02-28,853.0182169078514
1996-02-29,848.0707112497859
1996-03-01,850.3605021701602
1996-03-04,858.3538908905598
1996-03-05,864.3623681267936
1996-03-06,861.2506636015371
1996-03-07,862.9731649287402
1996-03-08,838.0332404622995
1996-03-11,845.826949598599
1996-03-12,841.8515629354855
1996-03-13,845.6398949686951
1996-03-14,849.2761465170605
1996-03-15,850.8897711954429
1996-03-18,863.6531177633744
1996-03-19,862.5303687102821
1996-03-20,860.2015367147643
1996-03-21,859.5993956390639
1996-03-22,861.4905143094699
1996-03-25,859.0783408694033
1996-03-26,861.7414837260985
1996-03-27,858.983910978175
1996-03-28,859.4993013247619
1996-03-29,857.8662526522448
1996-04-01,867.0454215556238
1996-04-02,869.0396260252016
1996-04-03,870.3431854642395
1996-04-04,870.8653913755179
1996-04-08,856.4090258786844
1996-04-09,855.3813350476299
1996-04-10,845.4589115610773
1996-04-11,841.0625252209597
1996-04-12,848.2115566853379
1996-04-15,855.2517126058261
1996-04-16,859.613496340116
1996-04-17,855.5733129073174
1996-04-18,859.7656221405631
1996-04-19,861.8290596337005
1996-04-22,867.0000339915026
1996-04-23,872.37543420225
1996-04-24,872.37543420225
1996-04-25,876.4755987430004
1996-04-26,877.8779597009893
1996-04-29,878.7558376606902
1996-04-30,879.1952155795204
1996-05-01,881.3052840969112
1996-05-02,867.2925300797704
1996-05-03,866.5119668026986
1996-05-06,865.2988500491748
1996-05-07,861.924184533983
1996-05-08,867.354306896547
1996-05-09,869.6961635251675
1996-05-10,879.349790940297
1996-05-13,891.045143159803
1996-05-14,897.5497727048697
1996-05-15,897.5497727048697
1996-05-16,898.0883025684926
1996-05-17,903.1175970628763
1996-05-20,908.5363026452535
1996-05-21,908.1728881241954
1996-05-22,913.9851946081902
1996-05-23,911.7916301411306
1996-05-24,914.2534675425115
1996-05-28,906.3908877216459
1996-05-29,900.408707862683
1996-05-30,905.1808740143553
1996-05-31,903.7325846159323
1996-06-03,901.6539996713157
1996-06-04,907.9655776690148
1996-06-05,914.6845229437656
1996-06-06,907.8243890216875
1996-06-07,906.0995226825462
1996-06-10,905.1934231598636
1996-06-11,904.3787490790197
1996-06-12,903.8361218295722
1996-06-13,901.3957643006323
1996-06-14,897.6099020905697
1996-06-17,895.9044432765976
1996-06-18,889.1851599520231
1996-06-19,888.2959747920711
1996-06-20,885.719916465174
1996-06-21,891.0342359639651
1996-06-24,894.0637523662426
1996-06-25,891.9179993605637
1996-06-26,884.8718471656152
1996-06-27,890.4465398027586
1996-06-28,897.1248888512794
1996-07-01,904.0327504954342
1996-07-02,901.5918620690966
1996-07-03,898.6166089242686
1996-07-05,880.374691763106
1996-07-08,872.9795443522959
1996-07-09,875.9476748030937
1996-07-10,874.2833742209679
1996-07-11,858.10913179788
1996-07-12,858.2807536242395
1996-07-15,835.3646575024724
1996-07-16,831.1042977492098
1996-07-17,843.0721996367984
1996-07-18,856.7299692709145
1996-07-19,850.1331485075284
1996-07-22,842.3119235412591
1996-07-23,830.1826318422651
1996-07-24,828.1901935258437
1996-07-25,835.9751813449867
1996-07-26,843.6661530133607
1996-07-29,837.1699236351578
1996-07-30,841.3557732533335
1996-07-31,847.5818059754082
1996-08-01,861.0583566904172
1996-08-02,877.160147960528
1996-08-05,874.7040995462385
1996-08-06,877.5906230747411
1996-08-07,881.1887446293475
1996-08-08,879.8669615124036
1996-08-09,877.5793074124713
1996-08-12,882.4937515339811
1996-08-13,875.6985496471694
1996-08-14,879.2889137007228
1996-08-15,880.1682026144234
1996-08-16,883.9529258856654
1996-08-19,884.7484835189624
1996-08-20,883.5098356420359
1996-08-21,882.8913787570865
1996-08-22,890.5725337522731
1996-08-23,887.4555298841402
1996-08-26,884.3494355295458
1996-08-27,888.1521381023227
1996-08-28,888.3297685299432
1996-08-29,880.0683016826148
1996-08-30,874.6998850423508
1996-09-03,876.1868748469228
1996-09-04,877.6763925341626
1996-09-05,869.2506991658346
1996-09-06,878.0301312274095
1996-09-09,886.8104325396836
1996-09-10,887.3425187992074
1996-09-11,891.2468258819239
1996-09-12,896.9508055675682
1996-09-13,908.7008611205034
1996-09-16,913.2443654261058
1996-09-17,912.3311210606797
1996-09-18,910.8713912669826
1996-09-19,912.6931340495166
1996-09-20,917.4391383465742
1996-09-23,915.7877478975503
1996-09-24,915.6961691227606
1996-09-25,917.2528526102693
1996-09-26,919.2708088860119
1996-09-27,920.0981526140092
1996-09-30,922.12236854976
1996-10-01,922.49121749718
1996-10-02,929.4099016284089
1996-10-03,927.9228457858034
1996-10-04,938.3155816586044
1996-10-07,940.1922128219217
1996-10-08,936.2434055280696
1996-10-09,931.6558128409821
1996-10-10,929.606170052732
1996-10-11,936.2063738601064
1996-10-14,940.5129231798628
1996-10-15,939.102153795093
1996-10-16,940.1351661642677
1996-10-17,942.5795175962947
1996-10-18,946.0670618114011
1996-10-21,943.7018941568726
1996-10-22,937.567831844853
1996-10-23,937.4740750616685
1996-10-24,933.0679469088786
1996-10-25,931.2951178097518
1996-10-28,925.7073471028933
1996-10-29,928.206756940071
1996-10-30,928.113936264377
1996-10-31,934.053865456469
1996-11-01,932.5593792717386
1996-11-04,935.2638014716266
1996-11-05,943.4941229245768
1996-11-06,956.7973900578133
1996-11-07,960.9116188350619
1996-11-08,964.3709006628682
1996-11-11,966.1067682840613
1996-11-12,964.0779440706648
1996-11-13,966.1025077532132
1996-11-14,972.0923433012831
1996-11-15,972.8700171759241
1996-11-18,971.4107121501603
1996-11-19,976.8506121382012
1996-11-20,978.9996834849052
1996-11-21,977.2374840546323
1996-11-22,984.762212681853
1996-11-25,994.7083110299398
1996-11-26,993.0173069011888
1996-11-27,993.4145138239493
1996-11-29,996.2954159140386
1996-12-02,997.0924522467698
1996-12-03,989.9133865905931
1996-12-04,986.8446550921623
1996-12-05,986.2525482991069
1996-12-06,979.1515299513534
1996-12-09,992.8596513706724
1996-12-10,990.1789303119715
1996-12-11,981.366337832195
1996-12-12,968.8048487079428
1996-12-13,966.0921951315605
1996-12-16,955.4651809851133
1996-12-17,960.1469603719403
1996-12-18,968.3082095351017
1996-12-19,983.6074792457564
1996-12-20,986.6566624314183
1996-12-23,983.2033641129084
1996-12-24,988.1193809334728
1996-12-26,994.0480972190737
1996-12-27,995.93678860379
1996-12-30,993.5465403111409
1996-12-31,983.6110749080295
1997-01-02,976.430714061201
1997-01-03,990.198387129464
1997-01-06,990.5944664843157
1997-01-07,997.9248655362998
1997-01-08,993.7335811010473
1997-01-09,1001.1865829593053
1997-01-10,1006.3927531906937
1997-01-13,1005.9901960894175
1997-01-14,1017.458484324837
1997-01-15,1015.3218215077547
1997-01-16,1018.0631904258256
1997-01-17,1025.5968580349768
1997-01-20,1028.4685292374745
1997-01-21,1034.6393404128994
1997-01-22,1039.3986813787988
1997-01-23,1030.7716723233548
1997-01-24,1020.979341436283
1997-01-27,1013.832486046229
1997-01-28,1014.1366357920427
1997-01-29,1021.2355922425869
1997-01-30,1033.8989135863949
1997-01-31,1037.3107800012301
1997-02-03,1037.3107800012301
1997-02-04,1038.7630150932318
1997-02-05,1025.6746011030573
1997-02-06,1028.3413550659252
1997-02-07,1038.5219344810778
1997-02-10,1031.979246293847
1997-02-11,1035.487975731246
1997-02-12,1051.4344905575074
1997-02-13,1062.2642658102498
1997-02-14,1060.1397372786294
1997-02-18,1067.8787573607635
1997-02-19,1064.7819089644172
1997-02-20,1052.5369170113265
1997-02-21,1050.0108284104995
1997-02-24,1059.1459226176707
1997-02-25,1061.8997020164766
1997-02-26,1054.1478341917564
1997-02-27,1040.9709862643595
1997-02-28,1036.078422628917
1997-03-03,1040.3263441616955
1997-03-04,1037.5174630324589
1997-03-05,1049.8639208425452
1997-03-06,1046.8193154721018
1997-03-07,1054.0423687488592
1997-03-10,1063.2125373569743
1997-03-11,1060.8734697747889
1997-03-12,1052.5986567105456
1997-03-13,1035.3360387404928
1997-03-14,1038.7526476683365
1997-03-17,1037.817770285435
1997-03-18,1030.0341370082942
1997-03-19,1023.544921945142
1997-03-20,1021.7025410856407
1997-03-21,1022.826413880835
1997-03-24,1027.838263308851
1997-03-25,1027.2215603508657
1997-03-26,1029.789614251743
1997-03-27,1010.4295695038102
1997-03-31,987.7959471469248
1997-04-01,989.672759446504
1997-04-02,978.2915227128692
1997-04-03,978.2915227128692
1997-04-04,989.7375335286098
1997-04-07,997.5564600434858
1997-04-08,1002.0454641136814
1997-04-09,996.4340095146448
1997-04-10,992.4482734765862
1997-04-11,968.0340459490623
1997-04-14,973.551840010972
1997-04-15,985.3318172751048
1997-04-16,993.5100713584881
1997-04-17,992.6159122942654
1997-04-18,996.9834223083601
1997-04-21,987.312683111969
1997-04-22,1001.332523212159
1997-04-23,1001.2323899598377
1997-04-24,999.229925179918
1997-04-25,989.9370868757449
1997-04-28,998.2525584055011
1997-04-29,1022.5100955747547
1997-04-30,1032.223941482715
1997-05-01,1031.3981623295288
1997-05-02,1051.5104264949546
1997-05-05,1074.4333537925447
1997-05-06,1071.3174970665464
1997-05-07,1058.8902141005744
1997-05-08,1063.443442021207
1997-05-09,1069.0796922639195
1997-05-12,1083.084636232577
1997-05-13,1078.4273722967769
1997-05-14,1082.417553574275
1997-05-15,1088.9120588957205
1997-05-16,1076.825135041978
1997-05-19,1080.0556104471038
1997-05-20,1090.100127624262
1997-05-21,1088.9010174838754
1997-05-22,1086.1787649401658
1997-05-23,1100.0818531313998
1997-05-27,1103.6021150614204
1997-05-28,1102.608873157865
1997-05-29,1099.7420900876546
1997-05-30,1106.0106200011542
1997-06-02,1105.6788168151538
1997-06-03,1104.1308664716128
1997-06-04,1099.493516832432
1997-06-05,1104.3312883064948
1997-06-06,1120.1232257292777
1997-06-09,1125.723841857924
1997-06-10,1127.5250000048968
1997-06-11,1132.3733575049177
1997-06-12,1147.2074484882323
1997-06-13,1158.7942437179636
1997-06-16,1159.4895202641942
1997-06-17,1161.2287545445906
1997-06-18,1157.04833102823
1997-06-19,1168.2716998392038
1997-06-20,1168.038045499236
1997-06-23,1146.7797530711498
1997-06-24,1165.5869410215166
1997-06-25,1157.544391128468
1997-06-26,1151.9881780510514
1997-06-27,1157.056926034476
1997-06-30,1156.1312804936483
1997-07-01,1162.7212287924622
1997-07-02,1176.4413392922133
1997-07-03,1190.7939236315783
1997-07-07,1186.8643036835942
1997-07-08,1195.2910402397479
1997-07-09,1184.1748335655182
1997-07-10,1191.1614650835547
1997-07-11,1196.640807822939
1997-07-14,1199.6324098424964
1997-07-15,1208.7496161572994
1997-07-16,1222.6502367431085
1997-07-17,1216.17019048837
1997-07-18,1199.2654248405818
1997-07-21,1194.7082162261875
1997-07-22,1218.7218513723337
1997-07-23,1222.4998891115881
1997-07-24,1226.5341387456565
1997-07-25,1225.307604606911
1997-07-28,1222.7344586372365
1997-07-29,1229.4594981597413
1997-07-30,1243.1064985893145
1997-07-31,1245.5927115864931
1997-08-01,1238.7419516727675
1997-08-04,1242.7059259181206
1997-08-05,1247.1796672514258
1997-08-06,1256.6582327225367
1997-08-07,1247.2332959771177
1997-08-08,1224.9078199791272
1997-08-11,1227.1126540550897
1997-08-12,1215.9459289031884
1997-08-13,1213.0276586738207
1997-08-14,1216.4241361181073
1997-08-15,1191.7307261549097
1997-08-18,1201.6220911819953
1997-08-19,1218.4448004585433
1997-08-20,1235.2593387048712
1997-08-21,1220.3127007065423
1997-08-22,1217.1398876847052
1997-08-25,1215.9227477970205
1997-08-26,1208.748803585018
1997-08-27,1211.166301192188
1997-08-28,1201.5980874127697
1997-08-29,1199.3150510466853
1997-09-02,1228.8182013024336
1997-09-03,1231.2758377050386
1997-09-04,1234.9696652181535
1997-09-05,1235.4636530842408
1997-09-08,1239.6642295047272
1997-09-09,1243.2592557702908
1997-09-10,1228.3401447010474
1997-09-11,1220.847269818371
1997-09-12,1235.6195217831732
1997-09-15,1231.9126632178238
1997-09-16,1259.8770806728683
1997-09-17,1259.1211544244645
1997-09-18,1263.779902695835
1997-09-19,1267.823998384462
1997-09-22,1274.4166831760613
1997-09-23,1271.1031997998034
1997-09-24,1263.4765806010046
1997-09-25,1255.8957211173986
1997-09-26,1264.1846328767733
1997-09-29,1273.6660176233493
1997-09-30,1268.4439869510936
1997-10-01,1276.5620284675806
1997-10-02,1283.8384320298458
1997-10-03,1290.2576241899949
1997-10-06,1299.2894275593246
1997-10-07,1311.2428902928705
1997-10-08,1303.5065572401425
1997-10-09,1301.1602454371102
1997-10-10,1297.7772287989737
1997-10-13,1299.3345614735326
1997-10-14,1299.9842287542692
1997-10-15,1295.954277645131
1997-10-16,1282.6059485853862
1997-10-17,1266.0603318486346
1997-10-20,1280.2402075653395
1997-10-21,1301.6202190316806
1997-10-22,1297.975682418392
1997-10-23,1274.2227274301354
1997-10-24,1264.1563678834373
1997-10-27,1181.2277101502839
1997-10-28,1230.0124145794905
1997-10-29,1231.119425752612
1997-10-30,1211.5446268831454
1997-10-31,1225.962007943055
1997-11-03,1254.5269227281283
1997-11-04,1257.6632400349486
1997-11-05,1262.1908276990744
1997-11-06,1256.006092643349
1997-11-07,1240.1804158760428
1997-11-10,1233.855495755075
1997-11-11,1234.7191946021035
1997-11-12,1210.7656422268226
1997-11-13,1221.1782267499732
1997-11-14,1236.198718938998
1997-11-17,1259.1920151112631
1997-11-18,1249.3703173933952
1997-11-19,1255.3672949168833
1997-11-20,1272.8169003162282
1997-11-21,1276.253505947082
1997-11-24,1255.0676977483604
1997-11-25,1259.7114482300294
1997-11-26,1262.2308711264895
1997-11-28,1267.0273484367701
1997-12-01,1289.9605434434757
1997-12-02,1285.961665758801
1997-12-03,1293.0344549204744
1997-12-04,1290.7069929016175
1997-12-05,1303.4849921313435
1997-12-08,1304.267083126622
1997-12-09,1294.8763601281105
1997-12-10,1284.905812155124
1997-12-11,1264.8612814855042
1997-12-12,1261.3196698973447
1997-12-15,1270.0227756196364
1997-12-16,1277.8969168284782
1997-12-17,1276.2356508366013
1997-12-18,1262.7075529377332
1997-12-19,1254.373683088344
1997-12-22,1261.899925186874
1997-12-23,1246.8833160771503
1997-12-24,1239.9007695071182
1997-12-26,1244.2404222003931
1997-12-29,1264.5215410822595
1997-12-30,1287.0300245135238
1997-12-31,1289.8614905674535
1998-01-02,1292.9571581448154
1998-01-05,1296.060255324363
1998-01-06,1282.8404407200544
1998-01-07,1278.2222151334622
1998-01-08,1267.9964374123945
1998-01-09,1230.4637428649876
1998-01-12,1239.8152673107616
1998-01-13,1258.6604593738853
1998-01-14,1266.5900202679406
1998-01-15,1259.1171391483597
1998-01-16,1272.9674276789915
1998-01-20,1293.9713902356948
1998-01-21,1285.6899733381863
1998-01-22,1275.6615915461484
1998-01-23,1268.7730189517993
1998-01-26,1265.85484100821
1998-01-27,1278.3868039341914
1998-01-28,1291.5541880147136
1998-01-29,1301.8866215188314
1998-01-30,1296.9394523570597
1998-02-02,1322.2297716780224
1998-02-03,1329.5020354222515
1998-02-04,1332.692840307265
1998-02-05,1330.9603396148657
1998-02-06,1341.2087342299003
1998-02-09,1340.2698881159392
1998-02-10,1351.3941281873015
1998-02-11,1353.8266376180386
1998-02-12,1358.9711788409872
1998-02-13,1355.845545129653
1998-02-17,1358.1504825563734
1998-02-18,1369.2873165133356
1998-02-19,1366.4118131486575
1998-02-20,1371.8774604012522
1998-02-23,1378.1880967190978
1998-02-24,1368.2651424227204
1998-02-25,1384.137018074824
1998-02-26,1392.1650127796581
1998-02-27,1393.1395282886037
1998-03-02,1391.1891329489997
1998-03-03,1396.1974138276162
1998-03-04,1390.6126241723057
1998-03-05,1376.5674366681653
1998-03-06,1402.30924773386
1998-03-09,1398.1023199906585
1998-03-10,1413.3416352785566
1998-03-11,1420.6910117820053
1998-03-12,1422.8220482996783
1998-03-13,1422.1106372755285
1998-03-16,1434.909633011008
1998-03-17,1436.6315245706214
1998-03-18,1443.8146821934745
1998-03-19,1449.878703858687
1998-03-20,1458.4329882114532
1998-03-23,1453.9118459479978
1998-03-24,1466.5608790077454
1998-03-25,1463.3344450739285
1998-03-26,1462.749111295899
1998-03-27,1457.1906646729744
1998-03-30,1454.2762833436284
1998-03-31,1465.765065982043
1998-04-01,1474.8528093911318
1998-04-02,1487.5365435518954
1998-04-03,1490.6603702933544
1998-04-06,1486.486521256533
1998-04-07,1471.1757100875907
1998-04-08,1464.261184250179
1998-04-09,1476.5609781978803
1998-04-13,1476.5609781978803
1998-04-14,1486.7492489474455
1998-04-15,1492.5475710183405
1998-04-16,1479.7116619075828
1998-04-17,1496.4324036871385
1998-04-20,1499.1259820137755
1998-04-21,1503.023709567011
1998-04-22,1507.683083066669
1998-04-23,1490.947800844629
1998-04-24,1476.6347019565205
1998-04-27,1445.3300462750424
1998-04-28,1447.78710735371
1998-04-29,1461.1067487413643
1998-04-30,1482.8772392976105
1998-05-01,1492.0710781812556
1998-05-04,1494.6075990141637
1998-05-05,1486.0883356997829
1998-05-06,1474.0510201806146
1998-05-07,1462.1112069171515
1998-05-08,1478.0482190725484
1998-05-11,1474.6487081686817
1998-05-12,1482.7592760636094
1998-05-13,1487.0592779641936
1998-05-14,1484.6799831194508
1998-05-15,1473.3964152477429
1998-05-18,1467.2081503037025
1998-05-19,1473.0769829049173
1998-05-20,1480.2950601211512
1998-05-21,1475.2620569167393
1998-05-22,1467.4431680150806
1998-05-26,1445.7250091284573
1998-05-27,1440.8095440974205
1998-05-28,1449.1662394531857
1998-05-29,1443.369574495373
1998-06-01,1438.8951288144374
1998-06-02,1441.7729190720663
1998-06-03,1430.8154448871185
1998-06-04,1445.2666808804784
1998-06-05,1466.5121010894213
1998-06-08,1470.7649861825805
1998-06-09,1474.7360516452734
1998-06-10,1464.7078464940855
1998-06-11,1443.6160535045708
1998-06-12,1445.204031163426
1998-06-15,1417.7451545713209
1998-06-16,1432.0643806324913
1998-06-17,1455.6934429129274
1998-06-18,1453.946610781432
1998-06-19,1448.1308243383062
1998-06-22,1453.1992822234904
1998-06-23,1473.1081123899523
1998-06-24,1490.0488556824369
1998-06-25,1485.5787091153895
1998-06-26,1490.1840031136473
1998-06-29,1498.6780519313952
1998-06-30,1495.9804314379187
1998-07-01,1513.1842063994548
1998-07-02,1510.6117932485756
1998-07-06,1523.7541158498382
1998-07-07,1521.4684846760636
1998-07-08,1535.4659947350835
1998-07-09,1527.9422113608816
1998-07-10,1532.9844206583728
1998-07-13,1534.824001963163
1998-07-14,1547.8700059798498
1998-07-15,1546.9412839762617
1998-07-16,1557.3057905789026
1998-07-17,1560.7318633181762
1998-07-20,1559.0150582685262
1998-07-21,1534.5385218537103
1998-07-22,1530.5487216968907
1998-07-23,1499.4785826464438
1998-07-24,1497.5292604890035
1998-07-27,1500.8238248620792
1998-07-28,1478.6116322541204
1998-07-29,1472.1057410722024
1998-07-30,1493.8929060400708
1998-07-31,1466.2558872783295
1998-08-03,1453.7927122364638
1998-08-04,1402.4738294945166
1998-08-05,1409.486198641989
1998-08-06,1424.8495982071865
1998-08-07,1430.691481559836
1998-08-10,1422.5365401149447
1998-08-11,1399.2069408570596
1998-08-12,1421.0345691344298
1998-08-13,1408.9557752967874
1998-08-14,1395.7115910089976
1998-08-17,1417.0659783514354
1998-08-18,1440.1641537985638
1998-08-19,1433.8274315218503
1998-08-20,1424.5075532169583
1998-08-21,1408.268167110285
1998-08-24,1413.9012397787262
1998-08-25,1417.1532126302172
1998-08-26,1402.1313885763368
1998-08-27,1347.5884775607171
1998-08-28,1325.083749985453
1998-08-31,1236.5681554864248
1998-09-01,1280.8372954528388
1998-09-02,1280.8372954528388
1998-09-03,1267.1323363914935
1998-09-04,1257.502130634918
1998-09-08,1319.7484861013468
1998-09-09,1296.6528875945733
1998-09-10,1264.236565404709
1998-09-11,1298.2445290140954
1998-09-14,1324.9883663117857
1998-09-15,1334.6607813858618
1998-09-16,1346.1388641057802
1998-09-17,1314.7738285721155
1998-09-18,1320.2958786521183
1998-09-21,1323.0684999972877
1998-09-22,1332.4622863472687
1998-09-23,1375.767310653555
1998-09-24,1347.8392342472878
1998-09-25,1349.187073481535
1998-09-28,1354.0441469460686
1998-09-29,1352.6901027991225
1998-09-30,1318.061236167465
1998-10-01,1275.0924398684058
1998-10-02,1293.198752514537
1998-10-05,1268.6279762167608
1998-10-06,1261.7773851451902
1998-10-07,1239.1915699510912
1998-10-08,1218.620989889903
1998-10-09,1250.9144461219855
1998-10-12,1271.6796259276105
1998-10-13,1263.7952122468594
1998-10-14,1280.8564476121921
1998-10-15,1332.9873050300082
1998-10-16,1346.7170742718172
1998-10-19,1358.0294976957005
1998-10-20,1361.8319802892483
1998-10-21,1370.0029721709839
1998-10-22,1382.0589983260884
1998-10-23,1373.9048502359644
1998-10-26,1379.6752506069554
1998-10-27,1372.5009393037992
1998-10-28,1375.9321916520587
1998-10-29,1397.9471067184916
1998-10-30,1415.141856131129
1998-11-02,1435.236870488191
1998-11-03,1434.0886809918004
1998-11-04,1446.9954791207265
1998-11-05,1465.8064203492959
1998-11-06,1476.0670652917408
1998-11-09,1464.1109220628778
1998-11-10,1462.207577864196
1998-11-11,1452.4107870925059
1998-11-12,1448.6345190460652
1998-11-13,1456.7468723527231
1998-11-16,1468.1094979570744
1998-11-17,1473.1010702501285
1998-11-18,1480.9085059224542
1998-11-19,1490.9786837627269
1998-11-20,1502.9065132328287
1998-11-23,1533.5658061027784
1998-11-24,1527.278186297757
1998-11-25,1533.6927546802076
1998-11-27,1542.2814341064168
1998-11-30,1506.9631892653797
1998-12-01,1520.2244653309149
1998-12-02,1517.336038846786
1998-12-03,1493.0586622252374
1998-12-04,1523.3677530684097
1998-12-07,1537.2303996213325
1998-12-08,1530.7740319429229
1998-12-09,1532.4578833780602
1998-12-10,1509.0112777623758
1998-12-11,1508.558574379047
1998-12-14,1476.878844317087
1998-12-15,1501.8380967860455
1998-12-16,1500.7868101182953
1998-12-17,1523.7488483131053
1998-12-18,1534.415090251297
1998-12-21,1555.4365769877397
1998-12-22,1555.5921206454384
1998-12-23,1585.9261669980247
1998-12-24,1585.2917965312256
1998-12-28,1588.1453217649819
1998-12-29,1606.5678074974558
1998-12-30,1598.856282021468
1998-12-31,1606.0511352905644
1999-01-04,1603.4814534740995
1999-01-05,1621.4404457530095
1999-01-06,1655.9771272475487
1999-01-07,1655.149138683925
1999-01-08,1662.9283396357393
1999-01-11,1654.6136979375606
1999-01-12,1624.3342672653032
1999-01-13,1615.8877290755236
1999-01-14,1589.387170318685
1999-01-15,1625.9430752360147
1999-01-19,1639.27580845295
1999-01-20,1643.5379255549276
1999-01-21,1613.954242894939
1999-01-22,1603.6249357404115
1999-01-25,1614.6899477970203
1999-01-26,1637.4570760609583
1999-01-27,1625.6673851133194
1999-01-28,1652.490896967689
1999-01-29,1668.5200586682756
1999-02-01,1662.3465344512028
1999-02-02,1647.8841196014773
1999-02-03,1663.0446535018111
1999-02-04,1631.4468050852768
1999-02-05,1616.7637838395092
1999-02-08,1620.967369677492
1999-02-09,1584.819797333684
1999-02-10,1589.4157747459515
1999-02-11,1629.3101106920747
1999-02-12,1598.5161495999944
1999-02-16,1609.0663561873541
1999-02-17,1586.056707293875
1999-02-18,1600.9656403424376
1999-02-19,1605.288247571362
1999-02-22,1644.4572808121031
1999-02-23,1646.2661838209965
1999-02-24,1625.0293500497055
1999-02-25,1614.1416534043724
1999-02-26,1606.5551876333718
1999-03-01,1606.7158431521352
1999-03-02,1595.950847003016
1999-03-03,1596.4296322571167
1999-03-04,1618.1410752558136
1999-03-05,1651.4747814060834
1999-03-08,1662.7048099196445
1999-03-09,1659.2131298188133
1999-03-10,1668.172880719835
1999-03-11,1680.6841773252338
1999-03-12,1675.642124793258
1999-03-15,1691.8958534037527
1999-03-16,1689.8655783796682
1999-03-17,1681.078277372094
1999-03-18,1702.932294977931
1999-03-19,1680.794175143218
1999-03-22,1675.583713200274
1999-03-23,1631.6834199144266
1999-03-24,1640.4945103819646
1999-03-25,1670.02341156884
1999-03-26,1662.0072991933096
1999-03-29,1695.2474451771757
1999-03-30,1684.7369110170773
1999-03-31,1669.911226200127
1999-04-01,1679.2627290668477
1999-04-05,1711.000794646211
1999-04-06,1706.89439273906
1999-04-07,1714.4047280671118
1999-04-08,1736.3491085863707
1999-04-09,1744.1626795750092
1999-04-12,1759.6857274232266
1999-04-13,1753.87876452273
1999-04-14,1729.324461819412
1999-04-15,1723.098893756862
1999-04-16,1719.4803860799727
1999-04-19,1677.5250646596214
1999-04-20,1701.0104155648562
1999-04-21,1744.0459790786472
1999-04-22,1767.9394089920247
1999-04-23,1770.2377302237144
1999-04-26,1778.203800009721
1999-04-27,1780.1598241897318
1999-04-28,1764.8504497017
1999-04-29,1757.2615927679826
1999-04-30,1749.3539156005268
1999-05-03,1768.946679455253
1999-05-04,1742.9431632672606
1999-05-05,1761.4183607978935
1999-05-06,1741.3381914847976
1999-05-07,1757.0102352081606
1999-05-10,1757.1859362316814
1999-05-11,1778.4478860600848
1999-05-12,1790.0077973194752
1999-05-13,1794.4828168127738
1999-05-14,1756.439781096343
1999-05-17,1759.6013727023164
1999-05-18,1752.9148874860475
1999-05-19,1767.6393725409303
1999-05-20,1761.6293986742912
1999-05-21,1752.1165999214502
1999-05-24,1719.0015961829347
1999-05-25,1688.4033677708783
1999-05-26,1712.3786955932246
1999-05-27,1687.7204423766823
1999-05-28,1713.373793100808
1999-06-01,1700.0094775146215
1999-06-02,1702.5594917308936
1999-06-03,1704.943075019317
1999-06-04,1739.8944080572128
1999-06-07,1752.5956372360306
1999-06-08,1731.3892300254747
1999-06-09,1734.5057306395206
1999-06-10,1714.0385630179742
1999-06-11,1700.6690622264339
1999-06-14,1692.8459845401921
1999-06-15,1701.9873528567093
1999-06-16,1740.6224657665566
1999-06-17,1753.5030720132293
1999-06-18,1757.711479386061
1999-06-21,1768.9608328541317
1999-06-22,1752.863289275159
1999-06-23,1750.7598533280288
1999-06-24,1728.35012720543
1999-06-25,1727.658787154548
1999-06-28,1749.2545219939798
1999-06-29,1775.3184143716899
1999-06-30,1803.3684453187627
1999-07-01,1813.8279823016117
1999-07-02,1827.431692168874
1999-07-06,1826.3352331535725
1999-07-07,1830.9010712364563
1999-07-08,1831.8165217720746
1999-07-09,1842.0746942939982
1999-07-12,1838.0221299665513
1999-07-13,1831.221448085675
1999-07-14,1839.8281888916777
1999-07-15,1855.4667284972568
1999-07-16,1864.744062139743
1999-07-19,1849.826109642625
1999-07-20,1809.3149178414515
1999-07-21,1814.5619311031915
1999-07-22,1790.97262599885
1999-07-23,1785.5997081208534
1999-07-26,1768.100830981269
1999-07-27,1788.6108006206518
1999-07-28,1791.651438981707
1999-07-29,1760.6558690873235
1999-07-30,1747.9791468298947
1999-08-02,1743.60919896282
1999-08-03,1730.1834081308064
1999-08-04,1705.4417853945358
1999-08-05,1716.5271569996003
1999-08-06,1699.5335381453042
1999-08-09,1692.9053573465376
1999-08-10,1673.606236272787
1999-08-11,1701.0533785476607
1999-08-12,1698.8420091555488
1999-08-13,1736.556301758802
1999-08-16,1741.2450037735507
1999-08-17,1758.6574538112861
1999-08-18,1745.8192543984637
1999-08-19,1732.5510280650353
1999-08-20,1748.3172424204274
1999-08-23,1779.4372893355112
1999-08-24,1782.6402764563152
1999-08-25,1804.2102238014365
1999-08-26,1783.1009641829596
1999-08-27,1765.804884830385
1999-08-30,1734.7267188573703
1999-08-31,1731.604210763427
1999-09-01,1745.110723607382
1999-09-02,1730.45179352908
1999-09-03,1779.9427148240118
1999-09-07,1774.246898136575
1999-09-08,1764.8433895764513
1999-09-09,1770.6673727620537
1999-09-10,1778.812442676759
1999-09-13,1767.7838055321631
1999-09-14,1758.9448865045024
1999-09-15,1736.7821809345457
1999-09-16,1733.6559730088636
1999-09-17,1755.1533070741734
1999-09-20,1755.5043377355883
1999-09-21,1721.9742048848384
1999-09-22,1727.3123249199816
1999-09-23,1687.2386789818381
1999-09-24,1684.370373227569
1999-09-27,1691.6131658324475
1999-09-28,1688.2299395007826
1999-09-29,1675.2305689666266
1999-09-30,1690.977736314913
1999-10-01,1688.6103674840722
1999-10-04,1717.147882694553
1999-10-05,1715.9458791766667
1999-10-06,1747.5192833535173
1999-10-07,1739.6554465784266
1999-10-08,1759.1395875801052
1999-10-11,1763.1856086315393
1999-10-12,1733.03513472394
1999-10-13,1698.0278250025165
1999-10-14,1698.1976277850167
1999-10-15,1653.5350301742708
1999-10-18,1655.3539187074628
1999-10-19,1668.265679273381
1999-10-20,1699.6290740437205
1999-10-21,1697.2495933400594
1999-10-22,1719.8230129314823
1999-10-25,1712.771738578463
1999-10-26,1698.384455974404
1999-10-27,1713.8397545237713
1999-10-28,1771.0820023248655
1999-10-29,1801.7217209650858
1999-11-01,1795.2355227696114
1999-11-02,1789.6702926490257
1999-11-03,1802.376951726834
1999-11-04,1814.6331149985763
1999-11-05,1829.3316432300646
1999-11-08,1840.490566253768
1999-11-09,1826.5028379502394
1999-11-10,1836.731253842761
1999-11-11,1843.8945057327478
1999-11-12,1864.730513647528
1999-11-15,1865.4764058529868
1999-11-16,1900.5473622830227
1999-11-17,1888.9540233730963
1999-11-18,1910.4880992395497
1999-11-19,1908.768659950234
1999-11-22,1909.341290548219
1999-11-23,1885.2835902873114
1999-11-24,1902.0626142408682
1999-11-26,1906.247151992198
1999-11-29,1894.6190443650457
1999-11-30,1870.367920597173
1999-12-01,1880.4679073683978
1999-12-02,1902.2813350938713
1999-12-03,1932.9080645888828
1999-12-06,1925.1764323305272
1999-12-07,1917.283208957972
1999-12-08,1916.132839032597
1999-12-09,1922.2644641175016
1999-12-10,1932.4524657773245
1999-12-13,1933.9984277499461
1999-12-14,1909.0498480319718
1999-12-15,1919.740527180951
1999-12-16,1931.4509443967547
1999-12-17,1936.472716852186
1999-12-20,1935.5044804937602
1999-12-21,1963.762845908969
1999-12-22,1970.8323921542415
1999-12-23,1997.044462969893
1999-12-27,1993.449782936547
1999-12-28,1997.8353724590074
1999-12-29,2011.0210859172369
1999-12-30,2012.8310048945623
1999-12-31,2023.4990092205037
2000-01-03,2009.5368660568822
2000-01-04,1928.3515766681842
2000-01-05,1927.0017305645165
2000-01-06,1913.1273181044521
2000-01-07,1974.9213304792258
2000-01-10,2009.8774380287082
2000-01-11,1975.910509326023
2000-01-12,1962.6719089135386
2000-01-13,1994.2709266470465
2000-01-14,2017.4044693961523
2000-01-18,2012.7644391165413
2000-01-19,2022.0231555364774
2000-01-20,2014.9460744920998
2000-01-21,2019.98343967833
2000-01-24,1968.0698652785968
2000-01-25,1978.1070215915179
2000-01-26,1969.9967828029926
2000-01-27,1961.72279631522
2000-01-28,1906.9907302980253
2000-01-31,1935.7862903255252
2000-02-01,1961.14509072879
2000-02-02,1964.479037383029
2000-02-03,1994.1426708475126
2000-02-04,1993.743842313343
2000-02-07,2001.3200689141338
2000-02-08,2026.3365697755603
2000-02-09,1989.457244205645
2000-02-10,2001.1950419464586
2000-02-11,1966.7744872249796
2000-02-14,1971.8881008917645
2000-02-15,1986.2828840282746
2000-02-16,1975.159699877716
2000-02-17,1984.0479185271656
2000-02-18,1931.272243894343
2000-02-22,1934.1691522601848
2000-02-23,1958.346266663437
2000-02-24,1958.346266663437
2000-02-25,1937.9794654901375
2000-02-28,1953.0957053209606
2000-02-29,1990.9857620041873
2000-03-01,2019.2577598246469
2000-03-02,2018.046205168752
2000-03-03,2066.277509472285
2000-03-06,2052.0201946569264
2000-03-07,2007.0809523939397
2000-03-08,2021.5319352511763
2000-03-09,2071.05946766483
2000-03-10,2062.1539119538716
2000-03-13,2032.6651110129312
2000-03-14,1985.9138134596337
2000-03-15,2003.3898550180784
2000-03-16,2089.5356187838556
2000-03-17,2102.908646744072
2000-03-20,2068.0003632081207
2000-03-21,2109.360370472283
2000-03-22,2136.5711192513754
2000-03-23,2168.4060289282206
2000-03-24,2171.0081161629346
2000-03-27,2162.9753861331315
2000-03-28,2134.424111036174
2000-03-29,2114.360524392434
2000-03-30,2078.6278315302015
2000-03-31,2103.571365508564
2000-04-03,2069.2831522507745
2000-04-04,2044.6586827389901
2000-04-05,2045.4765462120856
2000-04-06,2076.1586944052665
2000-04-07,2106.0553796047025
2000-04-10,2065.1979052403713
2000-04-11,2044.5459261879676
2000-04-12,1984.2318213654225
2000-04-13,1948.912494945118
2000-04-14,1818.1404665343005
2000-04-17,1872.3210524370227
2000-04-18,1944.7798771663354
2000-04-19,1929.027160161288
2000-04-20,1931.3419927534817
2000-04-24,1912.2217070252223
2000-04-25,1984.8861318921809
2000-04-26,1960.6705210830962
2000-04-27,1975.9637511475444
2000-04-28,1977.5445221484622
2000-05-01,2005.6256543629704
2000-05-02,1964.5103284485297
2000-05-03,1923.844964649645
2000-05-04,1924.4221181390396
2000-05-05,1953.480892122939
2000-05-08,1934.7274755585586
2000-05-09,1912.0911640945233
2000-05-10,1861.0383300131996
2000-05-11,1900.1201349434766
2000-05-12,1915.5111080365189
2000-05-15,1956.8861479701077
2000-05-16,1982.5213565085164
2000-05-17,1955.5590660600008
2000-05-18,1934.4390281465528
2000-05-19,1888.5928231794794
2000-05-22,1875.561532699541
2000-05-23,1831.4858366811018
2000-05-24,1860.6064614843312
2000-05-25,1836.7906987773317
2000-05-26,1833.8518336592879
2000-05-30,1903.7215885217067
2000-05-31,1899.533401026959
2000-06-01,1947.4016427328381
2000-06-02,2004.4605108649105
2000-06-05,1997.2444530257967
2000-06-06,1980.46759962038
2000-06-07,2004.0351640558627
2000-06-08,1992.4117601043386
2000-06-09,1993.8064483364114
2000-06-12,1970.4789128908753
2000-06-13,1999.247905019082
2000-06-14,1996.0491083710515
2000-06-15,2006.228958823744
2000-06-16,1991.5834874243308
2000-06-19,2024.842931664317
2000-06-20,2019.7808243351562
2000-06-21,2027.052035302763
2000-06-22,1989.1461622426011
2000-06-23,1970.2492737012965
2000-06-26,1988.7696168740888
2000-06-27,1978.2291379046562
2000-06-28,1994.0549710078935
2000-06-29,1980.4953972050398
2000-06-30,1995.3491126840777
2000-07-03,2014.7039990771134
2000-07-05,1982.065794292064
2000-07-06,2000.3007995995513
2000-07-07,2029.7052213536645
2000-07-10,2027.6755161323108
2000-07-11,2030.9197969581226
2000-07-12,2058.1341222373617
2000-07-13,2069.04223308522
2000-07-14,2089.318846969455
2000-07-17,2092.2438933552125
2000-07-18,2064.2078251842527
2000-07-19,2040.2630144121151
2000-07-20,2068.214617709561
2000-07-21,2041.1210062175658
2000-07-24,2012.3412000298981
2000-07-25,2023.4090766300626
2000-07-26,1997.3070995415349
2000-07-27,1979.7307970655693
2000-07-28,1933.8010425736481
2000-07-31,1954.492713729186
2000-08-01,1958.0108006138987
2000-08-02,1958.5982038540828
2000-08-03,1980.730363557634
2000-08-04,1998.7550098660088
2000-08-07,2022.3403189824278
2000-08-08,2024.767127365207
2000-08-09,2013.0234780264886
2000-08-10,1992.8932432462238
2000-08-11,2010.629993111115
2000-08-14,2035.963931024315
2000-08-15,2027.005689727808
2000-08-16,2023.7624806242434
2000-08-17,2047.0357491514224
2000-08-18,2041.7134562036285
2000-08-21,2050.288652719684
2000-08-22,2050.4936815849555
2000-08-23,2062.1814955699897
2000-08-24,2069.605348954042
2000-08-25,2068.984467349356
2000-08-28,2079.3293896861023
2000-08-29,2078.9135238081653
2000-08-30,2076.834610284357
2000-08-31,2101.133575224684
2000-09-01,2109.7482228831054
2000-09-05,2089.916589588004
2000-09-06,2064.8375905129483
2000-09-07,2081.9757425142056
2000-09-08,2065.319936574092
2000-09-11,2056.6455928404807
2000-09-12,2046.9793585541304
2000-09-13,2053.3249945656485
2000-09-14,2054.1463245634745
2000-09-15,2029.4965686687128
2000-09-18,1993.7774290601435
2000-09-19,2018.899024666301
2000-09-20,2011.6309881775023
2000-09-21,2001.5728332366148
2000-09-22,2009.9794391362086
2000-09-25,1999.3265481087867
2000-09-26,1980.932743866186
2000-09-27,1977.763251476
2000-09-28,2024.2406878856862
2000-09-29,1999.1401033559036
2000-10-02,1985.5459506530835
2000-10-03,1960.5280716748548
2000-10-04,1973.8596625622436
2000-10-05,1969.911943237119
2000-10-06,1927.7558276518446
2000-10-09,1920.8159066722978
2000-10-10,1893.7324023882184
2000-10-11,1860.7814585866633
2000-10-12,1808.6795777462366
2000-10-13,1879.3989492361143
2000-10-16,1884.2853865041282
2000-10-17,1848.1071070832488
2000-10-18,1833.3222502265828
2000-10-19,1900.788509034921
2000-10-20,1918.6559210198493
2000-10-23,1919.8071145724612
2000-10-24,1918.079288169346
2000-10-25,1870.5109218227462
2000-10-26,1871.2591261914752
2000-10-27,1888.8489619776751
2000-10-30,1903.7708687772988
2000-10-31,1956.6956989293078
2000-11-01,1947.694898714233
2000-11-02,1968.5352341304751
2000-11-03,1968.3383806070622
2000-11-06,1971.2908881779729
2000-11-07,1970.305242733884
2000-11-08,1931.8842905005733
2000-11-09,1913.724578169868
2000-11-10,1862.8195043905496
2000-11-13,1837.4851591308382
2000-11-14,1886.7297613955445
2000-11-15,1898.2388129400574
2000-11-16,1867.1076964078404
2000-11-17,1857.9588686954419
2000-11-20,1812.8104681861428
2000-11-21,1812.266625045687
2000-11-22,1774.390252582232
2000-11-24,1811.6524478864587
2000-11-27,1817.4497357196956
2000-11-28,1787.6435600538925
2000-11-29,1791.3976115300056
2000-11-30,1755.3905195382524
2000-12-01,1764.8696283437591
2000-12-04,1771.5761329314655
2000-12-05,1852.7143198197268
2000-12-06,1820.2918192228817
2000-12-07,1810.0981850352334
2000-12-08,1861.142953853227
2000-12-11,1883.1044407086952
2000-12-12,1863.5201545253249
2000-12-13,1842.8350808100938
2000-12-14,1810.4011833878362
2000-12-15,1775.460440548451
2000-12-18,1786.4682952798514
2000-12-19,1757.8848025553739
2000-12-20,1695.3041035844026
2000-12-21,1704.9673369748336
2000-12-22,1757.6508276873558
2000-12-26,1767.8452024879425
2000-12-27,1792.5950353227738
2000-12-28,1808.9076501442112
2000-12-29,1787.0198675774661
2001-01-02,1724.6528741990126
2001-01-03,1817.6116641183394
2001-01-04,1794.3462348176245
2001-01-05,1741.5924555139864
2001-01-08,1735.8452004107903
2001-01-09,1745.2187644930086
2001-01-10,1770.8734803310558
2001-01-11,1795.8427964037237
2001-01-12,1789.0185937773895
2001-01-16,1801.7206257932091
2001-01-17,1808.386992108644
2001-01-18,1829.906797314737
2001-01-19,1819.476328570043
2001-01-22,1819.8402238357571
2001-01-23,1849.1396514395128
2001-01-24,1855.6116402195512
2001-01-25,1840.9523082618166
2001-01-26,1839.6636416460333
2001-01-29,1856.7725135133417
2001-01-30,1869.3985666052322
2001-01-31,1856.873596208977
2001-02-01,1864.4867779534338
2001-02-02,1829.4344265279092
2001-02-05,1832.9103519383123
2001-02-06,1834.0100981494752
2001-02-07,1818.6044133250198
2001-02-08,1806.7834846384073
2001-02-09,1781.4885158534696
2001-02-12,1801.619336082614
2001-02-13,1785.7650859250869
2001-02-14,1785.4079329079018
2001-02-15,1802.1907674772362
2001-02-16,1768.309581048664
2001-02-20,1734.5348680506345
2001-02-21,1703.139786938918
2001-02-22,1695.4756578976928
2001-02-23,1689.371945529261
2001-02-26,1722.1457612725287
2001-02-27,1702.5132995940219
2001-02-28,1677.6566054199493
2001-03-01,1678.3276680621173
2001-03-02,1669.9360297218066
2001-03-05,1679.2876714882489
2001-03-06,1697.5919071074707
2001-03-07,1707.7774585501154
2001-03-08,1705.7281255998553
2001-03-09,1663.4260680849789
2001-03-12,1591.7324045505163
2001-03-13,1617.6776427446898
2001-03-14,1577.5592372046215
2001-03-15,1583.2384504585582
2001-03-16,1550.1487668439743
2001-03-19,1579.2915636606408
2001-03-20,1541.7044244455176
2001-03-21,1513.028722150831
2001-03-22,1506.8253043900127
2001-03-23,1538.3179532517638
2001-03-26,1555.3932825328586
2001-03-27,1593.0337999701537
2001-03-28,1552.4114380709148
2001-03-29,1544.4941397367531
2001-03-30,1563.182518827568
2001-04-02,1538.3279167782096
2001-04-03,1481.8712822324494
2001-04-04,1476.5365456164125
2001-04-05,1545.786109605822
2001-04-06,1514.0974943589028
2001-04-09,1527.2701425598252
2001-04-10,1571.4082496798042
2001-04-11,1569.9939822550923
2001-04-12,1594.9568865729484
2001-04-16,1587.9390762720275
2001-04-17,1605.7239939262743
2001-04-18,1668.9895192869697
2001-04-19,1694.024362076274
2001-04-20,1679.6251549986257
2001-04-23,1651.071527363649
2001-04-24,1632.4144191044397
2001-04-25,1660.165464229215
2001-04-26,1667.9682419110923
2001-04-27,1692.8209687155675
2001-04-30,1693.667379199925
2001-05-01,1717.039989032884
2001-05-02,1722.877924995596
2001-05-03,1695.828741573165
2001-05-04,1720.587841200133
2001-05-07,1714.9099013241726
2001-05-08,1713.5379734031133
2001-05-09,1705.3129911307783
2001-05-10,1703.7782094387605
2001-05-11,1691.3406285098577
2001-05-14,1693.3702372640696
2001-05-15,1694.5555964301543
2001-05-16,1741.8336975705556
2001-05-17,1751.0654161676798
2001-05-18,1755.0928666248653
2001-05-21,1787.9131032307503
2001-05-22,1785.2312335759043
2001-05-23,1754.8823026051139
2001-05-24,1762.4282965063157
2001-05-25,1744.2752850523007
2001-05-29,1725.9603945592517
2001-05-30,1695.9286836939207
2001-05-31,1708.4785559532559
2001-06-01,1717.875188010999
2001-06-04,1726.4645639510538
2001-06-05,1751.670946584739
2001-06-06,1735.030072592184
2001-06-07,1744.5727379914413
2001-06-08,1727.4759251591252
2001-06-11,1710.7194086850816
2001-06-12,1711.232624507687
2001-06-13,1693.2646819503564
2001-06-14,1660.2460206523244
2001-06-15,1652.774913559389
2001-06-18,1642.527709095321
2001-06-19,1646.1412700553306
2001-06-20,1663.919595771928
2001-06-21,1680.3923997700701
2001-06-22,1663.5884757723695
2001-06-25,1654.771456850776
2001-06-26,1654.440502559406
2001-06-27,1650.9661775040313
2001-06-28,1672.7589310470846
2001-06-29,1678.7808631988541
2001-07-02,1688.3499141190878
2001-07-03,1684.9732142908497
2001-07-05,1664.2480437550723
2001-07-06,1626.3031883574565
2001-07-09,1636.0610074876013
2001-07-10,1612.1745167782824
2001-07-11,1609.4338200997593
2001-07-12,1648.8649486922034
2001-07-13,1657.7688194151415
2001-07-16,1638.7044779918674
2001-07-17,1656.2386159063803
2001-07-18,1644.8105694566264
2001-07-19,1653.0346223039094
2001-07-20,1647.9102149747673
2001-07-23,1622.3676066426585
2001-07-24,1594.9495940903976
2001-07-25,1616.959898488845
2001-07-26,1636.3634172707111
2001-07-27,1640.2906894721607
2001-07-30,1638.6503987826886
2001-07-31,1647.0075158164805
2001-08-01,1655.077852643981
2001-08-02,1660.7051173429707
2001-08-03,1652.7337327797243
2001-08-06,1633.7272948527575
2001-08-07,1637.1581221719482
2001-08-08,1609.1627182828079
2001-08-09,1608.3581369236665
2001-08-10,1615.7565843535153
2001-08-13,1619.4728244975283
2001-08-14,1614.9383005889351
2001-08-15,1603.1492509946358
2001-08-16,1606.676179346824
2001-08-17,1580.4873576234709
2001-08-20,1591.86686659836
2001-08-21,1572.60527751252
2001-08-22,1583.9280355106102
2001-08-23,1579.1762514040784
2001-08-24,1608.548929680194
2001-08-27,1601.9538790685053
2001-08-28,1578.725547822012
2001-08-29,1563.5697825629206
2001-08-30,1538.5526660419139
2001-08-31,1544.8607319726857
2001-09-04,1543.315871240713
2001-09-05,1538.6859236269909
2001-09-06,1506.2196506384614
2001-09-07,1478.9570749619052
2001-09-10,1484.7250075542565
2001-09-17,1410.3402846757883
2001-09-18,1399.057562398382
2001-09-19,1375.9731126188087
2001-09-20,1334.2811273064588
2001-09-21,1308.3960734367136
2001-09-24,1358.769322264027
2001-09-25,1369.0959691132339
2001-09-26,1360.196845313998
2001-09-27,1375.431049981515
2001-09-28,1406.6533348160951
2001-10-01,1400.4640601429044
2001-10-02,1416.9895360525907
2001-10-03,1449.4385964281948
2001-10-04,1447.9891578317665
2001-10-05,1448.7131524106824
2001-10-08,1437.268318506638
2001-10-09,1430.0819769141049
2001-10-10,1463.9749197669692
2001-10-11,1489.5944808628913
2001-10-12,1481.252751770059
2001-10-15,1480.2158748438198
2001-10-16,1491.909580255086
2001-10-17,1461.7730067339332
2001-10-18,1451.3944183861224
2001-10-19,1459.377087687246
2001-10-22,1481.5596194200923
2001-10-23,1474.299977284934
2001-10-24,1475.4794172667616
2001-10-25,1496.5787729336762
2001-10-26,1502.8644037799977
2001-10-29,1467.8476631719238
2001-10-30,1442.0135443000981
2001-10-31,1444.7533700342683
2001-11-01,1475.2376661419912
2001-11-02,1478.040617707661
2001-11-05,1499.1765985408806
2001-11-06,1520.9146592197233
2001-11-07,1517.720738435362
2001-11-08,1518.93491502611
2001-11-09,1520.1500629581308
2001-11-12,1519.2379729203558
2001-11-13,1547.6477230139662
2001-11-14,1553.2192548168166
2001-11-15,1553.3745767422984
2001-11-16,1549.6464777581168
2001-11-19,1567.622376900111
2001-11-20,1555.2381601226002
2001-11-21,1547.928540770024
2001-11-23,1566.1940975511104
2001-11-26,1577.6273144632337
2001-11-27,1568.950364233686
2001-11-28,1541.1799427867497
2001-11-29,1559.057630123076
2001-11-30,1557.030855203916
2001-12-03,1543.7960929346827
2001-12-04,1566.1811362822357
2001-12-05,1602.5165386439837
2001-12-06,1600.7537704514752
2001-12-07,1589.0682679271795
2001-12-10,1565.0733370814792
2001-12-11,1562.0996977410243
2001-12-12,1562.8807475898948
2001-12-13,1539.4375363760464
2001-12-14,1544.2097927388122
2001-12-17,1560.5784165418436
2001-12-18,1573.8433330824491
2001-12-19,1580.7682437480119
2001-12-20,1566.2251759055303
2001-12-21,1575.3092819257824
2001-12-24,1575.7818747103602
2001-12-26,1583.6607840839117
2001-12-27,1594.746409572499
2001-12-28,1601.4443444927035
2001-12-31,1584.9494677444286
2002-01-02,1591.923245402504
2002-01-03,1607.842477856529
2002-01-04,1619.2581594493106
2002-01-07,1608.2472039650552
2002-01-08,1604.709060116332
2002-01-09,1597.6483402518202
2002-01-10,1599.0862237580466
2002-01-11,1585.4939908561032
2002-01-14,1572.1758413329121
2002-01-15,1582.8666370539759
2002-01-16,1557.2241975337015
2002-01-17,1574.0422188670655
2002-01-18,1557.1999671251879
2002-01-22,1544.7423673881863
2002-01-23,1559.1084714048966
2002-01-24,1565.5008161376566
2002-01-25,1567.066316953794
2002-01-28,1568.0065567439663
2002-01-29,1528.3359908583438
2002-01-30,1544.5363523614421
2002-01-31,1565.5420467535578
2002-02-01,1554.4266982216075
2002-02-04,1517.7422281435777
2002-02-05,1512.5819045678895
2002-02-06,1500.9350239027167
2002-02-07,1494.9312838071057
2002-02-08,1518.8501843480194
2002-02-11,1539.202776818283
2002-02-12,1535.0469293208735
2002-02-13,1550.3973986140822
2002-02-14,1546.83148459727
2002-02-15,1529.6616551182403
2002-02-19,1500.1391851744584
2002-02-20,1520.2410502557962
2002-02-21,1497.2854103969337
2002-02-22,1508.6647795159504
2002-02-25,1533.8594813338666
2002-02-26,1535.7001127114675
2002-02-27,1537.0822428129077
2002-02-28,1532.4709960844689
2002-03-01,1566.6450992971525
2002-03-04,1597.8213367731657
2002-03-05,1589.352883688268
2002-03-06,1611.603824059904
2002-03-07,1604.9962483812583
2002-03-08,1616.7127209944415
2002-03-11,1621.5628591574246
2002-03-12,1617.1846394376994
2002-03-13,1602.62997768276
2002-03-14,1601.988925691687
2002-03-15,1619.130207196588
2002-03-18,1620.7493374037842
2002-03-19,1626.4219600846975
2002-03-20,1602.1882728794355
2002-03-21,1607.31527535265
2002-03-22,1600.7252827237041
2002-03-25,1577.6748386524828
2002-03-26,1587.298655168263
2002-03-27,1596.1875276372052
2002-03-28,1600.9760902201167
2002-04-01,1599.2150165208745
2002-04-02,1584.6621598705347
2002-04-03,1569.2909369197905
2002-04-04,1571.3310151377864
2002-04-05,1567.402687599942
2002-04-08,1573.045337275302
2002-04-09,1563.7643697853778
2002-04-10,1581.9040364748882
2002-04-11,1546.9439572687932
2002-04-12,1560.0929809055779
2002-04-15,1549.796367231601
2002-04-16,1584.9767447677582
2002-04-17,1581.3312982547925
2002-04-18,1579.2755675670612
2002-04-19,1580.5389880211146
2002-04-22,1556.9889570996
2002-04-23,1549.048313418392
2002-04-24,1538.9794993811724
2002-04-25,1537.4405198817913
2002-04-26,1515.916352603446
2002-04-29,1502.727880335796
2002-04-30,1520.9108876878593
2002-05-01,1532.3177193455183
2002-05-02,1529.2530839068272
2002-05-03,1514.7251796097125
2002-05-06,1487.1571813408157
2002-05-07,1481.8034154879886
2002-05-08,1534.70379742091
2002-05-09,1512.911003497533
2002-05-10,1488.4018452408732
2002-05-13,1514.5977177171126
2002-05-14,1548.0703272786607
2002-05-15,1542.1876600350017
2002-05-16,1547.7395356111278
2002-05-17,1558.5737123604056
2002-05-20,1538.7798262134284
2002-05-21,1521.2377361945953
2002-05-22,1527.0184395921349
2002-05-23,1543.2048350518114
2002-05-24,1525.4579794487156
2002-05-28,1514.1695904007952
2002-05-29,1504.17607110415
2002-05-30,1500.7164661406105
2002-05-31,1503.7178990728917
2002-06-03,1467.3279259153278
2002-06-04,1465.8605979894126
2002-06-05,1478.1738270125236
2002-06-06,1450.0885242992856
2002-06-07,1451.3936039711548
2002-06-10,1454.5866698998914
2002-06-11,1430.0041551785832
2002-06-12,1438.0121784475834
2002-06-13,1422.3378457025046
2002-06-14,1421.484442995083
2002-06-17,1461.0017105103466
2002-06-18,1461.8783115366527
2002-06-19,1438.1958828897589
2002-06-20,1418.636418882458
2002-06-21,1397.0731453154447
2002-06-24,1399.8672916060755
2002-06-25,1376.3495211070933
2002-06-26,1372.7710123522147
2002-06-27,1395.970842460967
2002-06-28,1397.7856045561664
2002-07-01,1365.496757090919
2002-07-02,1334.6365303806642
2002-07-03,1340.242003808263
2002-07-05,1387.9546191438374
2002-07-08,1371.2991637141113
2002-07-09,1339.0736333668297
2002-07-10,1298.6336096391515
2002-07-11,1306.0358212140948
2002-07-12,1298.9832277795388
2002-07-15,1293.3975999000868
2002-07-16,1274.1259756615755
2002-07-17,1282.1529693082434
2002-07-18,1247.6630544338516
2002-07-19,1205.4920431939872
2002-07-22,1167.2779454247377
2002-07-23,1134.0105239801328
2002-07-24,1195.700696484652
2002-07-25,1189.3634827932835
2002-07-26,1207.2039350351827
2002-07-29,1272.5136679205862
2002-07-30,1277.9854766926446
2002-07-31,1286.420180838816
2002-08-01,1252.0727620104194
2002-08-02,1222.6490521031747
2002-08-05,1181.934838668139
2002-08-06,1217.8656577636505
2002-08-07,1240.030812734949
2002-08-08,1277.9757556046384
2002-08-09,1281.9374804470128
2002-08-12,1276.5533430291355
2002-08-13,1249.235101488312
2002-08-14,1296.3312648144215
2002-08-15,1311.6279737392317
2002-08-16,1312.5461133208491
2002-08-19,1341.1596185912438
2002-08-20,1323.8586595114166
2002-08-21,1341.9955231467231
2002-08-22,1359.8440636045748
2002-08-23,1329.3835565798324
2002-08-26,1340.683316810761
2002-08-27,1320.0367937318754
2002-08-28,1296.540138803448
2002-08-29,1299.3925271088156
2002-08-30,1295.7542280329108
2002-09-03,1244.701511448414
2002-09-04,1267.7284894102097
2002-09-05,1247.3180607307054
2002-09-06,1270.1439812420772
2002-09-09,1282.0833346657528
2002-09-10,1290.6732930080132
2002-09-11,1290.4151583494115
2002-09-12,1259.8323190965305
2002-09-13,1264.7456651410068
2002-09-16,1265.125088840549
2002-09-17,1241.0877121525787
2002-09-18,1235.502817447892
2002-09-19,1199.0554843331793
2002-09-20,1201.5735008502788
2002-09-23,1183.9103703877797
2002-09-24,1165.7965417208468
2002-09-25,1194.3585569930076
2002-09-26,1215.2598317403854
2002-09-27,1179.166614737696
2002-09-30,1164.309115392001
2002-10-01,1205.8749508114956
2002-10-02,1178.2604144379125
2002-10-03,1165.0638977962078
2002-10-04,1138.9664664855727
2002-10-07,1116.30103380251
2002-10-08,1133.603699826449
2002-10-09,1102.316237711239
2002-10-10,1140.0154530409634
2002-10-11,1182.7660325299996
2002-10-14,1191.9916075837336
2002-10-15,1246.5848232110686
2002-10-16,1216.542128971682
2002-10-17,1245.8607942798994
2002-10-18,1252.0900982512987
2002-10-21,1272.8747938822703
2002-10-22,1258.8731711495652
2002-10-23,1268.5664945674168
2002-10-24,1250.4259936951028
2002-10-25,1271.6832355879194
2002-10-28,1261.2554330560986
2002-10-29,1250.408636331816
2002-10-30,1263.412886149667
2002-10-31,1258.3592346050682
2002-11-01,1280.2546852871965
2002-11-04,1290.496722769494
2002-11-05,1298.7559017952187
2002-11-06,1311.6135852229913
2002-11-07,1282.6269249895631
2002-11-08,1270.9550199721582
2002-11-11,1244.5191555567374
2002-11-12,1254.9731164634138
2002-11-13,1255.3496083983528
2002-11-14,1286.1056738041123
2002-11-15,1294.0795289816976
2002-11-18,1281.2681416447788
2002-11-19,1275.2461813790483
2002-11-20,1300.3685311522156
2002-11-21,1328.4564914251036
2002-11-22,1325.2681958456835
2002-11-25,1330.1716881703126
2002-11-26,1303.7012715757232
2002-11-27,1340.0745370526859
2002-11-29,1336.1883208952331
2002-12-02,1334.9857514064274
2002-12-03,1314.560469409909
2002-12-04,1309.6965956730924
2002-12-05,1295.2899331206884
2002-12-06,1303.3207307060366
2002-12-09,1273.9960142651507
2002-12-10,1292.4689564719954
2002-12-11,1293.8906723241148
2002-12-12,1290.5265565760722
2002-12-13,1272.9753954066375
2002-12-16,1301.235449184665
2002-12-17,1291.47618331578
2002-12-18,1274.1704024593485
2002-12-19,1265.378626682379
2002-12-20,1281.0693216532404
2002-12-23,1284.143888025208
2002-12-24,1277.5947541962796
2002-12-26,1275.2950836387263
2002-12-27,1255.9105983674176
2002-12-30,1260.3062854617037
2002-12-31,1261.944683632804
2003-01-02,1301.5697466988743
2003-01-03,1300.1380199775056
2003-01-06,1327.8309598030266
2003-01-07,1319.4656247562675
2003-01-08,1301.652838822058
2003-01-09,1326.2540774757947
2003-01-10,1326.784579106785
2003-01-13,1325.192437611857
2003-01-14,1332.4809960187224
2003-01-15,1314.8922468712753
2003-01-16,1310.4216132319132
2003-01-17,1291.9446684853433
2003-01-21,1272.1779150575176
2003-01-22,1260.219442655977
2003-01-23,1272.6956151382713
2003-01-24,1237.3146770374271
2003-01-27,1216.8989848663095
2003-01-28,1232.231912075625
2003-01-29,1239.9949731217014
2003-01-30,1213.583080194209
2003-01-31,1229.1169436206949
2003-02-03,1233.6646763120914
2003-02-04,1217.1335696495094
2003-02-05,1211.1696151582266
2003-02-06,1203.4181296212141
2003-02-07,1190.6618974472292
2003-02-10,1198.877464539615
2003-02-11,1190.3654345413836
2003-02-12,1175.4858666096163
2003-02-13,1172.4296033564312
2003-02-14,1194.7057658202034
2003-02-18,1218.3609399834434
2003-02-19,1209.8324134035593
2003-02-20,1199.7908043723098
2003-02-21,1215.5080639095872
2003-02-24,1193.8720203719965
2003-02-25,1202.2291245146005
2003-02-26,1187.5619291955225
2003-02-27,1201.218891381271
2003-02-28,1206.1438888359344
2003-03-03,1198.0627247807336
2003-03-04,1180.810621543891
2003-03-05,1190.0209443919334
2003-03-06,1180.0247684590413
2003-03-07,1188.99295669933
2003-03-10,1160.9327229212258
2003-03-11,1151.529167865564
2003-03-12,1155.2140612027338
2003-03-13,1194.3758178775065
2003-03-14,1195.9285064407475
2003-03-17,1236.709668510377
2003-03-18,1242.1511910518227
2003-03-19,1251.0946796273959
2003-03-20,1254.5977447303524
2003-03-21,1282.073435339947
2003-03-24,1238.9957679125248
2003-03-25,1253.9876167042664
2003-03-26,1247.090684812393
2003-03-27,1245.9683031960617
2003-03-28,1239.9876553407205
2003-03-31,1219.4038602620647
2003-04-01,1233.061183497
2003-04-02,1265.1207742679221
2003-04-03,1258.9216824740092
2003-04-04,1260.8100649977202
2003-04-07,1263.0795231147163
2003-04-08,1260.048132259241
2003-04-09,1243.9195161663226
2003-04-10,1250.3878976503877
2003-04-11,1246.3866563779065
2003-04-14,1269.8187255178111
2003-04-15,1277.6916016160214
2003-04-16,1263.5092248380836
2003-04-17,1282.7145650556226
2003-04-21,1281.3035790340614
2003-04-22,1307.8265631200663
2003-04-23,1319.466219531835
2003-04-24,1308.778543153627
2003-04-25,1291.7644220926297
2003-04-28,1314.49947592146
2003-04-29,1318.968774139593
2003-04-30,1319.364464771835
2003-05-01,1318.9686554324035
2003-05-02,1339.5445664571491
2003-05-05,1337.1333862375263
2003-05-06,1347.8304533274265
2003-05-07,1341.6304332421203
2003-05-08,1328.3482919530231
2003-05-09,1346.8123332111702
2003-05-12,1363.6474873763098
2003-05-13,1360.5110981553444
2003-05-14,1357.381922629587
2003-05-15,1367.426548857046
2003-05-16,1363.1875265555893
2003-05-19,1331.8342134448108
2003-05-20,1330.236012388677
2003-05-21,1335.6899800394706
2003-05-22,1348.5126038478495
2003-05-23,1352.0187366178538
2003-05-27,1378.3831019819022
2003-05-28,1381.4155448062625
2003-05-29,1377.8238643897662
2003-05-30,1398.9045695149298
2003-06-02,1404.360297336038
2003-06-03,1409.8373024956486
2003-06-04,1431.8307644145807
2003-06-05,1439.7058336188609
2003-06-06,1434.9548043679188
2003-06-09,1416.1568964306991
2003-06-10,1429.6103869467909
2003-06-11,1448.0523609384043
2003-06-12,1450.6588551880934
2003-06-13,1435.8621348651748
2003-06-16,1466.5895845512896
2003-06-17,1468.4961510112064
2003-06-18,1466.2934067846898
2003-06-19,1444.4456350235978
2003-06-20,1445.1678578411095
2003-06-23,1423.2013064019247
2003-06-24,1426.0477090147285
2003-06-25,1417.49142276064
2003-06-26,1433.2255775532833
2003-06-27,1421.1864827018358
2003-06-30,1418.6283470329724
2003-07-01,1428.9843339663132
2003-07-02,1447.275333441082
2003-07-03,1436.8549510403063
2003-07-07,1464.298880605176
2003-07-08,1471.7668048962626
2003-07-09,1466.7627977596153
2003-07-10,1447.2548525494124
2003-07-11,1460.5695971928671
2003-07-14,1471.2317552523753
2003-07-15,1465.1997050558405
2003-07-16,1455.8224269434832
2003-07-17,1434.7130017528027
2003-07-18,1450.207902171733
2003-07-21,1429.6149499608944
2003-07-22,1443.3392534805191
2003-07-23,1445.937264136784
2003-07-24,1436.538671919895
2003-07-25,1458.2304058658854
2003-07-28,1457.9387597847121
2003-07-29,1449.6285088539391
2003-07-30,1447.019177538002
2003-07-31,1451.6496389061238
2003-08-01,1436.2621527337187
2003-08-04,1437.842041101726
2003-08-05,1413.2549421988865
2003-08-06,1413.5375931873264
2003-08-07,1421.5947574684942
2003-08-08,1426.2860201681403
2003-08-11,1432.4190500548632
2003-08-12,1448.032417700461
2003-08-13,1440.7922556119588
2003-08-14,1449.725167596753
2003-08-15,1451.0299202475899
2003-08-18,1465.97552842614
2003-08-19,1472.2792231983724
2003-08-20,1470.2180322858947
2003-08-21,1476.9810352344098
2003-08-22,1461.1773381574014
2003-08-25,1460.5928672221385
2003-08-26,1464.8285865370826
2003-08-27,1467.3187951341956
2003-08-28,1477.5900267001348
2003-08-29,1485.4212538416457
2003-09-02,1506.2171513954288
2003-09-03,1512.693885146429
2003-09-04,1516.021811693751
2003-09-05,1506.7740786424192
2003-09-08,1522.896561283893
2003-09-09,1510.8656784497502
2003-09-10,1490.1668186549887
2003-09-11,1499.4058529306496
2003-09-12,1502.85448639239
2003-09-15,1497.5944956900169
2003-09-16,1518.5608186296772
2003-09-17,1514.61256050124
2003-09-18,1533.5452175075054
2003-09-19,1530.0180635072381
2003-09-22,1510.1278286816441
2003-09-23,1519.9436595680747
2003-09-24,1491.3687187681949
2003-09-25,1479.2886321461724
2003-09-26,1466.8626076361445
2003-09-29,1481.3845474517423
2003-09-30,1467.1632557962055
2003-10-01,1498.8539821214035
2003-10-02,1503.50042946598
2003-10-03,1518.836133846533
2003-10-06,1526.2784309023807
2003-10-07,1534.062450899983
2003-10-08,1526.698951135663
2003-10-09,1535.0957953669092
2003-10-10,1533.8677187306157
2003-10-13,1546.2920472523338
2003-10-14,1553.095732260244
2003-10-15,1547.659897197333
2003-10-16,1553.2314728272436
2003-10-17,1535.9906034788612
2003-10-20,1542.2881649531246
2003-10-21,1546.1438853655072
2003-10-22,1522.797112696488
2003-10-23,1526.1472663444204
2003-10-24,1519.2796036458706
2003-10-27,1525.356722060454
2003-10-28,1549.6098939412154
2003-10-29,1553.9488016442508
2003-10-30,1552.2394579624422
2003-10-31,1556.585728444737
2003-11-03,1571.0619757192733
2003-11-04,1563.9921968285366
2003-11-05,1563.3665999498053
2003-11-06,1572.4341262295143
2003-11-07,1567.245093612957
2003-11-10,1555.647479920221
2003-11-11,1552.3806202123885
2003-11-12,1573.0272824612134
2003-11-13,1573.4991906459518
2003-11-14,1560.4391473635903
2003-11-17,1549.2039855025726
2003-11-18,1535.7259108287
2003-11-19,1547.3974277509983
2003-11-20,1535.4824675573157
2003-11-21,1538.706980739186
2003-11-24,1565.018870109826
2003-11-25,1569.8704286071666
2003-11-26,1576.1499103215951
2003-11-28,1577.7260602319166
2003-12-01,1595.238819500491
2003-12-02,1590.9316746878396
2003-12-03,1585.522506993901
2003-12-04,1589.644865512085
2003-12-05,1577.0866710745395
2003-12-08,1587.337734436524
2003-12-09,1572.2580259593772
2003-12-10,1567.698477684095
2003-12-11,1588.705637285062
2003-12-12,1593.6306247606458
2003-12-15,1581.9971211998932
2003-12-16,1589.9071068058925
2003-12-17,1592.2919674661014
2003-12-18,1612.036387862681
2003-12-19,1611.391573307536
2003-12-22,1617.1925829714432
2003-12-23,1623.1761955284376
2003-12-24,1620.2544783764863
2003-12-26,1623.3329618854016
2003-12-29,1644.273957093723
2003-12-30,1645.0960940722698
2003-12-31,1645.260603681677
2004-01-02,1642.463660655418
2004-01-05,1662.173224583283
2004-01-06,1665.4975710324495
2004-01-07,1671.1602627739599
2004-01-08,1678.6804839564427
2004-01-09,1666.5939844719562
2004-01-12,1676.0935701834464
2004-01-13,1667.5454929755108
2004-01-14,1680.8858569193148
2004-01-15,1683.4071857046938
2004-01-16,1695.5277174417677
2004-01-20,1698.0710090179305
2004-01-21,1708.9386634756452
2004-01-22,1703.4700597525232
2004-01-23,1701.0852016688698
2004-01-26,1720.1373559275612
2004-01-27,1703.6240373106566
2004-01-28,1679.0918511733832
2004-01-29,1683.2895808013166
2004-01-30,1680.7646464301147
2004-02-02,1685.302710975476
2004-02-03,1685.302710975476
2004-02-04,1668.9552746790139
2004-02-05,1672.7938718107755
2004-02-06,1696.0457066289453
2004-02-09,1694.3496609223164
2004-02-10,1703.8380190234814
2004-02-11,1721.5579344213254
2004-02-12,1713.6387679229872
2004-02-13,1703.871026945826
2004-02-17,1720.5689630098952
2004-02-18,1713.6866871578557
2004-02-19,1704.4327790472032
2004-02-20,1699.3194807100615
2004-02-23,1690.6529513584403
2004-02-24,1688.2860372265386
2004-02-25,1697.402781827562
2004-02-26,1702.3252498948618
2004-02-27,1704.1978076697465
2004-03-01,1721.580625307978
2004-03-02,1711.4232996186608
2004-03-03,1713.819292238127
2004-03-04,1721.1887151947508
2004-03-05,1725.3195681112181
2004-03-08,1710.826883739084
2004-03-09,1699.535426306406
2004-03-10,1674.0423949118099
2004-03-11,1650.2709929040623
2004-03-12,1672.384624208977
2004-03-15,1646.295424071317
2004-03-16,1653.3744943948236
2004-03-17,1673.5456632264404
2004-03-18,1670.1985718999874
2004-03-19,1653.4965861809876
2004-03-22,1630.0169346572177
2004-03-23,1628.5499194160261
2004-03-24,1624.1528346336029
2004-03-25,1651.4386022554472
2004-03-26,1651.4386022554472
2004-03-29,1673.5678795256704
2004-03-30,1681.4336485594408
2004-03-31,1681.4336485594408
2004-04-01,1692.1948239102212
2004-04-02,1707.5937968078044
2004-04-05,1721.0837878025861
2004-04-06,1716.0926448179587
2004-04-07,1707.512181593869
2004-04-08,1705.1216645396375
2004-04-12,1713.6472728623355
2004-04-13,1688.1139284966866
2004-04-14,1684.7377006396932
2004-04-15,1683.8953317893736
2004-04-16,1691.4728607824256
2004-04-19,1695.194101076147
2004-04-20,1670.10522838022
2004-04-21,1680.1258597505014
2004-04-22,1704.3196721309087
2004-04-23,1704.1492401636956
2004-04-26,1698.5255476711554
2004-04-27,1700.7336308831282
2004-04-28,1675.9029198722346
2004-04-29,1661.4901547613333
2004-04-30,1650.5243197399084
2004-05-03,1664.5537764576975
2004-05-04,1668.0493393882587
2004-05-05,1672.5530726046068
2004-05-06,1659.1726480237699
2004-05-07,1634.616892833018
2004-05-10,1613.5303349154722
2004-05-11,1628.8588730971692
2004-05-12,1630.813503744886
2004-05-13,1629.5088529418902
2004-05-14,1626.738687891889
2004-05-17,1608.3565407187107
2004-05-18,1620.5800504281729
2004-05-19,1617.5009483323593
2004-05-20,1617.8244485220257
2004-05-21,1624.9428760955225
2004-05-24,1629.6552104361992
2004-05-25,1656.7074869294402
2004-05-26,1661.3462678928424
2004-05-27,1669.8191338590962
2004-05-28,1670.153097685868
2004-06-01,1672.4913120226283
2004-06-02,1677.6760350898987
2004-06-03,1662.5769507740897
2004-06-04,1672.0536393935022
2004-06-07,1698.3048815319803
2004-06-08,1699.6635254372056
2004-06-09,1681.9870247726587
2004-06-10,1688.0421780618403
2004-06-14,1670.317735192191
2004-06-15,1682.176991112056
2004-06-16,1684.5320388996129
2004-06-17,1682.1736940451535
2004-06-18,1685.3698240638394
2004-06-21,1678.2912708027714
2004-06-22,1684.668777631822
2004-06-23,1699.8307966305083
2004-06-24,1695.9211857982582
2004-06-25,1692.0205670709222
2004-06-28,1687.790515653245
2004-06-29,1693.0226662517703
2004-06-30,1700.9798727831535
2004-07-01,1682.949486131652
2004-07-02,1678.0689326218703
2004-07-06,1662.462891548487
2004-07-07,1664.9565858858098
2004-07-08,1648.9730026613058
2004-07-09,1654.084818969556
2004-07-12,1654.7464528971436
2004-07-13,1656.235724704751
2004-07-14,1650.7701468132254
2004-07-15,1645.487682343423
2004-07-16,1636.1084025540656
2004-07-19,1634.1450724710007
2004-07-20,1647.70847657251
2004-07-21,1622.9928494239225
2004-07-22,1625.4273386980585
2004-07-23,1608.6854371094685
2004-07-26,1602.4115639047416
2004-07-27,1620.0380911076936
2004-07-28,1618.5800568256966
2004-07-29,1629.4245432064286
2004-07-30,1631.7057375669176
2004-08-02,1637.7430487959152
2004-08-03,1625.6237502348256
2004-08-04,1622.5350651093795
2004-08-05,1596.2499970546075
2004-08-06,1571.0292471011446
2004-08-09,1571.5005558752748
2004-08-10,1593.5015636575288
2004-08-11,1589.0397592792876
2004-08-12,1570.4479940957199
2004-08-13,1572.1754868892253
2004-08-16,1594.3431612543634
2004-08-17,1599.285625054252
2004-08-18,1620.8759809924845
2004-08-19,1614.8787398628124
2004-08-20,1627.7977697817148
2004-08-23,1622.7515966953915
2004-08-24,1623.4006973340697
2004-08-25,1637.1996032614093
2004-08-26,1636.5447234201047
2004-08-27,1642.108975479733
2004-08-30,1628.1510491881554
2004-08-31,1636.1289893291773
2004-09-01,1641.200989196098
2004-09-02,1659.2542000772548
2004-09-03,1651.953481596915
2004-09-07,1664.1779373607324
2004-09-08,1656.3563010551368
2004-09-09,1662.15354810883
2004-09-10,1671.1291772686177
2004-09-13,1676.3096777181506
2004-09-14,1679.6622970735868
2004-09-15,1668.5765259129012
2004-09-16,1674.750259058779
2004-09-17,1680.7793599913907
2004-09-20,1672.3754631914337
2004-09-21,1683.5803787948162
2004-09-22,1660.6836856432067
2004-09-23,1654.705224374891
2004-09-24,1657.1872822114535
2004-09-27,1645.5869712359734
2004-09-28,1656.1187278518835
2004-09-29,1664.5649333639283
2004-09-30,1665.730128817283
2004-10-01,1690.5495077366604
2004-10-04,1697.311705767607
2004-10-05,1695.6143940618394
2004-10-06,1707.4836948202721
2004-10-07,1689.7258643941414
2004-10-08,1676.3770300654276
2004-10-11,1680.4003349375846
2004-10-12,1676.703454200722
2004-10-13,1664.2958486396367
2004-10-14,1649.150756417016
2004-10-15,1656.7368498965343
2004-10-18,1665.3518815159964
2004-10-19,1650.197179394201
2004-10-20,1652.1774160094742
2004-10-21,1658.4556901903102
2004-10-22,1642.036978857426
2004-10-25,1641.7085714616546
2004-10-26,1664.1999788906794
2004-10-27,1687.3323585972598
2004-10-28,1689.6946238992962
2004-10-29,1692.9050436847049
2004-11-01,1694.090077215284
2004-11-02,1694.090077215284
2004-11-03,1714.0803401264245
2004-11-04,1740.1343612963462
2004-11-05,1747.9649659221798
2004-11-08,1745.8674079630732
2004-11-09,1746.914928407851
2004-11-10,1746.914928407851
2004-11-11,1762.8118542563627
2004-11-12,1777.9720362029673
2004-11-15,1779.3944138319296
2004-11-16,1767.8283501420221
2004-11-17,1779.142451582931
2004-11-18,1780.3878512990389
2004-11-19,1760.6255461496196
2004-11-22,1771.5414245357472
2004-11-23,1772.781503532922
2004-11-24,1781.2908547498798
2004-11-26,1783.6065328610548
2004-11-29,1780.0393197953326
2004-11-30,1773.6311782440694
2004-12-01,1800.0582827999058
2004-12-02,1798.9782478302257
2004-12-03,1799.8777369541406
2004-12-06,1797.7178836697956
2004-12-07,1777.044128007593
2004-12-08,1785.3962354092284
2004-12-09,1793.43051846857
2004-12-10,1793.43051846857
2004-12-13,1809.0333639792464
2004-12-14,1817.3549174535508
2004-12-15,1823.533924172893
2004-12-16,1818.4280291852087
2004-12-17,1808.4266750246902
2004-12-20,1806.437405682163
2004-12-21,1823.2372735550073
2004-12-22,1830.5302226492274
2004-12-23,1832.3607528718765
2004-12-27,1824.2983655592402
2004-12-28,1839.6224718299377
2004-12-29,1839.9903963243037
2004-12-30,1840.9103915224657
2004-12-31,1838.5172080134867
2005-01-03,1820.867442816557
2005-01-04,1797.3782528042234
2005-01-05,1788.3913615402023
2005-01-06,1794.6507313055931
2005-01-07,1790.8819647698515
2005-01-10,1798.5827572183618
2005-01-11,1786.5322527449987
2005-01-12,1793.4997285307043
2005-01-13,1779.8691305938708
2005-01-14,1791.7942537688496
2005-01-18,1809.3538374557843
2005-01-19,1791.9840406162086
2005-01-20,1778.3649619075254
2005-01-21,1768.5839546170341
2005-01-24,1760.0947516348724
2005-01-25,1766.2550832655945
2005-01-26,1777.3824902901677
2005-01-27,1778.9821345314285
2005-01-28,1773.8230863412873
2005-01-31,1791.206552587432
2005-02-01,1803.744998455544
2005-02-02,1810.4188549498294
2005-02-03,1805.7117659269597
2005-02-04,1826.1163088819346
2005-02-07,1824.2901925730528
2005-02-08,1825.9320537463684
2005-02-09,1807.8553264142793
2005-02-10,1814.3636055893708
2005-02-11,1828.5156417129679
2005-02-14,1830.3441573546806
2005-02-15,1835.652155411009
2005-02-16,1837.1206771353377
2005-02-17,1822.791135853682
2005-02-18,1823.1556940808525
2005-02-22,1796.5376209472722
2005-02-23,1806.2389241003875
2005-02-24,1821.4113310628306
2005-02-25,1839.2611621072465
2005-02-28,1828.225595134603
2005-03-01,1839.0121261458974
2005-03-02,1839.0121261458974
2005-03-03,1839.0121261458974
2005-03-04,1855.5632352812102
2005-03-07,1860.7588123399973
2005-03-08,1850.8967906345954
2005-03-09,1833.313271123567
2005-03-10,1833.6799337777916
2005-03-11,1823.7780621353916
2005-03-14,1835.085486120631
2005-03-15,1822.9739219122348
2005-03-16,1807.8432383603633
2005-03-17,1811.4589248370842
2005-03-18,1809.104028234796
2005-03-21,1802.4103433303271
2005-03-22,1786.008409206021
2005-03-23,1784.0437999558944
2005-03-24,1784.4006087158855
2005-03-28,1787.4340897507025
2005-03-29,1772.2408999878216
2005-03-30,1796.343376227656
2005-03-31,1796.343376227656
2005-04-01,1785.0264129574218
2005-04-04,1790.381492196294
2005-04-05,1797.7220563142987
2005-04-06,1801.8568170438216
2005-04-07,1812.3075865826759
2005-04-08,1796.5405105794066
2005-04-11,1795.103278170943
2005-04-12,1805.3353668565173
2005-04-13,1783.4908089175535
2005-04-14,1764.0507591003523
2005-04-15,1736.1787571065665
2005-04-18,1741.387293377886
2005-04-19,1754.6218368075579
2005-04-20,1731.1099041943367
2005-04-21,1763.6547703931901
2005-04-22,1749.192801275966
2005-04-25,1765.6352136079604
2005-04-26,1750.4507507709318
2005-04-27,1755.8771480983219
2005-04-28,1734.9822100359518
2005-04-29,1753.1995232413292
2005-05-02,1762.4914807145083
2005-05-03,1761.962733270294
2005-05-04,1784.6920525294806
2005-05-05,1781.4796068349276
2005-05-06,1781.1233109135608
2005-05-09,1792.1662754412248
2005-05-10,1773.8861794317243
2005-05-11,1780.981724149451
2005-05-12,1762.9938087355417
2005-05-13,1754.3551390727375
2005-05-16,1772.6004325190938
2005-05-17,1784.4768554169716
2005-05-18,1805.1767869398086
2005-05-19,1813.8416355171196
2005-05-20,1811.6650255544992
2005-05-23,1819.636351666939
2005-05-24,1820.728133477939
2005-05-25,1812.899002503984
2005-05-26,1826.4957450227641
2005-05-27,1829.9660869383074
2005-05-31,1821.1822497210035
2005-06-01,1837.7550081934648
2005-06-02,1842.3493957139483
2005-06-03,1830.189889702236
2005-06-06,1832.9351745367896
2005-06-07,1832.5685875018823
2005-06-08,1827.6206523156272
2005-06-09,1838.586376229521
2005-06-10,1834.909203477062
2005-06-13,1840.2304401671452
2005-06-14,1846.3032006196968
2005-06-15,1850.549697981122
2005-06-16,1859.2472815616331
2005-06-17,1866.1264965034113
2005-06-20,1865.0068206055091
2005-06-21,1861.8363090104797
2005-06-22,1862.953410795886
2005-06-23,1843.2061046414494
2005-06-24,1830.119341298495
2005-06-27,1829.021269693716
2005-06-28,1848.4088951524693
2005-06-29,1847.2998498153777
2005-06-30,1835.8465907465225
2005-07-01,1841.9048844959862
2005-07-05,1859.0345999217989
2005-07-06,1845.649550802362
2005-07-07,1850.6328045895282
2005-07-08,1873.0254615250615
2005-07-11,1886.1366397557367
2005-07-12,1890.0975266992239
2005-07-13,1890.4755462045637
2005-07-14,1893.500307078491
2005-07-15,1895.9618574776932
2005-07-18,1885.7236634473138
2005-07-19,1900.0551632895135
2005-07-20,1910.505466687606
2005-07-21,1896.5587767807865
2005-07-22,1907.5588176861152
2005-07-25,1898.784047124759
2005-07-26,1902.9613720284333
2005-07-27,1911.1441059281556
2005-07-28,1924.139885848467
2005-07-29,1911.632976590452
2005-08-01,1914.6915893529967
2005-08-02,1928.2858996374032
2005-08-03,1928.0930710474395
2005-08-04,1912.4755171719553
2005-08-05,1897.1757130345795
2005-08-08,1891.2944683241724
2005-08-09,1901.885717346788
2005-08-10,1899.6034544859717
2005-08-11,1913.2805993582708
2005-08-12,1902.7575560618004
2005-08-15,1908.8463802411984
2005-08-16,1885.74933904028
2005-08-17,1886.880788643704
2005-08-18,1884.2391555396027
2005-08-19,1885.7465468640341
2005-08-22,1889.5180399577623
2005-08-23,1883.849485837889
2005-08-24,1873.4883136657807
2005-08-25,1877.6099879558453
2005-08-26,1865.4055230341323
2005-08-29,1877.7171994861576
2005-08-30,1872.0840478876992
2005-08-31,1893.2385976288303
2005-09-01,1895.8891316655108
2005-09-02,1889.2535197046816
2005-09-06,1912.4913379970492
2005-09-07,1918.4200611448402
2005-09-08,1910.9382229063754
2005-09-09,1925.0791657558827
2005-09-12,1925.2716736724583
2005-09-13,1910.832136119915
2005-09-14,1902.6155579345996
2005-09-15,1902.425296378806
2005-09-16,1916.3130010423715
2005-09-19,1905.9649108367428
2005-09-20,1891.2889810232998
2005-09-21,1871.9978334168622
2005-09-22,1877.8010267004547
2005-09-23,1880.8055083431755
2005-09-26,1883.2505555040218
2005-09-27,1883.0622304484714
2005-09-28,1884.380374009785
2005-09-29,1901.9051114880763
2005-09-30,1905.8991122222012
2005-10-03,1906.0897021334233
2005-10-04,1887.9818499631558
2005-10-05,1857.585342178749
2005-10-06,1847.368622796766
2005-10-07,1855.312307874792
2005-10-10,1841.9540592580934
2005-10-11,1836.0598062684676
2005-10-12,1821.7385397795736
2005-10-13,1820.28114894775
2005-10-14,1837.0277355180694
2005-10-17,1842.7225214981756
2005-10-18,1823.9267517788942
2005-10-19,1850.556082354866
2005-10-20,1823.908074768956
2005-10-21,1829.9269714156937
2005-10-24,1861.0357299297605
2005-10-25,1855.4526227399713
2005-10-26,1847.1030859376415
2005-10-27,1824.199007672015
2005-10-28,1852.6565121916983
2005-10-31,1870.8125460111771
2005-11-01,1865.948433391548
2005-11-02,1887.59343521889
2005-11-03,1895.898846333853
2005-11-04,1896.2780261031198
2005-11-07,1901.2083489709878
2005-11-08,1894.363998914692
2005-11-09,1897.3949813129557
2005-11-10,1912.7638806615905
2005-11-11,1918.1196195274429
2005-11-14,1916.393311869868
2005-11-15,1907.1946239728927
2005-11-16,1909.4832575216603
2005-11-17,1929.914728377142
2005-11-18,1938.4063531820013
2005-11-21,1950.2306319364116
2005-11-22,1959.7867620328998
2005-11-23,1966.0580796714053
2005-11-25,1969.793590022781
2005-11-28,1950.0956541225532
2005-11-29,1950.4856732533776
2005-11-30,1942.2936334257136
2005-12-01,1967.3492212969052
2005-12-02,1968.7263657518129
2005-12-05,1963.2139319277078
2005-12-06,1965.9624314324067
2005-12-07,1956.7224080046742
2005-12-08,1956.5267357638738
2005-12-09,1962.2006632975888
2005-12-12,1964.555304093546
2005-12-13,1973.5922584923762
2005-12-14,1980.697190622949
2005-12-15,1976.5377265226407
2005-12-16,1971.2010746610295
2005-12-19,1957.2055470309363
2005-12-20,1957.2055470309363
2005-12-21,1964.2514870002478
2005-12-22,1973.4834689891488
2005-12-23,1975.4569524581377
2005-12-27,1956.0974743240479
2005-12-28,1960.2052790201283
2005-12-29,1955.304765822578
2005-12-30,1945.9193029466296
2006-01-03,1975.4972763514186
2006-01-04,1984.9796632779053
2006-01-05,1985.972153109544
2006-01-06,2004.8388885640848
2006-01-09,2014.2616313403357
2006-01-10,2015.6716144822738
2006-01-11,2021.7186293257203
2006-01-12,2008.9818019609684
2006-01-13,2012.5979692044982
2006-01-17,2004.950096921521
2006-01-18,1998.33376160168
2006-01-19,2011.1230976759307
2006-01-20,1975.1239942275315
2006-01-23,1979.0742422159865
2006-01-24,1988.3758911544014
2006-01-25,1984.2003017829772
2006-01-26,2000.4707442575977
2006-01-27,2014.273992392975
2006-01-30,2016.8925485830862
2006-01-31,2013.0604527407784
2006-02-01,2016.2813494651637
2006-02-02,1998.941329859763
2006-02-03,1989.1465173434501
2006-02-06,1991.5334931642624
2006-02-07,1973.609691725784
2006-02-08,1989.2012082904178
2006-02-09,1985.819566236324
2006-02-10,1989.1954594989256
2006-02-13,1980.2440799311805
2006-02-14,2000.6405939544716
2006-02-15,2009.2433485084757
2006-02-16,2024.714522291991
2006-02-17,2021.8799219607822
2006-02-21,2014.6011542417234
2006-02-22,2029.7106628985364
2006-02-23,2024.2304441087103
2006-02-24,2028.4813280413387
2006-02-27,2037.0009496191121
2006-02-28,2015.0013393632257
2006-03-01,2033.5393516853676
2006-03-02,2030.6923965930082
2006-03-03,2028.0524964774374
2006-03-06,2013.2477132531521
2006-03-07,2005.59737194279
2006-03-08,2008.8063277378985
2006-03-09,1999.1640573647567
2006-03-10,2013.3581221720467
2006-03-13,2018.3915174774768
2006-03-14,2038.979110955747
2006-03-15,2049.1740065105255
2006-03-16,2051.837932718989
2006-03-17,2055.9416085844273
2006-03-20,2054.913637780135
2006-03-21,2041.1457164070082
2006-03-22,2054.4131635636536
2006-03-23,2051.1261025019517
2006-03-24,2056.048805147956
2006-03-27,2055.020780745382
2006-03-28,2042.8961581389844
2006-03-29,2061.077933946421
2006-03-30,2058.1924248388964
2006-03-31,2053.8702207467345
2006-04-03,2055.924090967481
2006-04-04,2067.437265876899
2006-04-05,2076.5339898467573
2006-04-06,2074.042149058941
2006-04-07,2053.3017275683515
2006-04-10,2053.3017275683515
2006-04-11,2036.6699835750478
2006-04-12,2040.9469905405554
2006-04-13,2043.8043163273123
2006-04-17,2038.4904251048613
2006-04-18,2073.9601585016862
2006-04-19,2081.011623040592
2006-04-20,2081.635926527504
2006-04-21,2079.970617786282
2006-04-24,2074.1467000564808
2006-04-25,2065.4352839162434
2006-04-26,2069.979241540859
2006-04-27,2075.3611875688653
2006-04-28,2076.813940400163
2006-05-01,2068.7143660326024
2006-05-02,2080.299166482385
2006-05-03,2074.2662988995858
2006-05-04,2082.355937465294
2006-05-05,2104.428910402426
2006-05-08,2103.7975817293054
2006-05-09,2103.7975817293054
2006-05-10,2100.010746082193
2006-05-11,2071.8706020846917
2006-05-12,2046.38659367905
2006-05-15,2047.6144256352572
2006-05-16,2045.3620497670586
2006-05-17,2011.818112150879
2006-05-18,1998.338930799468
2006-05-19,2006.332286522666
2006-05-22,1995.698725404096
2006-05-23,1987.3167907573988
2006-05-24,1988.5091808318532
2006-05-25,2013.1666946741682
2006-05-26,2025.648328181148
2006-05-30,1992.6302604317953
2006-05-31,2011.7595109319407
2006-06-01,2038.1135605251493
2006-06-02,2041.7821649340947
2006-06-05,2002.57994736736
2006-06-06,1997.3732395042048
2006-06-07,1986.3876866869318
2006-06-08,1986.983602992938
2006-06-09,1978.6382718603677
2006-06-12,1949.7501530912064
2006-06-13,1927.7179763612758
2006-06-14,1936.9710226478098
2006-06-15,1982.4898416800336
2006-06-16,1974.3616333291454
2006-06-19,1954.8154531591867
2006-06-20,1954.0335269779232
2006-06-21,1976.114105832774
2006-06-22,1966.23353530361
2006-06-23,1967.2166520712617
2006-06-26,1977.4461786620325
2006-06-27,1958.2649507290107
2006-06-28,1967.8604489875827
2006-06-29,2013.5148114040949
2006-06-30,2013.5148114040949
2006-07-03,2028.4148210084854
2006-07-05,2010.9704535478124
2006-07-06,2015.9978796816818
2006-07-07,2000.2730962201647
2006-07-10,2001.4732600778966
2006-07-11,2009.2790057922005
2006-07-12,1985.3685856232732
2006-07-13,1957.3748885659852
2006-07-14,1946.0221142123025
2006-07-17,1942.130069983878
2006-07-18,1945.8201171168473
2006-07-19,1984.7365194591844
2006-07-20,1963.1028913970792
2006-07-21,1946.0238962419246
2006-07-24,1980.4685192054067
2006-07-25,1994.5298456917653
2006-07-26,1992.3358628615044
2006-07-27,1981.1787820294799
2006-07-28,2007.5284598304722
2006-07-31,2006.1231899085908
2006-08-01,1994.4876754071208
2006-08-02,2007.6512940648076
2006-08-03,2013.4734828175954
2006-08-04,2011.258661986496
2006-08-07,2004.6215084019407
2006-08-08,1996.6030223683329
2006-08-09,1986.6200072564911
2006-08-10,1996.7517692934994
2006-08-11,1987.3670359778198
2006-08-14,1990.1493498281889
2006-08-15,2019.6035602056459
2006-08-16,2038.3858733155585
2006-08-17,2042.4626450621895
2006-08-18,2048.9985255263887
2006-08-21,2039.5731323089672
2006-08-22,2041.408748128045
2006-08-23,2030.5892817629665
2006-08-24,2034.2443424701398
2006-08-25,2033.227220298905
2006-08-28,2045.4265836206985
2006-08-29,2052.381034005009
2006-08-30,2055.459605556017
2006-08-31,2056.4873353587946
2006-09-01,2066.9754207691244
2006-09-05,2071.7294642368934
2006-09-06,2048.733267183864
2006-09-07,2038.8993475013813
2006-09-08,2046.0354952176363
2006-09-11,2045.8308916681144
2006-09-12,2070.3808623681316
2006-09-13,2079.9046143350247
2006-09-14,2076.992747874956
2006-09-15,2081.562131920281
2006-09-18,2082.811069199433
2006-09-19,2077.1874793125944
2006-09-20,2090.0660416843325
2006-09-21,2077.943658642563
2006-09-22,2069.839678373857
2006-09-25,2088.0542675435468
2006-09-26,2103.2970636966147
2006-09-27,2105.1900310539413
2006-09-28,2108.5583351036275
2006-09-29,2102.021804264806
2006-10-02,2093.4035148673206
2006-10-03,2096.334279788135
2006-10-04,2123.5866254253806
2006-10-05,2133.1427652397947
2006-10-06,2126.9566512205993
2006-10-09,2131.6359558532845
2006-10-10,2136.538718551747
2006-10-11,2130.556410139802
2006-10-12,2153.7794750103258
2006-10-13,2158.9485457503506
2006-10-16,2166.936655369627
2006-10-17,2157.6188277515375
2006-10-18,2159.776446579289
2006-10-19,2162.368178315184
2006-10-20,2162.368178315184
2006-10-23,2174.909913749412
2006-10-24,2175.562386723537
2006-10-25,2182.741742599725
2006-10-26,2196.7112897523634
2006-10-27,2177.819572660493
2006-10-30,2179.7796102758875
2006-10-31,2178.6897204707498
2006-11-01,2159.952988874701
2006-11-02,2159.305002978039
2006-11-03,2157.3616284753584
2006-11-06,2182.818495691368
2006-11-07,2188.2755419305963
2006-11-08,2195.0591961105815
2006-11-09,2182.766864612362
2006-11-10,2189.0968885197376
2006-11-13,2195.445269496445
2006-11-14,2211.472019963769
2006-11-15,2219.8756136396314
2006-11-16,2223.8713897441826
2006-11-17,2224.9833254390546
2006-11-20,2224.093332108879
2006-11-21,2227.6518814402534
2006-11-22,2234.11207189643
2006-11-24,2227.4097356807406
2006-11-27,2193.7758486719613
2006-11-28,2200.795931387712
2006-11-29,2222.1436519221725
2006-11-30,2224.810224304479
2006-12-01,2218.5807556764266
2006-12-04,2240.766563233191
2006-12-05,2250.1777827987703
2006-12-06,2248.377640572531
2006-12-07,2239.6089677742984
2006-12-08,2243.1923421227375
2006-12-11,2247.678726806983
2006-12-12,2243.63290509873
2006-12-13,2246.100901294339
2006-12-14,2264.5189286849527
2006-12-15,2266.556995720769
2006-12-18,2256.5841449395975
2006-12-19,2260.645996400489
2006-12-20,2258.3853504040885
2006-12-21,2250.2551631426336
2006-12-22,2239.903989392177
2006-12-26,2250.207547743381
2006-12-27,2267.3091251062306
2006-12-28,2263.6814305060607
2006-12-29,2252.589391496581
2007-01-03,2251.913614679132
2007-01-04,2255.9670591855547
2007-01-05,2239.949693065337
2007-01-08,2245.773562267307
2007-01-09,2246.2227169797607
2007-01-10,2251.83827377221
2007-01-11,2268.952244652879
2007-01-12,2280.9776915495395
2007-01-16,2281.433887087849
2007-01-17,2278.6961664233436
2007-01-18,2268.214164057796
2007-01-19,2276.1529136319987
2007-01-22,2263.8616878983858
2007-01-23,2272.6907484811895
2007-01-24,2291.7813507684314
2007-01-25,2265.884221504748
2007-01-26,2264.977867816146
2007-01-29,2265.8838589632724
2007-01-30,2277.893043415778
2007-01-31,2292.927137502322
2007-02-01,2306.913993041086
2007-02-02,2310.605055429952
2007-02-05,2308.294450374522
2007-02-06,2311.064403714972
2007-02-07,2316.379851843516
2007-02-08,2314.526747962041
2007-02-09,2297.6307027019184
2007-02-12,2290.048521383002
2007-02-13,2306.9948804412365
2007-02-14,2324.066642556502
2007-02-15,2327.0879291918254
2007-02-16,2327.5533467776636
2007-02-20,2337.794581503485
2007-02-21,2336.1581252964324
2007-02-22,2335.223662046314
2007-02-23,2328.4515134263797
2007-02-26,2324.493145853555
2007-02-27,2245.4603788945337
2007-02-28,2256.4631347511167
2007-03-01,2251.273269541189
2007-03-02,2224.032862979741
2007-03-05,2200.0133080595597
2007-03-06,2235.2135209885128
2007-03-07,2230.9666152986347
2007-03-08,2246.5833816057248
2007-03-09,2249.0546233254913
2007-03-12,2255.8017871954676
2007-03-13,2210.4601712728386
2007-03-14,2223.5018862833485
2007-03-15,2233.9523451488803
2007-03-16,2225.016535768285
2007-03-19,2249.491717661736
2007-03-20,2264.7882613418356
2007-03-21,2302.38374648011
2007-03-22,2302.38374648011
2007-03-23,2304.9163686012384
2007-03-26,2306.7603016961193
2007-03-27,2292.9197398859424
2007-03-28,2276.4107177587634
2007-03-29,2283.4675909838156
2007-03-30,2282.325857188324
2007-04-02,2287.8034392455756
2007-04-03,2309.7663522623334
2007-04-04,2312.5380718850483
2007-04-05,2320.1694475222694
2007-04-09,2321.5615491907824
2007-04-10,2327.365453063759
2007-04-11,2312.935787254764
2007-04-12,2327.507282714469
2007-04-13,2335.6535582039696
2007-04-16,2360.878616632572
2007-04-17,2363.4755831108682
2007-04-18,2363.9482782274904
2007-04-19,2358.9839868432127
2007-04-20,2380.214842724801
2007-04-23,2375.216391555079
2007-04-24,2373.5537400809903
2007-04-25,2395.6277898637436
2007-04-26,2395.6277898637436
2007-04-27,2392.9925992948934
2007-04-30,2371.21636664131
2007-05-01,2376.907285921249
2007-05-02,2396.160234937211
2007-05-03,2405.505259853466
2007-05-04,2412.0001240550705
2007-05-07,2416.8241243031807
2007-05-08,2414.165617766447
2007-05-09,2423.098030552183
2007-05-10,2389.1746581244524
2007-05-11,2412.34965230826
2007-05-14,2406.077543212258
2007-05-15,2400.0623493542275
2007-05-16,2420.2228730888028
2007-05-17,2418.2866947903317
2007-05-18,2434.731044314906
2007-05-21,2442.522183656714
2007-05-22,2444.7204536220047
2007-05-23,2440.8089008962093
2007-05-24,2415.180407436799
2007-05-25,2428.9469357591893
2007-05-29,2435.019303098587
2007-05-30,2454.2559555930657
2007-05-31,2457.9373395264556
2007-06-01,2469.2438512882773
2007-06-04,2474.1823389908536
2007-06-05,2461.069172594202
2007-06-06,2438.6734431235946
2007-06-07,2396.4843925575565
2007-06-08,2422.606072436434
2007-06-11,2425.02867850887
2007-06-12,2399.808380252378
2007-06-13,2433.165716737886
2007-06-14,2445.8181784649237
2007-06-15,2463.183487532025
2007-06-18,2460.720304044493
2007-06-19,2464.6574565309643
2007-06-20,2433.356306833021
2007-06-21,2447.4697734126526
2007-06-22,2417.365895199677
2007-06-25,2408.663377976958
2007-06-26,2400.7147888296345
2007-06-27,2423.2815078446333
2007-06-28,2424.4931485985553
2007-06-29,2420.3715102459378
2007-07-02,2446.5115225565937
2007-07-03,2455.808266342309
2007-07-05,2458.018493782017
2007-07-06,2468.3421714559013
2007-07-09,2471.3041820616486
2007-07-10,2436.4587930945795
2007-07-11,2450.3466082152186
2007-07-12,2494.207812502271
2007-07-13,2501.441015158527
2007-07-16,2494.1868362145674
2007-07-17,2495.4339296326743
2007-07-18,2489.9439749874823
2007-07-19,2501.3977172724244
2007-07-20,2470.6305253499736
2007-07-23,2480.0189213463036
2007-07-24,2430.170541027243
2007-07-25,2437.9470867585305
2007-07-26,2380.899124928381
2007-07-27,2345.423727966948
2007-07-30,2367.705253382634
2007-07-31,2340.003101918057
2007-08-01,2352.6391186684145
2007-08-02,2366.0491616448244
2007-08-03,2303.585463777401
2007-08-06,2351.7303999703486
2007-08-07,2367.4869936501495
2007-08-08,2402.7625498555367
2007-08-09,2337.407408499466
2007-08-10,2338.8098529445656
2007-08-13,2337.874329003388
2007-08-14,2295.792591081327
2007-08-15,2262.733177769756
2007-08-16,2270.4264705741734
2007-08-17,2324.4626205738386
2007-08-20,2324.9275130979536
2007-08-21,2328.8798898702203
2007-08-22,2357.292224526637
2007-08-23,2352.1061816326783
2007-08-24,2381.0370876667603
2007-08-27,2361.2744798391263
2007-08-28,2306.492911906859
2007-08-29,2356.0825095128566
2007-08-30,2346.422571223854
2007-08-31,2373.171788535806
2007-09-04,2398.0900923154322
2007-09-05,2373.6295733738148
2007-09-06,2384.0735434966596
2007-09-07,2344.0211079659157
2007-09-10,2338.161055196001
2007-09-11,2370.1938616521866
2007-09-12,2369.9568422660213
2007-09-13,2386.78353584611
2007-09-14,2389.647676089126
2007-09-17,2375.787719567809
2007-09-18,2444.685563435275
2007-09-19,2459.59814537223
2007-09-20,2444.1026770563853
2007-09-21,2455.101139103139
2007-09-24,2441.843592951982
2007-09-25,2441.599408592687
2007-09-26,2456.7373249259613
2007-09-27,2467.792642888128
2007-09-28,2459.1553686380194
2007-10-01,2493.091712725224
2007-10-02,2496.083422780495
2007-10-03,2484.3518306934266
2007-10-04,2489.072099171744
2007-10-05,2516.7007994725504
2007-10-08,2510.1573773939217
2007-10-09,2529.987620675334
2007-10-10,2526.9516355305236
2007-10-11,2512.8007063715527
2007-10-12,2525.867270044685
2007-10-15,2503.639638068292
2007-10-16,2487.115616457041
2007-10-17,2492.8359823748924
2007-10-18,2490.592429990755
2007-10-19,2429.8219746989807
2007-10-22,2441.4851201775355
2007-10-23,2462.481892211062
2007-10-24,2454.6019501559867
2007-10-25,2450.183666645706
2007-10-26,2483.996201245417
2007-10-29,2494.180585670523
2007-10-30,2478.716666039366
2007-10-31,2509.452752698254
2007-11-01,2443.20320002702
2007-11-02,2445.646403227047
2007-11-05,2431.706218728653
2007-11-06,2460.886693353397
2007-11-07,2393.4583979555136
2007-11-08,2392.740360436127
2007-11-09,2358.284899245847
2007-11-12,2333.287079313841
2007-11-13,2399.3191036584226
2007-11-14,2384.683257126106
2007-11-15,2355.1131847377424
2007-11-16,2364.769148795167
2007-11-19,2322.439781031733
2007-11-20,2330.336076287241
2007-11-21,2294.914967927675
2007-11-23,2332.0925904081037
2007-11-26,2283.585064527615
2007-11-27,2313.9567458858323
2007-11-28,2381.5242828656983
2007-11-29,2382.4768925788444
2007-11-30,2399.6307262054124
2007-12-03,2385.712867993421
2007-12-04,2371.3985907854603
2007-12-05,2406.495289929085
2007-12-06,2444.036616451979
2007-12-07,2442.570194482108
2007-12-10,2460.1566998823796
2007-12-11,2398.8987980553084
2007-12-12,2410.653402165779
2007-12-13,2412.3408595472947
2007-12-14,2379.5330238574516
2007-12-17,2341.9364020805037
2007-12-18,2357.627375974443
2007-12-19,2355.505511336066
2007-12-20,2370.8162971597503
2007-12-21,2409.934766062886
2007-12-24,2429.4552376679953
2007-12-26,2432.1276384294306
2007-12-27,2396.132149380675
2007-12-28,2399.24712117487
2007-12-31,2383.6520148872332
2008-01-02,2349.0890606713683
2008-01-03,2346.0352448924955
2008-01-04,2286.445949672226
2008-01-07,2290.332907786669
2008-01-08,2249.1069154465085
2008-01-09,2274.072002207965
2008-01-10,2294.5386502278366
2008-01-11,2261.9562013946015
2008-01-14,2285.254350268966
2008-01-15,2230.8652967325643
2008-01-16,2219.934056778575
2008-01-17,2158.2198900001304
2008-01-18,2146.1338586161296
2008-01-22,2125.316360187553
2008-01-23,2168.672813935379
2008-01-24,2191.0101439189134
2008-01-25,2160.7742039328323
2008-01-28,2198.1555976608706
2008-01-29,2213.5426868444965
2008-01-30,2200.7041392607985
2008-01-31,2237.4558983864536
2008-02-01,2270.7939912724114
2008-02-04,2248.5402101579416
2008-02-05,2181.0840038532033
2008-02-06,2162.7628982208366
2008-02-07,2180.4975539862476
2008-02-08,2174.392160835086
2008-02-11,2187.4385138000966
2008-02-12,2201.000632585657
2008-02-13,2233.355341884666
2008-02-14,2203.4283803034114
2008-02-15,2202.9876946273507
2008-02-19,2201.886200780037
2008-02-20,2220.3820448665892
2008-02-21,2192.1831928967836
2008-02-22,2205.774728692744
2008-02-25,2238.199617204527
2008-02-26,2254.53847441012
2008-02-27,2252.28393593571
2008-02-28,2231.5629237251014
2008-02-29,2172.872818831131
2008-03-03,2172.2209569854817
2008-03-04,2164.618183636033
2008-03-05,2176.740045464395
2008-03-06,2127.763394441446
2008-03-07,2109.251852909805
2008-03-10,2073.1836462250476
2008-03-11,2147.196302395282
2008-03-12,2130.877610497078
2008-03-13,2144.941402726359
2008-03-14,2100.7556098301957
2008-03-17,2075.7566180732165
2008-03-18,2160.8626394142184
2008-03-19,2109.866281124043
2008-03-20,2158.393205589896
2008-03-24,2195.733408046601
2008-03-25,2204.077194997178
2008-03-26,2186.0037619982013
2008-03-27,2161.5205198638214
2008-03-28,2144.0122036529247
2008-03-31,2156.447474434112
2008-04-01,2229.3353990699848
2008-04-02,2227.551930750729
2008-04-03,2231.11601383993
2008-04-04,2234.908911063458
2008-04-07,2238.2612744300536
2008-04-08,2230.8750122244346
2008-04-09,2209.6816996083026
2008-04-10,2221.6139807861878
2008-04-11,2176.737378374307
2008-04-14,2168.683450074322
2008-04-15,2179.093130634679
2008-04-16,2228.994363326213
2008-04-17,2226.988268399219
2008-04-18,2264.624370135166
2008-04-21,2261.0009711429498
2008-04-22,2239.295361819977
2008-04-23,2245.341459296891
2008-04-24,2260.38524707418
2008-04-25,2275.9819052789917
2008-04-28,2275.526708897936
2008-04-29,2267.562365416793
2008-04-30,2260.986434557084
2008-05-01,2298.7449080141873
2008-05-02,2303.572272321017
2008-05-05,2294.3579832317328
2008-05-06,2311.795103904294
2008-05-07,2273.6504846898733
2008-05-08,2282.290356531695
2008-05-09,2270.194217642077
2008-05-12,2295.3933734579045
2008-05-13,2297.4592274940164
2008-05-14,2306.419318481243
2008-05-15,2330.1754374616
2008-05-16,2332.9716479865538
2008-05-19,2332.738350821755
2008-05-20,2314.309717850263
2008-05-21,2278.437917223584
2008-05-22,2287.323825100756
2008-05-23,2259.1897420520168
2008-05-27,2275.6818271689967
2008-05-28,2287.0602363048415
2008-05-29,2301.2400097699315
2008-05-30,2308.143729799241
2008-06-02,2285.7547356201885
2008-06-03,2275.4688393098977
2008-06-04,2276.1514799616907
2008-06-05,2320.76404896894
2008-06-06,2253.6939679537377
2008-06-09,2253.243229160147
2008-06-10,2246.4834994726666
2008-06-11,2209.641170081315
2008-06-12,2216.7120218255754
2008-06-13,2251.5144005682373
2008-06-16,2255.3419750492035
2008-06-17,2243.163128383938
2008-06-18,2221.8530786642905
2008-06-19,2229.6295644396155
2008-06-20,2189.7191952361463
2008-06-23,2186.4346164432923
2008-06-24,2174.627869514499
2008-06-25,2188.762950666343
2008-06-26,2127.0398354575523
2008-06-27,2119.595196033451
2008-06-30,2118.535398435434
2008-07-01,2124.89100463074
2008-07-02,2082.605673638588
2008-07-03,2079.690025695494
2008-07-07,2063.0525054899304
2008-07-08,2101.218976841494
2008-07-09,2058.3541097139278
2008-07-10,2071.9392468380397
2008-07-11,2053.9133753905485
2008-07-14,2035.0173723369555
2008-07-15,2015.4812055625207
2008-07-16,2066.472880063253
2008-07-17,2089.824023607968
2008-07-18,2088.361146791442
2008-07-21,2091.9113607409877
2008-07-22,2120.7797375192135
2008-07-23,2127.778310653027
2008-07-24,2078.839409508007
2008-07-25,2088.6099547326944
2008-07-28,2052.0592805248725
2008-07-29,2098.641026192787
2008-07-30,2132.2192826118717
2008-07-31,2107.485538933574
2008-08-01,2097.7911054544793
2008-08-04,2075.134961515571
2008-08-05,2130.333551491885
2008-08-06,2141.198252604494
2008-08-07,2104.3696426596966
2008-08-08,2152.7701444408694
2008-08-11,2170.8534136541725
2008-08-12,2148.276538152169
2008-08-13,2145.268950998756
2008-08-14,2158.9986722851477
2008-08-15,2167.41876710706
2008-08-18,2136.2079368607183
2008-08-19,2115.059478285797
2008-08-20,2126.692305416369
2008-08-21,2129.4570054134106
2008-08-22,2153.945760975665
2008-08-25,2112.80539694103
2008-08-26,2120.2002158303235
2008-08-27,2139.069997751213
2008-08-28,2171.5838617170316
2008-08-29,2144.6562218317404
2008-09-02,2135.2197344556807
2008-09-03,2130.5222510398785
2008-09-04,2068.737105759722
2008-09-05,2077.6326753144886
2008-09-08,2114.406773667555
2008-09-09,2042.5169433628582
2008-09-10,2057.018813660735
2008-09-11,2082.320145068762
2008-09-12,2088.567105503968
2008-09-15,1995.8347260195917
2008-09-16,2029.1651659441188
2008-09-17,1936.0264848272836
2008-09-18,2021.405252808167
2008-09-19,2107.9213976283563
2008-09-22,2025.2908788413247
2008-09-23,1994.1013993071683
2008-09-24,1987.9196849693162
2008-09-25,2021.9131115822913
2008-09-26,2024.3394073161903
2008-09-29,1857.3314062126046
2008-09-30,1948.1549119764009
2008-10-01,1938.9985838901116
2008-10-02,1857.560643366727
2008-10-03,1830.254501909236
2008-10-06,1757.9594490838213
2008-10-07,1656.7009848165933
2008-10-08,1635.4952122109407
2008-10-09,1515.1227645922154
2008-10-10,1500.57758605213
2008-10-13,1671.043199827652
2008-10-14,1656.672228309134
2008-10-15,1511.0507394407612
2008-10-16,1576.3281313846019
2008-10-17,1569.7075532327865
2008-10-20,1641.2862176602016
2008-10-21,1592.8682742392257
2008-10-22,1501.1190616430463
2008-10-23,1505.6224188279753
2008-10-24,1456.2380034904177
2008-10-27,1407.1627827727907
2008-10-28,1544.7833029279695
2008-10-29,1537.5228214042081
2008-10-30,1583.1872491999131
2008-10-31,1612.9511694848713
2008-11-03,1612.144693900129
2008-11-04,1669.6982594723636
2008-11-05,1585.3784973690092
2008-11-06,1508.8047159460862
2008-11-07,1548.184519032279
2008-11-10,1527.9033018329562
2008-11-11,1493.5254775417147
2008-11-12,1416.7582679960706
2008-11-13,1513.0978302198034
2008-11-14,1448.4885528694178
2008-11-17,1413.290281034691
2008-11-18,1423.3246420300375
2008-11-19,1333.655189582145
2008-11-20,1245.5005815507652
2008-11-21,1321.725217141672
2008-11-24,1404.5973882564547
2008-11-25,1417.8006037060654
2008-11-26,1472.8112671298607
2008-11-28,1488.423066561437
2008-12-01,1355.0603597975323
2008-12-02,1408.8562560814944
2008-12-03,1445.9091756164378
2008-12-04,1403.8332186059995
2008-12-05,1456.6173476255851
2008-12-08,1511.9688068353573
2008-12-09,1478.251902442929
2008-12-10,1495.990925272244
2008-12-11,1452.1583911617674
2008-12-12,1466.0991117169206
2008-12-15,1443.52118539648
2008-12-16,1517.8625264443988
2008-12-17,1508.299992527799
2008-12-18,1480.5472726652877
2008-12-19,1485.7291881196163
2008-12-22,1457.9460523017794
2008-12-23,1445.1161270415237
2008-12-24,1452.4862192894357
2008-12-26,1461.636882470959
2008-12-29,1453.4517159291217
2008-12-30,1489.3519733125709
2008-12-31,1514.6709568588844
2009-01-02,1561.9286907128815
2009-01-05,1557.867676117028
2009-01-06,1571.421124899246
2009-01-07,1524.7499174897384
2009-01-08,1531.91624210194
2009-01-09,1498.060893151487
2009-01-12,1464.2047169662635
2009-01-13,1468.4509106454655
2009-01-14,1418.8172698656485
2009-01-15,1424.9181841260709
2009-01-16,1435.8900541438416
2009-01-20,1359.9314702796323
2009-01-21,1416.6406125902931
2009-01-22,1393.8326987275893
2009-01-23,1399.8261793321178
2009-01-26,1407.5252233184447
2009-01-27,1422.585743207952
2009-01-28,1469.3888141594934
2009-01-29,1422.0744943435577
2009-01-30,1391.357685265737
2009-02-02,1392.1924998768964
2009-02-03,1412.518510375099
2009-02-04,1404.0433993128484
2009-02-05,1426.6484980417852
2009-02-06,1466.451991137151
2009-02-09,1466.891926734492
2009-02-10,1398.974830526685
2009-02-11,1409.4671417556353
2009-02-12,1413.6955431809022
2009-02-13,1401.6791310638646
2009-02-17,1340.5659209494802
2009-02-18,1336.142053410347
2009-02-19,1320.776419796128
2009-02-20,1305.3233356845133
2009-02-23,1260.5507452705344
2009-02-24,1311.098830155883
2009-02-25,1296.0211936090905
2009-02-26,1276.0624672275105
2009-02-27,1250.4136116362376
2009-03-02,1190.8939237223528
2009-03-03,1182.3194874715518
2009-03-04,1210.9316190683635
2009-03-05,1159.9513979055853
2009-03-06,1162.2713007013965
2009-03-09,1149.4863163936811
2009-03-10,1222.5936461163194
2009-03-11,1226.2614270546683
2009-03-12,1277.2739024201426
2009-03-13,1286.7257292980516
2009-03-16,1279.6487377869125
2009-03-17,1320.5974973960938
2009-03-18,1349.254463089589
2009-03-19,1335.3571421197664
2009-03-20,1309.317677848431
2009-03-23,1399.6605976199726
2009-03-24,1372.647148085907
2009-03-25,1385.5500312779147
2009-03-26,1422.6827721161628
2009-03-27,1393.8023118422047
2009-03-30,1345.1586111589118
2009-03-31,1362.6456731039775
2009-04-01,1385.129326710193
2009-04-02,1427.652797040196
2009-04-03,1442.072090290302
2009-04-06,1428.8050270596311
2009-04-07,1394.0850649020822
2009-04-08,1411.9293537328288
2009-04-09,1467.2769843991555
2009-04-13,1471.0919045585931
2009-04-14,1441.3758480865094
2009-04-15,1457.5192575850785
2009-04-16,1482.1513330382663
2009-04-17,1490.3031653699768
2009-04-20,1425.9220686259937
2009-04-21,1457.149761928903
2009-04-22,1448.4068633573295
2009-04-23,1457.9663486554878
2009-04-24,1483.7723530266899
2009-04-27,1469.6765156729364
2009-04-28,1466.7371626415904
2009-04-29,1502.0855282612529
2009-04-30,1501.3344854971224
2009-05-01,1508.0904906818594
2009-05-04,1558.76233116877
2009-05-05,1554.3977966414975
2009-05-06,1577.0920044724633
2009-05-07,1554.6972980089542
2009-05-08,1593.2537909995763
2009-05-11,1561.2293898004848
2009-05-12,1556.2334557531233
2009-05-13,1510.9470621907074
2009-05-14,1527.7185745810243
2009-05-15,1512.135845120298
2009-05-18,1559.4656970725634
2009-05-19,1558.8419107937345
2009-05-20,1551.3594696219245
2009-05-21,1525.2966305322761
2009-05-22,1523.008685586478
2009-05-26,1565.5006279143406
2009-05-27,1537.3216166118825
2009-05-28,1557.921726274482
2009-05-29,1579.4210460970698
2009-06-01,1622.53924065552
2009-06-02,1627.2446044534208
2009-06-03,1604.6259044515182
2009-06-04,1623.560490124046
2009-06-05,1620.4757251928104
2009-06-08,1617.2347737424247
2009-06-09,1625.1592241337626
2009-06-10,1619.4711668492944
2009-06-11,1629.673835200445
2009-06-12,1630.162737351005
2009-06-15,1591.364864202051
2009-06-16,1570.1997115081638
2009-06-17,1568.9435517389572
2009-06-18,1580.5537340218257
2009-06-19,1586.085672090902
2009-06-22,1537.3928419577114
2009-06-23,1538.6227562312774
2009-06-24,1550.6240137298814
2009-06-25,1584.582679630566
2009-06-26,1585.058054434455
2009-06-29,1598.0555304808174
2009-06-30,1586.2299195552594
2009-07-01,1594.9541841128134
2009-07-02,1548.7005127735417
2009-07-06,1548.2359026197098
2009-07-07,1518.5097732894114
2009-07-08,1515.6246047201616
2009-07-09,1520.9292908366822
2009-07-10,1515.7581312478376
2009-07-13,1552.59105383716
2009-07-14,1561.7513410547992
2009-07-15,1608.2915310182323
2009-07-16,1623.4094714098037
2009-07-17,1622.597766674099
2009-07-20,1641.9066800975206
2009-07-21,1646.9965908058232
2009-07-22,1648.3141880784676
2009-07-23,1687.3792343359273
2009-07-24,1693.791275426404
2009-07-27,1698.7032701251403
2009-07-28,1695.30586358489
2009-07-29,1687.5074566123994
2009-07-30,1708.4325490743931
2009-07-31,1709.2867653489302
2009-08-03,1737.1481396241177
2009-08-04,1742.707013670915
2009-08-05,1737.3046219285352
2009-08-06,1726.5333332725784
2009-08-07,1751.3954132717035
2009-08-10,1745.7909479492341
2009-08-11,1723.9685610998688
2009-08-12,1744.8285806891772
2009-08-13,1757.5658293282083
2009-08-14,1740.5174407837246
2009-08-17,1697.700711740445
2009-08-18,1716.5451896407642
2009-08-19,1728.904315006178
2009-08-20,1746.1933581562398
2009-08-21,1778.148696610499
2009-08-24,1776.5483627835495
2009-08-25,1781.3450433630649
2009-08-26,1781.1669088587287
2009-08-27,1784.907359367332
2009-08-28,1781.516035384534
2009-08-31,1766.194997480227
2009-09-01,1728.221805034402
2009-09-02,1723.3827839803057
2009-09-03,1739.4102438713228
2009-09-04,1762.1965180660372
2009-09-08,1777.8800670768248
2009-09-09,1793.880987680516
2009-09-10,1813.2549023474655
2009-09-11,1811.441647445118
2009-09-14,1823.2160181535112
2009-09-15,1831.2381686333865
2009-09-16,1859.4392364303408
2009-09-17,1853.8609187210498
2009-09-18,1858.124798834108
2009-09-21,1853.107861877256
2009-09-22,1865.3383737656459
2009-09-23,1846.6849900279894
2009-09-24,1827.1101291336927
2009-09-25,1815.416624307237
2009-09-28,1847.731040219906
2009-09-29,1845.513762971642
2009-09-30,1838.1317079197556
2009-10-01,1790.707909855426
2009-10-02,1781.3962287241777
2009-10-05,1807.9390325321679
2009-10-06,1833.2501789876183
2009-10-07,1838.0166294529859
2009-10-08,1853.4559691403908
2009-10-09,1864.206013761405
2009-10-12,1870.9171554109462
2009-10-13,1866.9882293845833
2009-10-14,1898.727029284121
2009-10-15,1905.3725738866156
2009-10-16,1890.1295932955227
2009-10-19,1907.8968114725008
2009-10-20,1894.350744111046
2009-10-21,1877.8698926372797
2009-10-22,1897.2119525314436
2009-10-23,1873.876245515307
2009-10-26,1851.764505818226
2009-10-27,1842.1353303879714
2009-10-28,1802.52942078463
2009-10-29,1841.6443092156567
2009-10-30,1790.9990907122262
2009-11-02,1800.31228598393
2009-11-03,1808.593722499456
2009-11-04,1809.8597381052055
2009-11-05,1846.7808767625515
2009-11-06,1851.582507042134
2009-11-09,1891.7618474449484
2009-11-10,1891.0051427059705
2009-11-11,1901.0274699623124
2009-11-12,1880.1161677927269
2009-11-13,1891.960899649821
2009-11-16,1921.4754896843583
2009-11-17,1924.1655553699165
2009-11-18,1921.4717235923988
2009-11-19,1894.9554138068236
2009-11-20,1888.7020609412612
2009-11-23,1913.2551877334975
2009-11-24,1911.915909102084
2009-11-25,1921.0931054657738
2009-11-27,1887.6660854306695
2009-11-30,1892.385250644246
2009-12-01,1916.986258902621
2009-12-02,1920.8202314204264
2009-12-03,1904.3011774302106
2009-12-04,1917.6312856722218
2009-12-07,1914.9466018722808
2009-12-08,1896.1801251739323
2009-12-09,1902.4375195870064
2009-12-10,1911.9497071849412
2009-12-11,1920.3622858965548
2009-12-14,1935.341111726548
2009-12-15,1926.4385426126057
2009-12-16,1929.9061319893085
2009-12-17,1907.5192208582325
2009-12-18,1920.2995996379825
2009-12-21,1939.88665555429
2009-12-22,1948.2281681731733
2009-12-23,1955.6314352122315
2009-12-24,1965.4095923882924
2009-12-28,1967.1784610214415
2009-12-29,1965.4080004065222
2009-12-30,1965.2114596064816
2009-12-31,1945.3628238644562
2010-01-04,1978.2394555877654
2010-01-05,1984.3719979000878
2010-01-06,1986.951681497358
2010-01-07,1994.8994882233476
2010-01-08,2001.4826565344847
2010-01-11,2004.0845839879796
2010-01-12,1984.0437381480997
2010-01-13,2000.9081099223583
2010-01-14,2005.710289386172
2010-01-15,1983.4469051739854
2010-01-19,2008.4383361791774
2010-01-20,1988.7556404846214
2010-01-21,1954.151292340189
2010-01-22,1912.527869813343
2010-01-25,1919.6042229316524
2010-01-26,1910.9660039284602
2010-01-27,1921.0941237492812
2010-01-28,1898.4252130890395
2010-01-29,1880.0104885220758
2010-02-01,1906.1426343125327
2010-02-02,1929.2069601877142
2010-02-03,1919.7538460827943
2010-02-04,1859.4735753157945
2010-02-05,1864.8660486842102
2010-02-08,1850.133606899605
2010-02-09,1874.7403838713699
2010-02-10,1871.5533252187886
2010-02-11,1892.701877793761
2010-02-12,1891.3769864793053
2010-02-16,1924.4760837426932
2010-02-17,1933.9060165530323
2010-02-18,1945.896233855661
2010-02-19,1951.3447433104566
2010-02-22,1950.3690709388015
2010-02-23,1926.1844944591605
2010-02-24,1944.2906287070768
2010-02-25,1941.7630508897578
2010-02-26,1944.0931665508256
2010-03-01,1967.4222845494355
2010-03-02,1973.718035859994
2010-03-03,1975.4943820922679
2010-03-04,1982.8037113060093
2010-03-05,2011.1578043776851
2010-03-08,2011.5600359385605
2010-03-09,2015.7843120140315
2010-03-10,2026.6695472989074
2010-03-11,2035.3842263522927
2010-03-12,2034.9771495070222
2010-03-15,2034.5701540771208
2010-03-16,2050.4398012789225
2010-03-17,2062.1273081462123
2010-03-18,2060.065180838066
2010-03-19,2047.498783234954
2010-03-22,2061.217025082628
2010-03-23,2077.706761283289
2010-03-24,2065.240520715589
2010-03-25,2059.8708953617283
2010-03-26,2061.1068178989453
2010-03-29,2073.2673481245492
2010-03-30,2074.096655063799
2010-03-31,2066.629907105569
2010-04-01,2082.129631408861
2010-04-05,2101.909862907245
2010-04-06,2105.903491646769
2010-04-07,2095.7951548868646
2010-04-08,2102.292119867014
2010-04-09,2116.1672478581363
2010-04-12,2121.03443252821
2010-04-13,2122.5191566309795
2010-04-14,2148.8383941732036
2010-04-15,2151.202116406794
2010-04-16,2118.28872402577
2010-04-19,2124.219932453042
2010-04-20,2142.9130678586284
2010-04-21,2141.627320017913
2010-04-22,2149.5513411019792
2010-04-23,2164.5982004896928
2010-04-26,2155.290428227587
2010-04-27,2104.856632207062
2010-04-28,2116.6438293474216
2010-04-29,2145.0068566606774
2010-04-30,2108.1127387261135
2010-05-03,2136.783071972789
2010-05-04,2083.3634951734693
2010-05-05,2067.7382689596684
2010-05-06,2000.1232275646873
2010-05-07,1965.1210710823054
2010-05-10,2052.9619829596845
2010-05-11,2049.471947588653
2010-05-12,2082.878340334348
2010-05-13,2059.5501029226034
2010-05-14,2020.2126959567818
2010-05-17,2022.4349299223345
2010-05-18,1993.9185974104296
2010-05-19,1981.3569102467438
2010-05-20,1902.3007695278986
2010-05-21,1929.5036705321475
2010-05-24,1906.5425768528148
2010-05-25,1905.9706140797591
2010-05-26,1899.2997169304801
2010-05-27,1964.6356271928887
2010-05-28,1941.4529267920125
2010-06-01,1904.7594664756434
2010-06-02,1954.8546404439528
2010-06-03,1965.4108555023504
2010-06-04,1894.2629825331653
2010-06-07,1865.4701851986613
2010-06-08,1882.4459638839694
2010-06-09,1873.786712450103
2010-06-10,1929.0634204673813
2010-06-11,1940.8307073322324
2010-06-14,1939.666208907833
2010-06-15,1985.4423314380579
2010-06-16,1983.258344873476
2010-06-17,1984.8449515493746
2010-06-18,1987.425249986389
2010-06-21,1978.0843513114528
2010-06-22,1945.8415763850762
2010-06-23,1940.1986358135596
2010-06-24,1908.185358322636
2010-06-25,1917.3446480425844
2010-06-28,1912.9347553520865
2010-06-29,1851.1469627542142
2010-06-30,1833.005722519223
2010-07-01,1825.673699629146
2010-07-02,1816.7278985009632
2010-07-06,1822.9047733558666
2010-07-07,1880.6908546712477
2010-07-08,1899.4977632179603
2010-07-09,1914.8836951000258
2010-07-12,1912.7773230354157
2010-07-13,1946.6334816531428
2010-07-14,1945.8548282604816
2010-07-15,1946.2439992261336
2010-07-16,1889.0244256488854
2010-07-19,1899.2251575473895
2010-07-20,1922.5856269852222
2010-07-21,1897.5920138344143
2010-07-22,1942.56494456229
2010-07-23,1962.961876480194
2010-07-26,1987.1063075609004
2010-07-27,1982.5359630535104
2010-07-28,1966.0809145601663
2010-07-29,1959.0030232677495
2010-07-30,1960.17842508171
2010-08-02,2001.1461541659176
2010-08-03,1990.139850318005
2010-08-04,2004.8668852103585
2010-08-05,2000.4561780628958
2010-08-06,1993.2545358218692
2010-08-09,2005.6127139439648
2010-08-10,1989.968934775202
2010-08-11,1932.0608387732434
2010-08-12,1922.400534579377
2010-08-13,1913.557492120312
2010-08-16,1915.4710496124321
2010-08-17,1940.5637203623553
2010-08-18,1944.6389041751163
2010-08-19,1910.8021872424692
2010-08-20,1905.4519411181902
2010-08-23,1895.9246814125993
2010-08-24,1867.8649961276928
2010-08-25,1876.2703886102674
2010-08-26,1862.0107336568294
2010-08-27,1895.8993290093838
2010-08-30,1866.7024793426394
2010-08-31,1866.8891495905737
2010-09-01,1923.829268653086
2010-09-02,1942.490412559021
2010-09-03,1968.714033128568
2010-09-07,1944.4988505210865
2010-09-08,1957.1380930494736
2010-09-09,1965.7495006588913
2010-09-10,1974.5953734118561
2010-09-13,2000.2651132662102
2010-09-14,1999.0649541982505
2010-09-15,2006.2615880333642
2010-09-16,2004.8572049217407
2010-09-17,2007.8644907291234
2010-09-20,2039.9903225807893
2010-09-21,2033.666352580789
2010-09-22,2023.091287547369
2010-09-23,2007.3111755044993
2010-09-24,2051.271290248048
2010-09-27,2041.835442312907
2010-09-28,2053.4739043340905
2010-09-29,2049.9829986967225
2010-09-30,2044.653042900111
2010-10-01,2053.4450509845815
2010-10-04,2035.374734535917
2010-10-05,2078.3211414346247
2010-10-06,2076.0349881790466
2010-10-07,2072.71333219796
2010-10-08,2088.051410856225
2010-10-11,2088.8866314205675
2010-10-12,2097.033289283108
2010-10-13,2113.390148939516
2010-10-14,2105.359266373546
2010-10-15,2109.148913053018
2010-10-18,2123.702040553084
2010-10-19,2088.2362164758474
2010-10-20,2110.3715203704915
2010-10-21,2112.6929290428993
2010-10-22,2118.8197385371236
2010-10-25,2125.388079726589
2010-10-26,2125.813157342534
2010-10-27,2120.711205764912
2010-10-28,2122.4077747295237
2010-10-29,2123.8934601718342
2010-11-01,2123.681070825817
2010-11-02,2142.794200463249
2010-11-03,2150.9368184250097
2010-11-04,2192.664992702455
2010-11-05,2201.6549191725353
2010-11-08,2199.0129332695283
2010-11-09,2181.860632390026
2010-11-10,2193.424493741693
2010-11-11,2185.7475080135973
2010-11-12,2157.551365160222
2010-11-15,2155.6095689315775
2010-11-16,2121.766498699352
2010-11-17,2123.251735248441
2010-11-18,2156.7991126653665
2010-11-19,2163.4851899146292
2010-11-22,2163.0524928766463
2010-11-23,2133.2023684749483
2010-11-24,2167.3336063705474
2010-11-26,2152.8124712078647
2010-11-29,2150.0138149952945
2010-11-30,2137.113732105323
2010-12-01,2182.420543225956
2010-12-02,2209.264315907635
2010-12-03,2216.996741013312
2010-12-06,2216.3316419910084
2010-12-07,2218.547973632999
2010-12-08,2225.6473271486248
2010-12-09,2234.995045922649
2010-12-10,2249.9695127303303
2010-12-13,2248.169537120146
2010-12-14,2250.1928897035536
2010-12-15,2239.166944544006
2010-12-16,2254.841113155814
2010-12-17,2258.223374825548
2010-12-20,2263.417288587647
2010-12-21,2278.808526150043
2010-12-22,2285.4170708758775
2010-12-23,2281.760403562476
2010-12-27,2283.5858118853257
2010-12-28,2283.5858118853257
2010-12-29,2287.467907765531
2010-12-30,2284.951693066989
2010-12-31,2282.666741373922
2011-01-03,2309.602208922134
2011-01-04,2303.5972431789364
2011-01-05,2317.41882663801
2011-01-06,2313.9426983980534
2011-01-07,2309.0834187314176
2011-01-10,2308.6216020476713
2011-01-11,2317.6252262956573
2011-01-12,2337.788565764429
2011-01-13,2333.5805463460533
2011-01-14,2349.682252115841
2011-01-18,2353.9116801696496
2011-01-19,2324.723175335546
2011-01-20,2317.981478127073
2011-01-21,2320.531257753013
2011-01-24,2335.8467640541826
2011-01-25,2336.3139334069933
2011-01-26,2350.3318170074353
2011-01-27,2356.677712913355
2011-01-28,2312.3721719105843
2011-01-31,2329.021251548341
2011-02-01,2369.779123450437
2011-02-02,2363.617697729466
2011-02-03,2369.763103743562
2011-02-04,2376.6354167444183
2011-02-07,2393.271864661629
2011-02-08,2404.7595696120047
2011-02-09,2397.3048149462074
2011-02-10,2400.1815807241433
2011-02-11,2416.2627973149947
2011-02-14,2423.5115857069395
2011-02-15,2414.3022416812532
2011-02-16,2430.7194969246857
2011-02-17,2439.713159063307
2011-02-18,2442.640814854183
2011-02-22,2389.1469810088765
2011-02-23,2370.5116345570073
2011-02-24,2371.45983921083
2011-02-25,2400.391649249202
2011-02-28,2410.473294176049
2011-03-01,2372.3878161280672
2011-03-02,2379.0305020132255
2011-03-03,2420.9014388486585
2011-03-04,2404.6813992083726
2011-03-07,2381.596457775972
2011-03-08,2404.697943416399
2011-03-09,2400.3694871182497
2011-03-10,2354.0423560168674
2011-03-11,2370.285248273384
2011-03-14,2356.3005653085706
2011-03-15,2331.559409372831
2011-03-16,2290.2908078269315
2011-03-17,2315.9420648745936
2011-03-18,2327.290180992479
2011-03-21,2364.06136585216
2011-03-22,2356.023557208263
2011-03-23,2363.3272302356086
2011-03-24,2386.0151716458704
2011-03-25,2395.7978338496187
2011-03-28,2387.412541431145
2011-03-29,2404.840652983593
2011-03-30,2423.8388941421636
2011-03-31,2421.172671358607
2011-04-01,2433.762769249672
2011-04-04,2435.9531557419964
2011-04-05,2437.9019182665897
2011-04-06,2442.777722103123
2011-04-07,2437.8921666589167
2011-04-08,2426.4340734756197
2011-04-11,2416.9709805890648
2011-04-12,2396.6684243521167
2011-04-13,2399.3047596189044
2011-04-14,2399.3047596189044
2011-04-15,2409.8617005612277
2011-04-18,2382.148291004774
2011-04-19,2394.2972472888987
2011-04-20,2429.2539870993164
2011-04-21,2442.857809427073
2011-04-25,2439.1935227129325
2011-04-26,2460.9023450650775
2011-04-27,2477.1443005425067
2011-04-28,2485.071162304243
2011-04-29,2492.2778686749252
2011-05-02,2485.299490642635
2011-05-03,2472.8729931894222
2011-05-04,2454.5737330398206
2011-05-05,2434.4462284288943
2011-05-06,2445.4012364568243
2011-05-09,2458.850943257337
2011-05-10,2479.99706136935
2011-05-11,2452.965093400424
2011-05-12,2465.7205118861066
2011-05-13,2444.0221713815085
2011-05-16,2425.203200661871
2011-05-17,2422.535477141143
2011-05-18,2447.2453390079827
2011-05-19,2452.6292787538
2011-05-20,2434.7250850188975
2011-05-23,2403.3171314221536
2011-05-24,2399.7121557250207
2011-05-25,2410.510860425783
2011-05-26,2423.0455168999974
2011-05-27,2434.9184399328074
2011-05-31,2460.2415917081084
2011-06-01,2402.9179626213095
2011-06-02,2400.515044658688
2011-06-03,2374.1093791674425
2011-06-06,2346.094888493267
2011-06-07,2344.9218410490203
2011-06-08,2332.2592631073558
2011-06-09,2349.7512075806612
2011-06-10,2317.559616036806
2011-06-13,2317.7913719984094
2011-06-14,2349.313334657588
2011-06-15,2309.140076634943
2011-06-16,2312.1419587345686
2011-06-17,2317.922313631405
2011-06-20,2331.3662630504673
2011-06-21,2366.8030302488346
2011-06-22,2352.128851461292
2011-06-23,2348.8358710692464
2011-06-24,2322.7637929003777
2011-06-27,2343.4363906571907
2011-06-28,2375.307125570129
2011-06-29,2393.596990437019
2011-06-30,2417.2936006423456
2011-07-01,2452.3443578516594
2011-07-05,2450.6277168011634
2011-07-06,2454.7937839197252
2011-07-07,2481.796515542842
2011-07-08,2465.1684788887046
2011-07-11,2418.3302777898193
2011-07-12,2407.447791539765
2011-07-13,2418.281306601694
2011-07-14,2398.69322801822
2011-07-15,2412.365779417924
2011-07-18,2389.6895410913953
2011-07-19,2430.553232244058
2011-07-20,2428.122679011814
2011-07-21,2459.445461571066
2011-07-22,2461.904907032637
2011-07-25,2445.163953664815
2011-07-26,2433.6716830825903
2011-07-27,2381.347741896315
2011-07-28,2373.9655638964364
2011-07-29,2360.4339601822267
2011-08-01,2350.9922243414976
2011-08-02,2287.9856327291454
2011-08-03,2301.4847479622476
2011-08-04,2185.7200651397466
2011-08-05,2177.8514729052436
2011-08-08,2026.2730103910387
2011-08-09,2126.9787790074733
2011-08-10,2035.518691510152
2011-08-11,2131.595173749431
2011-08-12,2143.105787687678
2011-08-15,2191.3256679106507
2011-08-16,2167.8784832640067
2011-08-17,2167.6616954156802
2011-08-18,2067.0821927483926
2011-08-19,2035.2491269800673
2011-08-22,2034.6385522419735
2011-08-23,2107.8855401226847
2011-08-24,2136.3419949143413
2011-08-25,2100.665083599272
2011-08-26,2137.2166560538994
2011-08-29,2203.6840940571756
2011-08-30,2210.7358831581587
2011-08-31,2220.020973867423
2011-09-01,2190.494694914986
2011-09-02,2132.6656349692307
2011-09-06,2117.3104423974523
2011-09-07,2182.1001419348145
2011-09-08,2156.3513602599837
2011-09-09,2099.208049213094
2011-09-12,2113.482663947743
2011-09-13,2137.153669783958
2011-09-14,2168.1423979958254
2011-09-15,2203.699933322957
2011-09-16,2214.0573230095747
2011-09-19,2192.13815551178
2011-09-20,2182.2735338119774
2011-09-21,2118.5511466246676
2011-09-22,2048.850813900716
2011-09-23,2064.012309923581
2011-09-26,2111.0717905898387
2011-09-27,2136.826866435035
2011-09-28,2087.8935311936725
2011-09-29,2103.970311383864
2011-09-30,2051.3710535992673
2011-10-03,1986.1374540948104
2011-10-04,2039.3659378645511
2011-10-05,2078.521763871551
2011-10-06,2118.845086090659
2011-10-07,2098.2922887555796
2011-10-10,2170.4735434887716
2011-10-11,2173.729253804005
2011-10-12,2196.988156819708
2011-10-13,2192.3744816903863
2011-10-14,2230.083322775461
2011-10-17,2184.1436063262868
2011-10-18,2230.229036419771
2011-10-19,2199.451875717178
2011-10-20,2208.6895735951903
2011-10-21,2251.0964134082183
2011-10-24,2286.663736740068
2011-10-25,2237.957799147505
2011-10-26,2263.022926497957
2011-10-27,2343.133938095985
2011-10-28,2342.6653113083657
2011-10-31,2284.0986785256564
2011-11-01,2218.773456319823
2011-11-02,2257.158237114156
2011-11-03,2301.6242543853045
2011-11-04,2289.4256458370623
2011-11-07,2300.41488893708
2011-11-08,2328.4799505821125
2011-11-09,2240.4634084501085
2011-11-10,2259.0592547402443
2011-11-11,2303.7886279841014
2011-11-14,2282.5937726066477
2011-11-15,2295.376297733245
2011-11-16,2257.73212645042
2011-11-17,2220.479546363988
2011-11-18,2218.7031627268966
2011-11-21,2177.4352839001763
2011-11-22,2168.2900557077955
2011-11-23,2119.0698714432283
2011-11-25,2111.8650338803213
2011-11-28,2177.5440364339993
2011-11-29,2181.4636156995807
2011-11-30,2278.320600236642
2011-12-01,2273.308294916121
2011-12-02,2274.4449490635793
2011-12-05,2299.4638435032784
2011-12-06,2300.61357542503
2011-12-07,2304.29455714571
2011-12-08,2252.9087885213607
2011-12-09,2294.1370193513017
2011-12-12,2260.1837914649022
2011-12-13,2236.451861654521
2011-12-14,2209.3907941285015
2011-12-15,2218.2283573050154
2011-12-16,2228.432207748618
2011-12-19,2199.462589047886
2011-12-20,2267.6459293083703
2011-12-21,2272.181221166987
2011-12-22,2291.040325302673
2011-12-23,2310.2850640352153
2011-12-27,2311.2091780608293
2011-12-28,2280.2389750748143
2011-12-29,2305.321603800637
2011-12-30,2295.8697852250543
2012-01-03,2330.30783200343
2012-01-04,2330.30783200343
2012-01-05,2339.3960325482435
2012-01-06,2334.951180086402
2012-01-09,2341.489043390644
2012-01-10,2364.2014871115334
2012-01-11,2367.2749490447786
2012-01-12,2374.6135013868175
2012-01-13,2362.265511179606
2012-01-17,2370.769667019853
2012-01-18,2399.4559799907934
2012-01-19,2411.6932054887466
2012-01-20,2412.416713450393
2012-01-23,2412.8991967930833
2012-01-24,2412.8991967930833
2012-01-25,2434.8565794839005
2012-01-26,2420.2474400069973
2012-01-27,2420.4894647509977
2012-01-30,2412.9859474102695
2012-01-31,2411.7794544365647
2012-02-01,2438.3090284353666
2012-02-02,2442.4541537837067
2012-02-03,2481.044929413489
2012-02-06,2479.8044069487823
2012-02-07,2483.7720939999003
2012-02-08,2489.9815242349
2012-02-09,2493.7164965212523
2012-02-10,2475.013622797343
2012-02-13,2493.5762249683235
2012-02-14,2491.332006365852
2012-02-15,2478.8753463340227
2012-02-16,2510.3570632324645
2012-02-17,2514.3736345336365
2012-02-21,2513.1164477163697
2012-02-22,2503.315293570276
2012-02-23,2517.3338592142695
2012-02-24,2521.109860003091
2012-02-27,2524.6394138070955
2012-02-28,2531.708404165755
2012-02-29,2517.7840079428433
2012-03-01,2533.897825593677
2012-03-02,2522.241895595946
2012-03-05,2512.1529280135624
2012-03-06,2471.4560505797426
2012-03-07,2491.2276989843804
2012-03-08,2517.883835363513
2012-03-09,2530.2214661567937
2012-03-12,2528.450311130484
2012-03-13,2575.4794869175107
2012-03-14,2569.5558840976005
2012-03-15,2586.7719085210542
2012-03-16,2588.3239716661665
2012-03-19,2598.9360999499977
2012-03-20,2588.800249160193
2012-03-21,2586.2114489110327
2012-03-22,2567.0734841890912
2012-03-23,2577.085070777429
2012-03-26,2614.4528043037017
2012-03-27,2606.6094458907905
2012-03-28,2593.0550767721584
2012-03-29,2588.6468831416455
2012-03-30,2595.8950944144417
2012-04-02,2616.1430761508745
2012-04-03,2607.2481896919617
2012-04-04,2578.307734786381
2012-04-05,2577.534242465945
2012-04-09,2546.3460781321073
2012-04-10,2499.2386756866636
2012-04-11,2520.48220443
2012-04-12,2556.5250999533487
2012-04-13,2524.568536203932
2012-04-16,2522.2964245213484
2012-04-17,2561.3920191014295
2012-04-18,2550.6341726212036
2012-04-19,2536.0955578372627
2012-04-20,2538.8852629508838
2012-04-23,2514.7658529528503
2012-04-24,2522.058673926413
2012-04-25,2558.3763188309536
2012-04-26,2577.5641412221858
2012-04-27,2586.5856157164635
2012-04-30,2574.1700047610243
2012-05-01,2586.526020783877
2012-05-02,2582.646231752701
2012-05-03,2558.8858864205763
2012-05-04,2517.431935060563
2012-05-07,2518.690651028093
2012-05-08,2508.3640193588776
2012-05-09,2492.561326036917
2012-05-10,2500.0390100150275
2012-05-11,2492.788896885984
2012-05-14,2464.371103461484
2012-05-15,2451.5563737234843
2012-05-16,2440.5243700417286
2012-05-17,2400.499770373044
2012-05-18,2381.2957722100596
2012-05-21,2422.0159299148513
2012-05-22,2422.258131507843
2012-05-23,2428.556002649763
2012-05-24,2432.4416922540026
2012-05-25,2428.7930297156217
2012-05-29,2456.967028860323
2012-05-30,2421.095310238962
2012-05-31,2415.5267910254124
2012-06-01,2352.723094458752
2012-06-04,2351.5467329115227
2012-06-05,2367.537250695321
2012-06-06,2422.4641149114527
2012-06-07,2420.2838972080326
2012-06-08,2440.856310334301
2012-06-11,2406.4402363585873
2012-06-12,2434.354943100347
2012-06-13,2415.610410038474
2012-06-14,2440.732758302874
2012-06-15,2466.6045255408844
2012-06-18,2471.7843950445204
2012-06-19,2498.7268449505054
2012-06-20,2495.228627367575
2012-06-21,2438.8364603890677
2012-06-22,2458.1032684261413
2012-06-25,2418.036185150795
2012-06-26,2430.6099733135793
2012-06-27,2453.2146460653958
2012-06-28,2447.326930914839
2012-06-29,2509.7337676531674
2012-07-02,2518.015889086423
2012-07-03,2537.15280984348
2012-07-05,2528.0190597280434
2012-07-06,2502.9916710367356
2012-07-09,2497.2347901933513
2012-07-10,2476.258017955727
2012-07-11,2474.029385739567
2012-07-12,2461.659238810869
2012-07-13,2501.5381184796047
2012-07-16,2493.783350312318
2012-07-17,2510.49169875941
2012-07-18,2528.316189820602
2012-07-19,2535.1426435331177
2012-07-20,2508.2701315116665
2012-07-23,2482.936603183399
2012-07-24,2458.355530811883
2012-07-25,2458.109695258802
2012-07-26,2495.9645845657874
2012-07-27,2544.885490423277
2012-07-30,2541.8316278347693
2012-07-31,2529.8850191839456
2012-08-01,2516.9826055861076
2012-08-02,2499.6154256075633
2012-08-03,2549.357772577154
2012-08-06,2558.025589003916
2012-08-07,2574.396952773541
2012-08-08,2576.7139100310374
2012-08-09,2579.805966723075
2012-08-10,2584.1916368665043
2012-08-13,2580.5737685748913
2012-08-14,2579.799596444319
2012-08-15,2586.7650553547182
2012-08-16,2605.9071167643433
2012-08-17,2612.9430659796067
2012-08-20,2611.3753001400187
2012-08-21,2603.2800367095847
2012-08-22,2603.2800367095847
2012-08-23,2582.9744524232497
2012-08-24,2598.7305965830315
2012-08-27,2597.1713582250813
2012-08-28,2597.431075360904
2012-08-29,2601.327221973945
2012-08-30,2580.5166041981533
2012-08-31,2593.935290539984
2012-09-04,2596.010438772416
2012-09-05,2594.7124335530298
2012-09-06,2648.4229809275776
2012-09-07,2660.3408843417515
2012-09-10,2645.1769413010034
2012-09-11,2652.583436736646
2012-09-12,2659.745412015835
2012-09-13,2701.237440443282
2012-09-14,2715.824122621676
2012-09-17,2704.417661306665
2012-09-18,2700.3610348147054
2012-09-19,2705.2216846773717
2012-09-20,2701.704896487291
2012-09-21,2702.7855784458857
2012-09-24,2695.7583359419264
2012-09-25,2665.835418412971
2012-09-26,2650.640156528017
2012-09-27,2676.8814940776447
2012-09-28,2664.5678392048876
2012-10-01,2671.2292588028995
2012-10-02,2673.900488061702
2012-10-03,2683.5265298187246
2012-10-04,2703.9213314453473
2012-10-05,2703.110155045914
2012-10-08,2693.3789584877486
2012-10-09,2665.0984794236274
2012-10-10,2649.6409082429705
2012-10-11,2652.555513242038
2012-10-12,2643.2715689456913
2012-10-15,2664.1534143403624
2012-10-16,2690.794948483766
2012-10-17,2703.979843731336
2012-10-18,2695.597506215769
2012-10-19,2650.311468111344
2012-10-22,2650.311468111344
2012-10-23,2616.1224501727074
2012-10-24,2608.797307312224
2012-10-25,2615.8410600419666
2012-10-26,2614.009971299937
2012-10-31,2617.4081842626274
2012-11-01,2648.5553416553525
2012-11-02,2621.010366102137
2012-11-05,2628.349195127223
2012-11-06,2649.375988688241
2012-11-07,2588.175403349542
2012-11-08,2556.082028348008
2012-11-09,2559.91615139053
2012-11-12,2559.91615139053
2012-11-13,2549.932478400107
2012-11-14,2514.233423702505
2012-11-15,2508.199263485619
2012-11-16,2522.4959992874874
2012-11-19,2572.44142007338
2012-11-20,2575.271105635461
2012-11-21,2583.254446062931
2012-11-23,2616.3201029725365
2012-11-26,2612.6572548283752
2012-11-27,2601.4228286326133
2012-11-28,2623.014638110264
2012-11-29,2637.1789171560595
2012-11-30,2637.7063529394904
2012-12-03,2625.5729037159686
2012-12-04,2621.371987070023
2012-12-05,2625.828319448042
2012-12-06,2633.968387238331
2012-12-07,2641.3434987225983
2012-12-10,2644.2489765711935
2012-12-11,2662.2298696118773
2012-12-12,2661.697423637955
2012-12-13,2646.5257483232185
2012-12-14,2637.52756077892
2012-12-17,2668.1228804839557
2012-12-18,2700.4071673378116
2012-12-19,2684.2047243337847
2012-12-20,2698.431009372754
2012-12-21,2674.6848164902735
2012-12-24,2668.265572930697
2012-12-26,2653.8569388368714
2012-12-27,2650.937696204151
2012-12-28,2624.4283192421094
2012-12-31,2669.3060435011494
2013-01-02,2739.2418618408797
2013-01-03,2735.6808474204868
2013-01-04,2750.7270920813
2013-01-07,2742.199838095848
2013-01-08,2735.0701185167986
2013-01-09,2744.6428639316077
2013-01-10,2762.7575068335564
2013-01-11,2763.03378258424
2013-01-14,2761.099658936431
2013-01-15,2766.0696383225163
2013-01-16,2764.4099965395226
2013-01-17,2781.2728975184136
2013-01-18,2789.060461631465
2013-01-22,2802.726857893459
2013-01-23,2805.249312065563
2013-01-24,2807.7740364464216
2013-01-25,2824.059125857811
2013-01-28,2820.1054430816102
2013-01-29,2830.257822676704
2013-01-30,2819.5028429505323
2013-01-31,2817.529190960467
2013-02-01,2845.4227299509757
2013-02-04,2811.562199464559
2013-02-05,2841.6459149988295
2013-02-06,2845.908383871328
2013-02-07,2841.354930457134
2013-02-08,2857.8347890537852
2013-02-11,2855.548521222542
2013-02-12,2860.1173988564983
2013-02-13,2864.1215632148974
2013-02-14,2867.272096934434
2013-02-15,2864.118097627806
2013-02-19,2885.312571550252
2013-02-20,2846.0723205771683
2013-02-21,2827.2882432613587
2013-02-22,2853.8647527480157
2013-02-25,2801.924414248002
2013-02-26,2818.1755758506406
2013-02-27,2854.5300407791137
2013-02-28,2852.8173227546463
2013-03-01,2859.0935208647065
2013-03-04,2872.5312604127703
2013-03-05,2901.256573016898
2013-03-06,2906.4788348483285
2013-03-07,2914.326327702419
2013-03-08,2929.4808246064717
2013-03-11,2938.269267080291
2013-03-12,2931.8050746927142
2013-03-13,2937.6686848420995
2013-03-14,2954.7071632141838
2013-03-15,2949.0932196040767
2013-03-18,2934.3477535060565
2013-03-19,2927.5987536729926
2013-03-20,2949.8485042009074
2013-03-21,2924.7747919152
2013-03-22,2942.908395625074
2013-03-25,2934.373961277761
2013-03-26,2956.675203383472
2013-03-27,2956.083868342795
2013-03-28,2967.612595429332
2013-04-01,2950.6972036353845
2013-04-02,2960.4345044073816
2013-04-03,2926.093464156256
2013-04-04,2938.383056705712
2013-04-05,2926.3356861732186
2013-04-08,2946.820035976431
2013-04-09,2955.9551780879583
2013-04-10,2993.791404367484
2013-04-11,3004.2696742827707
2013-04-12,2995.857719194779
2013-04-15,2921.560447758748
2013-04-16,2964.5073863408015
2013-04-17,2921.2255785002258
2013-04-18,2900.7769994507244
2013-04-19,2928.9145363453963
2013-04-22,2942.0946517589505
2013-04-23,2974.751902393475
2013-04-24,2976.536753534911
2013-04-25,2991.1217836272317
2013-04-26,2985.139540059977
2013-04-29,3005.1399749783786
2013-04-30,3013.8548809058157
2013-05-01,2981.3052481920326
2013-05-02,3012.3108227732296
2013-05-03,3046.04870398829
2013-05-06,3053.054616007463
2013-05-07,3069.541110933904
2013-05-08,3083.047091822013
2013-05-09,3073.4896458373646
2013-05-10,3090.086489924887
2013-05-13,3089.468472626902
2013-05-14,3123.4526258257974
2013-05-15,3139.3822342175094
2013-05-16,3123.371384823
2013-05-17,3155.854447225159
2013-05-20,3153.9609345568238
2013-05-21,3159.007272052115
2013-05-22,3129.9444051492355
2013-05-23,3123.997510779452
2013-05-24,3122.123112272984
2013-05-28,3146.163460237486
2013-05-29,3124.140316015824
2013-05-30,3139.7610175959026
2013-05-31,3098.3161721636366
2013-06-03,3113.497921407238
2013-06-04,3096.3736828394985
2013-06-05,3053.6437260163134
2013-06-06,3080.821155177858
2013-06-07,3120.87183019517
2013-06-10,3123.0564404763063
2013-06-11,3090.5766534953527
2013-06-12,3065.233924936691
2013-06-13,3110.2928636332604
2013-06-14,3091.942135737824
2013-06-17,3114.5133133287104
2013-06-18,3139.42941983534
2013-06-19,3099.2447232614477
2013-06-20,3023.3132275415423
2013-06-21,3027.2435347373466
2013-06-24,2991.219336673972
2013-06-25,3019.9350423060423
2013-06-26,3047.7184446952583
2013-06-27,3071.185876719412
2013-06-28,3060.743844738566
2013-07-01,3082.4751260362104
2013-07-02,3079.3926509101743
2013-07-03,3083.0879220912666
2013-07-05,3117.31019802648
2013-07-08,3133.831942076021
2013-07-09,3157.0222984473835
2013-07-10,3158.916511826452
2013-07-11,3200.930101433744
2013-07-12,3211.813263778619
2013-07-15,3218.236890306176
2013-07-16,3205.042119055921
2013-07-17,3214.6572454130883
2013-07-18,3232.3378602628604
2013-07-19,3235.246964337097
2013-07-22,3242.688032355072
2013-07-23,3237.82400030654
2013-07-24,3225.1964867053443
2013-07-25,3238.7423119495065
2013-07-26,3239.3900604118962
2013-07-29,3227.4043171883723
2013-07-30,3230.9544619372796
2013-07-31,3234.1854163992166
2013-08-01,3279.4640122288056
2013-08-02,3286.022940253263
2013-08-05,3283.722724195086
2013-08-06,3261.3934096705593
2013-08-07,3247.695557349943
2013-08-08,3262.9597264694876
2013-08-09,3253.4971432627262
2013-08-12,3252.846443834074
2013-08-13,3259.352136721742
2013-08-14,3243.0553760381335
2013-08-15,3195.382462010373
2013-08-16,3187.074467609146
2013-08-19,3167.314605909969
2013-08-20,3183.784641860701
2013-08-21,3165.0003124737227
2013-08-22,3194.1183153484812
2013-08-23,3205.9365531152707
2013-08-26,3196.6393371112363
2013-08-27,3140.6981487117896
2013-08-28,3150.1202431579245
2013-08-29,3160.8306519846615
2013-08-30,3145.9747479203334
2013-09-03,3160.4462317607668
2013-09-04,3186.677935484381
2013-09-05,3192.7326235618016
2013-09-06,3192.7326235618016
2013-09-09,3227.533409158625
2013-09-10,3253.353676431894
2013-09-11,3262.4630667259034
2013-09-12,3252.0231849123807
2013-09-13,3261.454052148626
2013-09-16,3277.435177004154
2013-09-17,3295.133326959977
2013-09-18,3331.3797935565362
2013-09-19,3327.0489998249127
2013-09-20,3306.0885911260157
2013-09-23,3291.211192465949
2013-09-24,3286.9326179157433
2013-09-25,3279.372672894537
2013-09-26,3292.8181008534048
2013-09-27,3279.9761102600764
2013-09-30,3263.904227319802
2013-10-01,3293.27936536568
2013-10-02,3289.986086000314
2013-10-03,3260.7052098349113
2013-10-04,3285.160498908673
2013-10-07,3253.951474169041
2013-10-08,3210.023129267759
2013-10-09,3208.4181177031255
2013-10-10,3279.644999916135
2013-10-11,3302.93047941554
2013-10-14,3317.133080477027
2013-10-15,3292.9180089895444
2013-10-16,3338.0309857127013
2013-10-17,3361.39720261269
2013-10-18,3385.5992624715013
2013-10-21,3384.922142619007
2013-10-22,3402.185245546364
2013-10-23,3384.8341007940776
2013-10-24,3399.050404017413
2013-10-25,3410.2672703506705
2013-10-28,3413.3365108939856
2013-10-29,3431.7685280528135
2013-10-30,3411.5210937373017
2013-10-31,3400.2630741279686
2013-11-01,3407.0636002762244
2013-11-04,3423.0767991975226
2013-11-05,3415.2037225593685
2013-11-06,3424.4247726102785
2013-11-07,3374.7706134074297
2013-11-08,3424.0422643631778
2013-11-11,3427.8087108539776
2013-11-12,3421.6386551744404
2013-11-13,3452.43340307101
2013-11-14,3466.9336233639083
2013-11-15,3482.1881313067092
2013-11-18,3465.1254094633064
2013-11-19,3455.7695708577553
2013-11-20,3444.3655312739247
2013-11-21,3477.4314403741546
2013-11-22,3494.4708544319874
2013-11-25,3490.6269364921122
2013-11-26,3496.561002284149
2013-11-27,3507.0506852910007
2013-11-29,3506.3492751539425
2013-12-02,3495.12895747345
2013-12-03,3483.2455190180403
2013-12-04,3480.4589226028256
2013-12-05,3468.625362265976
2013-12-06,3504.005340961089
2013-12-09,3509.962150040723
2013-12-10,3498.0282787305846
2013-12-11,3457.4511506973095
2013-12-12,3449.153267935636
2013-12-13,3452.257505876778
2013-12-16,3475.387631166152
2013-12-17,3466.699162088237
2013-12-18,3520.432999100605
2013-12-19,3516.912566101504
2013-12-20,3541.179262807604
2013-12-23,3563.1345742370113
2013-12-24,3575.2492317894175
2013-12-26,3590.980328409291
2013-12-27,3589.1848382450867
2013-12-30,3589.1848382450867
2013-12-31,3604.6183330495405
2014-01-02,3572.8976917187047
2014-01-03,3573.96956102622
2014-01-06,3561.8180645187313
2014-01-07,3586.038427357458
2014-01-08,3587.4728427284012
2014-01-09,3588.190337296947
2014-01-10,3597.878451207648
2014-01-13,3550.3864556517074
2014-01-14,3591.215899891702
2014-01-15,3610.249344161128
2014-01-16,3607.7221696202155
2014-01-17,3593.6520531586966
2014-01-21,3604.4330093181725
2014-01-22,3609.83965883215
2014-01-23,3578.795037766193
2014-01-24,3500.77730594289
2014-01-27,3478.0222534542613
2014-01-28,3503.411815904478
2014-01-29,3465.9253094743
2014-01-30,3508.2095982498863
2014-01-31,3485.055414901437
2014-02-03,3398.6260406118813
2014-02-04,3424.7954611245927
2014-02-05,3416.9184315640064
2014-02-06,3458.6048364290873
2014-02-07,3504.6042807535946
2014-02-10,3510.2116476028004
2014-02-11,3548.4729545616706
2014-02-12,3552.3762748116887
2014-02-13,3577.9533839903334
2014-02-14,3592.9807882030927
2014-02-18,3602.681836331241
2014-02-19,3576.382258926023
2014-02-20,3601.774572964398
2014-02-21,3598.53297584873
2014-02-24,3621.9234401917465
2014-02-25,3618.3015167515546
2014-02-26,3623.005308723332
2014-02-27,3642.569537390438
2014-02-28,3648.033391696524
2014-03-03,3622.4971579546486
2014-03-04,3682.992860492491
2014-03-05,3683.3611597785402
2014-03-06,3689.254537634186
2014-03-07,3690.7302394492394
2014-03-10,3687.408582233735
2014-03-11,3664.546649023886
2014-03-12,3669.3105596676173
2014-03-13,3624.911901895639
2014-03-14,3619.1120428526056
2014-03-17,3651.6840512382787
2014-03-18,3681.6278604584327
2014-03-19,3659.906256081728
2014-03-20,3678.937768613353
2014-03-21,3665.3256988694834
2014-03-24,3641.8676143967186
2014-03-25,3652.4290304784686
2014-03-26,3619.92241210721
2014-03-27,3613.406551765417
2014-03-28,3628.2215186276553
2014-03-31,3663.052445206481
2014-04-01,3694.9210014797773
2014-04-02,3706.0057644842163
2014-04-03,3694.517146614315
2014-04-04,3640.2077445590844
2014-04-07,3594.705147752096
2014-04-08,3612.3192029760808
2014-04-09,3656.0282653320915
2014-04-10,3574.1332321886525
2014-04-11,3535.890006604234
2014-04-14,3560.9948256511243
2014-04-15,3582.360794605031
2014-04-16,3622.483235504608
2014-04-17,3630.8149469462683
2014-04-21,3644.6120437446643
2014-04-22,3665.386332394009
2014-04-23,3654.023634763588
2014-04-24,3656.9468536713985
2014-04-25,3618.914606393216
2014-04-28,3623.2573039208883
2014-04-29,3643.9098705532374
2014-04-30,3656.663555100174
2014-05-01,3658.126220522214
2014-05-02,3655.1997195457966
2014-05-05,3659.951479181206
2014-05-06,3622.25397894564
2014-05-07,3638.554121850895
2014-05-08,3629.0938811340825
2014-05-09,3638.1666158369176
2014-05-12,3681.8246152269608
2014-05-13,3679.9837029193477
2014-05-14,3657.9038007018316
2014-05-15,3624.9826664955153
2014-05-16,3638.0326040948994
2014-05-19,3656.2227671153737
2014-05-20,3627.704229531874
2014-05-21,3657.088633791082
2014-05-22,3670.25415287273
2014-05-23,3688.238398221806
2014-05-27,3713.6872431695365
2014-05-28,3709.230818477733
2014-05-29,3729.260664897513
2014-05-30,3731.498221296451
2014-06-02,3733.737120229229
2014-06-03,3731.8702516691146
2014-06-04,3742.319488373788
2014-06-05,3771.1353484342662
2014-06-06,3791.4994793158116
2014-06-09,3799.8407781703063
2014-06-10,3798.7008259368554
2014-06-11,3785.78524312867
2014-06-12,3759.6633249510824
2014-06-13,3771.318281258431
2014-06-16,3776.220995024067
2014-06-17,3789.060146407149
2014-06-18,3817.0991914905626
2014-06-19,3821.679710520352
2014-06-20,3828.5587339992885
2014-06-23,3827.7930222524888
2014-06-24,3800.2329124922708
2014-06-25,3820.37414692848
2014-06-26,3816.1717353668587
2014-06-27,3825.7121647052754
2014-06-30,3828.390163220569
2014-07-01,3856.7202504284014
2014-07-02,3855.563234353273
2014-07-03,3878.3110574359575
2014-07-07,3854.2655288798546
2014-07-08,3822.6605515430397
2014-07-09,3840.2447900801376
2014-07-10,3821.427590608745
2014-07-11,3826.013303717476
2014-07-14,3843.612964914576
2014-07-15,3831.3134034268496
2014-07-16,3843.9567376581585
2014-07-17,3797.4448611324947
2014-07-18,3839.976243577179
2014-07-21,3830.3763029682364
2014-07-22,3850.6772973739685
2014-07-23,3857.993584238979
2014-07-24,3859.922581031098
2014-07-25,3839.4649913516337
2014-07-28,3836.3934193585524
2014-07-29,3823.733321074669
2014-07-30,3828.321801059959
2014-07-31,3750.606868498442
2014-08-01,3738.6049265192473
2014-08-04,3766.27060297549
2014-08-05,3734.633929910496
2014-08-06,3735.380856696478
2014-08-07,3715.9568762416566
2014-08-08,3757.9471889431875
2014-08-11,3772.97897769896
2014-08-12,3764.3011260502526
2014-08-13,3790.651233932604
2014-08-14,3807.3300993619073
2014-08-15,3807.3300993619073
2014-08-18,3842.7382692859733
2014-08-19,3861.5676868054743
2014-08-20,3868.904665410405
2014-08-21,3879.7375984735536
2014-08-22,3875.85786087508
2014-08-25,3894.8495643933675
2014-08-26,3902.249778565715
2014-08-27,3902.249778565715
2014-08-28,3894.83550398644
2014-08-29,3910.0253624519873
2014-09-02,3911.9803751332133
2014-09-03,3906.503602608027
2014-09-04,3899.4718961233325
2014-09-05,3917.0195196558875
2014-09-08,3908.4020767126444
2014-09-09,3880.2615817603137
2014-09-10,3897.722758878235
2014-09-11,3905.1284321201033
2014-09-12,3883.650225743443
2014-09-15,3872.7760051113614
2014-09-16,3899.8854371471407
2014-09-17,3906.515242390291
2014-09-18,3926.047818602242
2014-09-19,3918.980932528758
2014-09-22,3880.9668174832286
2014-09-23,3856.9048232148325
2014-09-24,3888.1457522828728
2014-09-25,3824.768976520662
2014-09-26,3857.2795128210873
2014-09-29,3848.793497892881
2014-09-30,3833.3983239013096
2014-10-01,3780.1140871990815
2014-10-02,3786.1622697386
2014-10-03,3827.052822251777
2014-10-06,3817.102484913922
2014-10-07,3757.555686149265
2014-10-08,3821.434132813802
2014-10-09,3738.5090121317426
2014-10-10,3690.282245875243
2014-10-13,3631.6067581658267
2014-10-14,3641.4120964128742
2014-10-15,3621.748471092245
2014-10-16,3629.716317728648
2014-10-17,3670.732112118982
2014-10-20,3705.2369939729006
2014-10-21,3778.6006864535643
2014-10-22,3746.482580618709
2014-10-23,3794.81220590869
2014-10-24,3819.478485247096
2014-10-27,3812.985371822176
2014-10-28,3865.22327141614
2014-10-29,3858.6523918547323
2014-10-30,3881.8043062058605
2014-10-31,3929.5504991721923
2014-11-03,3929.1575441222753
2014-11-04,3915.79840847226
2014-11-05,3934.5942408329265
2014-11-06,3953.8737526130076
2014-11-07,3957.0368516150975
2014-11-10,3970.0950732254278
2014-11-11,3974.0651682986527
2014-11-12,3976.8470139164615
2014-11-13,3975.6539598122868
2014-11-14,3978.039352188174
2014-11-17,3976.05033251208
2014-11-18,3996.3281892078917
2014-11-19,3987.935900010555
2014-11-20,4000.298501300588
2014-11-21,4019.4999341068306
2014-11-24,4035.577933843258
2014-11-25,4032.3494714961835
2014-11-26,4044.043284963522
2014-11-28,4030.2935377946465
2014-12-01,3994.020895954495
2014-12-02,4019.9820317781987
2014-12-03,4038.473949124378
2014-12-04,4031.6085434108663
2014-12-05,4041.6875647693932
2014-12-08,4008.5457267382844
2014-12-09,4013.7568361830445
2014-12-10,3944.720218600696
2014-12-11,3964.4438196936994
2014-12-12,3902.9949404884474
2014-12-15,3876.454574893126
2014-12-16,3845.442938293981
2014-12-17,3928.119961467302
2014-12-18,4020.8235925579306
2014-12-19,4038.1131340059296
2014-12-22,4053.054152601752
2014-12-23,4061.5655663222155
2014-12-24,4064.0025056620084
2014-12-26,4079.445715183524
2014-12-29,4084.7489946132628
2014-12-30,4065.142199439119
2014-12-31,4027.3363769843354
2015-01-02,4022.503573331954
2015-01-05,3948.489507582646
2015-01-06,3907.820065654545
2015-01-07,3954.3231244358344
2015-01-08,4025.896372988123
2015-01-09,3991.676253817724
2015-01-12,3960.5411790379458
2015-01-13,3953.0161507977737
2015-01-14,3929.298053892987
2015-01-15,3886.8616349109425
2015-01-16,3939.7229531457315
2015-01-20,3944.056648394192
2015-01-21,3960.6216863174477
2015-01-22,4023.1995089612637
2015-01-23,4004.2904712691457
2015-01-26,4021.108491248476
2015-01-27,3972.0509676552447
2015-01-28,3916.8394592048367
2015-01-29,3955.2244859050443
2015-01-30,3903.411045139688
2015-02-02,3951.8133420994204
2015-02-03,4010.6953608967015
2015-02-04,3996.657927133563
2015-02-05,4040.621164332032
2015-02-06,4032.5399220033682
2015-02-09,4013.9902383621525
2015-02-10,4056.137135864955
2015-02-11,4057.353977005714
2015-02-12,4097.927516775771
2015-02-13,4117.187776104617
2015-02-17,4123.775276546385
2015-02-18,4125.012409129348
2015-02-19,4124.599907888435
2015-02-20,4149.759967326555
2015-02-23,4146.440159352694
2015-02-24,4159.708767862623
2015-02-25,4160.12473873941
2015-02-26,4156.796638948418
2015-02-27,4141.832171048203
2015-03-02,4167.511530508702
2015-03-03,4149.5912309275145
2015-03-04,4132.577906880711
2015-03-05,4138.776773741033
2015-03-06,4085.3865533597736
2015-03-09,4100.502483607205
2015-03-10,4033.664293124408
2015-03-11,4032.4541938364705
2015-03-12,4084.069607517577
2015-03-13,4060.382003793975
2015-03-16,4110.73074064102
2015-03-17,4102.920352233802
2015-03-18,4147.64218407315
2015-03-19,4132.710672210486
2015-03-20,4166.185628655391
2015-03-23,4158.269875960946
2015-03-24,4137.0626995935445
2015-03-25,4072.5245214798856
2015-03-26,4063.56496753263
2015-03-27,4076.5683754287347
2015-03-30,4127.117823284051
2015-03-31,4096.164439609421
2015-04-01,4080.5990147389048
2015-04-02,4094.8811112904914
2015-04-06,4119.859886069364
2015-04-07,4110.796194320012
2015-04-08,4126.006140238996
2015-04-09,4142.922765413976
2015-04-10,4163.223086964504
2015-04-13,4147.402839234039
2015-04-14,4151.550242073273
2015-04-15,4175.21407845309
2015-04-16,4171.873907190327
2015-04-17,4120.559858131886
2015-04-20,4159.705176784139
2015-04-21,4155.5454716073555
2015-04-22,4174.660980776749
2015-04-23,4186.767497621001
2015-04-24,4193.8850023669565
2015-04-27,4171.657411854412
2015-04-28,4182.920886866419
2015-04-29,4166.60749540764
2015-04-30,4120.358152208615
2015-05-01,4161.973769545923
2015-05-04,4175.29208560847
2015-05-05,4125.606109789729
2015-05-06,4112.816730849381
2015-05-07,4128.856716099694
2015-05-08,4178.8158823645
2015-05-11,4162.518500423278
2015-05-12,4151.695952322178
2015-05-13,4152.11112191741
2015-05-14,4194.047444248776
2015-05-15,4196.1444679709
2015-05-18,4214.607503629972
2015-05-19,4210.814356876705
2015-05-20,4208.708949698266
2015-05-21,4218.388980282572
2015-05-22,4209.108524525951
2015-05-26,4166.596528428239
2015-05-27,4205.345876142622
2015-05-28,4200.719995678865
2015-05-29,4176.355819703928
2015-06-01,4183.455624597425
2015-06-02,4182.618933472506
2015-06-03,4198.931147313048
2015-06-04,4161.980553216694
2015-06-05,4164.477741548623
2015-06-08,4136.992188454402
2015-06-09,4137.819586892093
2015-06-10,4187.059639976109
2015-06-11,4195.852465220059
2015-06-12,4169.418594689172
2015-06-15,4150.656211013071
2015-06-16,4174.314951415846
2015-06-17,4180.993855338112
2015-06-18,4222.385694505959
2015-06-19,4204.229436019583
2015-06-22,4230.716081466506
2015-06-23,4235.792940764266
2015-06-24,4202.3301765322285
2015-06-25,4191.824351090898
2015-06-26,4189.309256480243
2015-06-29,4099.658038391565
2015-06-30,4113.186909918258
2015-07-01,4138.277350068759
2015-07-02,4133.725244983683
2015-07-06,4118.4304615772435
2015-07-07,4140.258143023603
2015-07-08,4070.7018062208067
2015-07-09,4082.506841458847
2015-07-10,4132.72167560879
2015-07-13,4179.83470271073
2015-07-14,4199.897909283742
2015-07-15,4192.338093047031
2015-07-16,4224.619096363494
2015-07-17,4226.731405911675
2015-07-20,4226.308732771084
2015-07-21,4206.867712600337
2015-07-22,4199.716037488916
2015-07-23,4175.357684471481
2015-07-24,4129.8462857107415
2015-07-27,4099.285423196482
2015-07-28,4149.706633901798
2015-07-29,4180.829433656062
2015-07-30,4185.010263089717
2015-07-31,4178.732747695083
2015-08-03,4164.52505635292
2015-08-04,4158.694721274026
2015-08-05,4173.666022270612
2015-08-06,4136.937761274631
2015-08-07,4122.044785334042
2015-08-10,4176.043572021918
2015-08-11,4135.118345016103
2015-08-12,4138.012927857614
2015-08-13,4132.219709758614
2015-08-14,4149.988254510576
2015-08-17,4174.888184037639
2015-08-18,4160.276075393507
2015-08-19,4124.913728752663
2015-08-20,4032.515661228603
2015-08-21,3913.5564492223593
2015-08-24,3760.536392057765
2015-08-25,3716.914169909895
2015-08-26,3853.696611362579
2015-08-27,3946.185330035281
2015-08-28,3955.261556294362
2015-08-31,3925.992620777784
2015-09-01,3811.74623551315
2015-09-02,3881.1200169994895
2015-09-03,3887.717921028389
2015-09-04,3833.6786419260943
2015-09-08,3930.2873437026315
2015-09-09,3877.6214932970165
2015-09-10,3896.6218386141713
2015-09-11,3913.7669747040736
2015-09-14,3897.720530107787
2015-09-15,3945.272720575102
2015-09-16,3978.8075386999903
2015-09-17,3972.0435658842002
2015-09-18,3907.696460116876
2015-09-21,3921.764167373297
2015-09-22,3871.1734096141813
2015-09-23,3860.721241408223
2015-09-24,3846.822644939153
2015-09-25,3838.3596351202873
2015-09-28,3737.410776716624
2015-09-29,3735.1683302505935
2015-09-30,3805.3894948593042
2015-10-01,3810.3365012026215
2015-10-02,3866.72948142042
2015-10-05,3941.3573604118346
2015-10-06,3924.409523762064
2015-10-07,3961.2989732854276
2015-10-08,3994.9700145583533
2015-10-09,3999.763978575824
2015-10-12,4002.163836962969
2015-10-13,3972.9480409531393
2015-10-14,3949.1103527074206
2015-10-15,4010.7164742096566
2015-10-16,4024.7539818693904
2015-10-19,4024.7539818693904
2015-10-20,4018.7168508965865
2015-10-21,3989.3802178850415
2015-10-22,4049.220921153317
2015-10-23,4093.3574291938876
2015-10-26,4085.1707143354997
2015-10-27,4068.0129973352905
2015-10-28,4126.185583197185
2015-10-29,4117.933212030791
2015-10-30,4100.637892540261
2015-11-02,4151.895866197015
2015-11-03,4165.597122555465
2015-11-04,4155.183129749076
2015-11-05,4152.274501558251
2015-11-06,4158.087685860433
2015-11-09,4118.58585284476
2015-11-10,4123.940014453458
2015-11-11,4106.207072391308
2015-11-12,4046.6670698416347
2015-11-13,4003.772398901313
2015-11-16,4059.4248352460413
2015-11-17,4054.959467927271
2015-11-18,4120.2443153609
2015-11-19,4114.887997750931
2015-11-20,4129.29010574306
2015-11-23,4128.877176732486
2015-11-24,4137.547818803624
2015-11-25,4140.444102276786
2015-11-27,4144.170501968834
2015-11-30,4124.278483559384
2015-12-01,4164.28398484991
2015-12-02,4122.224716602926
2015-12-03,4060.391345853882
2015-12-04,4136.320664021349
2015-12-07,4101.9892025099725
2015-12-08,4078.1976651354144
2015-12-09,4044.3486245147906
2015-12-10,4056.4816703883344
2015-12-11,3974.54074064649
2015-12-14,3986.0669087943647
2015-12-15,4029.9136447911023
2015-12-16,4089.153375369531
2015-12-17,4029.4517360891364
2015-12-18,3961.35400174923
2015-12-21,3990.668021362175
2015-12-22,4026.184966752298
2015-12-23,4078.122752823402
2015-12-24,4073.6368177952963
2015-12-28,4062.2306347054696
2015-12-29,4104.884056369877
2015-12-30,4074.50791435274
2015-12-31,4037.0224415406947
2016-01-04,3972.8337847201974
2016-01-05,3977.998468640334
2016-01-06,3924.693289160554
2016-01-07,3828.9307729050365
2016-01-08,3786.4296413257907
2016-01-11,3784.1577835409953
2016-01-12,3811.403719582491
2016-01-13,3710.0203806415966
2016-01-14,3771.2357169221827
2016-01-15,3690.9083961517404
2016-01-19,3683.895670199052
2016-01-20,3649.267050899181
2016-01-21,3665.688752628227
2016-01-22,3741.935078682894
2016-01-25,3678.322182345285
2016-01-26,3734.232679516934
2016-01-27,3692.782696774296
2016-01-28,3710.8773319884895
2016-01-29,3806.246879420594
2016-02-01,3804.7243806688257
2016-02-02,3728.629893055449
2016-02-03,3745.781590563504
2016-02-04,3755.895200858025
2016-02-05,3678.52375972035
2016-02-08,3622.9780509485727
2016-02-09,3620.079668507814
2016-02-10,3620.4416764746647
2016-02-11,3578.082508859911
2016-02-12,3648.9285425353373
2016-02-16,3713.8794705924665
2016-02-17,3778.5009733807756
2016-02-18,3759.2306184165336
2016-02-19,3761.4861567875832
2016-02-22,3815.2754088296456
2016-02-23,3769.110576382807
2016-02-24,3789.4637734952744
2016-02-25,3831.147875003722
2016-02-26,3830.3816454287216
2016-02-29,3803.9520120752636
2016-03-01,3892.964489157825
2016-03-02,3913.9864973992776
2016-03-03,3933.5564298862737
2016-03-04,3948.1105886768532
2016-03-07,3956.4016209130746
2016-03-08,3906.1553203274784
2016-03-09,3925.6860969291156
2016-03-10,3921.7604108321866
2016-03-11,3988.03816177525
2016-03-14,3983.25251598112
2016-03-15,3969.3111321751862
2016-03-16,3994.3177923078897
2016-03-17,4022.677448633276
2016-03-18,4044.399906855896
2016-03-21,4048.4443067627512
2016-03-22,4046.42008460937
2016-03-23,4012.0255138901907
2016-03-24,4012.0255138901907
2016-03-28,4013.630324095747
2016-03-29,4056.576168563571
2016-03-30,4073.2081308546817
2016-03-31,4068.7276019107417
2016-04-01,4094.76745856297
2016-04-04,4077.978911982862
2016-04-05,4039.645910210223
2016-04-06,4085.69787358662
2016-04-07,4035.4437897415046
2016-04-08,4047.1465767317545
2016-04-11,4035.8145663169057
2016-04-12,4075.769130523443
2016-04-13,4125.901090828881
2016-04-14,4127.13886115613
2016-04-15,4125.488005611667
2016-04-18,4152.303677648143
2016-04-19,4163.930127945558
2016-04-20,4170.1760231374765
2016-04-21,4150.159178226417
2016-04-22,4155.139369240289
2016-04-25,4145.167034754112
2016-04-26,4157.188019154899
2016-04-27,4165.918113995124
2016-04-28,4125.925300100771
2016-04-29,4105.295673600267
2016-05-02,4137.3169798543495
2016-05-03,4093.875151565879
2016-05-04,4066.8555755655443
2016-05-05,4063.602091105092
2016-05-06,4079.0437790512915
2016-05-09,4081.083300940817
2016-05-10,4132.5049505326715
2016-05-11,4095.7256564729305
2016-05-12,4091.2203582508105
2016-05-13,4057.6723513131537
2016-05-16,4097.843307591154
2016-05-17,4058.9137961690385
2016-05-18,4062.9727099652073
2016-05-19,4049.9711972933187
2016-05-20,4080.345981273019
2016-05-23,4072.5933239086003
2016-05-24,4130.831408440493
2016-05-25,4160.160311440421
2016-05-26,4158.496247315845
2016-05-27,4178.45702930296
2016-05-31,4178.03918360003
2016-06-01,4186.39526196723
2016-06-02,4201.047645384116
2016-06-03,4185.083664331656
2016-06-06,4210.194166317646
2016-06-07,4215.246399317228
2016-06-08,4230.842810994702
2016-06-09,4219.419535405016
2016-06-10,4175.115630283263
2016-06-13,4140.044658988884
2016-06-14,4132.178574136806
2016-06-15,4127.633177705256
2016-06-16,4137.539497331748
2016-06-17,4125.126878839753
2016-06-20,4154.415279679515
2016-06-21,4163.1395517668425
2016-06-22,4154.813272663308
2016-06-23,4215.058065116927
2016-06-24,4059.522422514112
2016-06-27,3975.8962606103214
2016-06-28,4045.8720347970634
2016-06-29,4118.293144219931
2016-06-30,4176.772906867854
2016-07-01,4186.797161844336
2016-07-05,4151.628065684844
2016-07-06,4177.36815969209
2016-07-07,4178.203633324028
2016-07-08,4244.63707109388
2016-07-11,4262.464546792474
2016-07-12,4294.433030893418
2016-07-13,4292.71525768106
2016-07-14,4314.608105495235
2016-07-15,4312.450801442487
2016-07-18,4322.800683365949
2016-07-19,4313.290521862545
2016-07-20,4333.994316367484
2016-07-21,4317.525137965288
2016-07-22,4338.249258627521
2016-07-25,4326.535985629227
2016-07-26,4332.160482410545
2016-07-27,4326.09545773517
2016-07-28,4334.3150391048675
2016-07-29,4341.6833746713455
2016-08-01,4334.736681271871
2016-08-02,4304.393524502968
2016-08-03,4323.763295363231
2016-08-04,4325.925177010912
2016-08-05,4365.723688639413
2016-08-08,4363.104254426229
2016-08-09,4365.285806553442
2016-08-10,4352.626477714437
2016-08-11,4376.130660694095
2016-08-12,4373.504982297679
2016-08-15,4390.12430123041
2016-08-16,4365.1005927133965
2016-08-17,4370.338713424653
2016-08-18,4384.323797307612
2016-08-19,4379.501041130574
2016-08-22,4378.625140922348
2016-08-23,4390.009566288745
2016-08-24,4365.864513674157
2016-08-25,4362.371822063217
2016-08-26,4355.828264330123
2016-08-29,4378.914154131073
2016-08-30,4372.783674315289
2016-08-31,4362.288993496933
2016-09-01,4363.597680194982
2016-09-02,4386.724747900015
2016-09-06,4398.568904719345
2016-09-07,4402.5276167335915
2016-09-08,4394.603067023471
2016-09-09,4286.495831574694
2016-09-12,4348.22137154937
2016-09-13,4283.867695250439
2016-09-14,4280.440601094238
2016-09-15,4326.241315525946
2016-09-16,4310.666846790053
2016-09-19,4312.822180213448
2016-09-20,4312.390897995427
2016-09-21,4360.689676052976
2016-09-22,4391.214503785347
2016-09-23,4365.306338213013
2016-09-26,4326.891642436738
2016-09-27,4354.583748948333
2016-09-28,4378.969417942444
2016-09-29,4336.055517646608
2016-09-30,4374.212806201897
2016-10-03,4362.839852905772
2016-10-04,4343.207073567696
2016-10-05,4368.397674594389
2016-10-06,4365.776635989632
2016-10-07,4349.186684772872
2016-10-10,4371.802455533691
2016-10-11,4314.969023611752
2016-10-12,4317.558005025919
2016-10-13,4299.856017205312
2016-10-14,4300.286002807033
2016-10-17,4287.8151733988925
2016-10-18,4313.542064439286
2016-10-19,4323.89456539394
2016-10-20,4316.97633408931
2016-10-21,4317.8397293561275
2016-10-24,4341.156063894651
2016-10-25,4321.186746000735
2016-10-26,4311.248016484934
2016-10-27,4297.452022832183
2016-10-28,4284.989411965969
2016-10-31,4285.846409848363
2016-11-01,4256.702654261394
2016-11-02,4225.628724885286
2016-11-03,4208.726209985744
2016-11-04,4203.675738533761
2016-11-07,4297.838075076917
2016-11-08,4315.029427377225
2016-11-09,4377.597354074194
2016-11-10,4391.605665607232
2016-11-11,4399.510555805326
2016-11-14,4408.309576916936
2016-11-15,4443.5760535322715
2016-11-16,4438.243762268033
2016-11-17,4463.097927336734
2016-11-18,4455.956970652995
2016-11-21,4490.267839327023
2016-11-22,4504.187669628936
2016-11-23,4510.94395113338
2016-11-25,4528.987726937914
2016-11-28,4500.002205485512
2016-11-29,4505.4022081320945
2016-11-30,4494.1387026117645
2016-12-01,4477.959803282362
2016-12-02,4477.959803282362
2016-12-05,4511.54450180698
2016-12-06,4532.748760965473
2016-12-07,4589.861395353638
2016-12-08,4606.3848963769115
2016-12-09,4627.574266900245
2016-12-12,4613.691544099544
2016-12-13,4641.373693364142
2016-12-14,4603.314429078556
2016-12-15,4624.489675452317
2016-12-16,4614.315798166322
2016-12-19,4624.467292922288
2016-12-20,4644.8149490111455
2016-12-21,4633.667393133519
2016-12-22,4619.766390954119
2016-12-23,4628.543947096931
2016-12-27,4641.041015754093
2016-12-28,4600.663958917032
2016-12-29,4598.823693333466
2016-12-30,4574.9098101281315
2017-01-03,4612.881561552195
2017-01-04,4649.3233258884575
2017-01-05,4639.559746904092
2017-01-06,4653.014470170114
2017-01-09,4635.798316630484
2017-01-10,4643.215593937093
2017-01-11,4657.609562278299
2017-01-12,4643.636733591464
2017-01-13,4657.1032801188785
2017-01-17,4634.283474046296
2017-01-18,4645.405754384007
2017-01-19,4627.7532125173475
2017-01-20,4643.024798118655
2017-01-23,4629.560026204111
2017-01-24,4667.522418418985
2017-01-25,4706.729606733704
2017-01-26,4702.02287712697
2017-01-27,4696.380449674418
2017-01-30,4664.445062616632
2017-01-31,4664.445062616632
2017-02-01,4665.844396135417
2017-02-02,4664.91122725619
2017-02-03,4703.16349931969
2017-02-06,4690.464957871527
2017-02-07,4690.464957871527
2017-02-08,4693.748283342037
2017-02-09,4727.073896153766
2017-02-10,4744.564069569536
2017-02-13,4767.812433510426
2017-02-14,4789.267589461222
2017-02-15,4814.650707685367
2017-02-16,4806.94726655307
2017-02-17,4816.561161086176
2017-02-21,4845.460528052693
2017-02-22,4838.192337260614
2017-02-23,4832.386506455901
2017-02-24,4839.635086215585
2017-02-27,4849.798319896638
2017-02-28,4829.429166953072
2017-03-01,4900.421775707282
2017-03-02,4866.608865454902
2017-03-03,4870.502152547266
2017-03-06,4852.481294582841
2017-03-07,4835.497610051801
2017-03-08,4826.310164592702
2017-03-09,4828.723319674998
2017-03-10,4845.140978961893
2017-03-13,4851.439662234544
2017-03-14,4833.9744794504995
2017-03-15,4875.546659973774
2017-03-16,4872.133777311792
2017-03-17,4868.236070289942
2017-03-20,4856.065480114217
2017-03-21,4783.710104460515
2017-03-22,4791.364040627652
2017-03-23,4789.926631415464
2017-03-24,4787.531668099757
2017-03-27,4785.137902265707
2017-03-28,4820.069408952248
2017-03-29,4828.745533888362
2017-03-30,4846.12901781036
2017-03-31,4838.375211381863
2017-04-03,4824.827760789994
2017-04-04,4827.240174670388
2017-04-05,4806.000317901839
2017-04-06,4820.898918887335
2017-04-07,4817.042199752224
2017-04-10,4820.895833512026
2017-04-11,4818.485385595271
2017-04-12,4794.874807205853
2017-04-13,4758.913246151809
2017-04-17,4801.26757404256
2017-04-18,4789.264405107454
2017-04-19,4785.4329935833675
2017-04-20,4825.1520874301095
2017-04-21,4811.641661585305
2017-04-24,4868.419033192012
2017-04-25,4900.550598811079
2017-04-26,4902.5108190506035
2017-04-27,4904.962074460129
2017-04-28,4890.247188236748
2017-05-01,4900.516707332045
2017-05-02,4901.986862344244
2017-05-03,4892.67308730579
2017-05-04,4893.651621923252
2017-05-05,4916.162419384098
2017-05-08,4914.195954416345
2017-05-09,4911.738856439137
2017-05-10,4921.562334152015
2017-05-11,4909.258428316635
2017-05-12,4900.421763145665
2017-05-15,4926.393998490337
2017-05-16,4924.91608029079
2017-05-17,4827.895233509061
2017-05-18,4847.206814443097
2017-05-19,4881.137262144198
2017-05-22,4908.471630812205
2017-05-23,4917.306879747667
2017-05-24,4929.108416259061
2017-05-25,4949.81067160735
2017-05-26,4952.780558010314
2017-05-30,4943.370274950094
2017-05-31,4942.381600895104
2017-06-01,4988.839987943518
2017-06-02,5006.300927901321
2017-06-05,4997.790216323889
2017-06-06,4983.796403718182
2017-06-07,4991.27209832376
2017-06-08,5000.256388100743
2017-06-09,4994.256080435022
2017-06-12,4988.2629731385005
2017-06-13,5015.698419490763
2017-06-14,5007.171732177629
2017-06-15,4992.150216981096
2017-06-16,4990.153356894303
2017-06-19,5033.068675763594
2017-06-20,4996.3272744305195
2017-06-21,4992.829845338418
2017-06-22,4993.828411307485
2017-06-23,5005.813599494623
2017-06-26,5007.815924934421
2017-06-27,4965.2494895724785
2017-06-28,5015.39850941716
2017-06-29,4973.770701788998
2017-06-30,4980.7339807715025
2017-07-03,4992.189668927277
2017-07-05,4998.18029652999
2017-07-06,4950.697583712956
2017-07-07,4984.857397040575
2017-07-10,4987.349825739095
2017-07-11,4987.349825739095
2017-07-12,5023.258744484417
2017-07-13,5031.79828435004
2017-07-14,5052.9318371443105
2017-07-17,5052.9318371443105
2017-07-18,5054.953009879168
2017-07-19,5084.777232637455
2017-07-20,5084.268754914192
2017-07-21,5080.201339910261
2017-07-24,5078.677279508288
2017-07-25,5097.976253170419
2017-07-26,5094.917467418517
2017-07-27,5087.784582964131
2017-07-28,5079.1353491730915
2017-07-31,5073.548300289001
2017-08-01,5085.724816209695
2017-08-02,5081.656236356727
2017-08-03,5070.984758260378
2017-08-04,5083.6622201560285
2017-08-07,5091.796079708279
2017-08-08,5080.08494872495
2017-08-09,5072.972829796735
2017-08-10,4997.385534632764
2017-08-11,5006.880567148566
2017-08-14,5058.451436990196
2017-08-15,5052.887140409507
2017-08-16,5061.982337262244
2017-08-17,4980.990619866048
2017-08-18,4973.519133936249
2017-08-21,4976.50324541661
2017-08-22,5029.751830142568
2017-08-23,5013.656624286112
2017-08-24,5006.136139349683
2017-08-25,5015.147184400512
2017-08-28,5019.159302148032
2017-08-29,5024.178461450179
2017-08-30,5050.806607295865
2017-08-31,5082.1216082611
2017-09-01,5096.351548764231
2017-09-05,5055.580736374117
2017-09-06,5069.736362435964
2017-09-07,5066.187546982259
2017-09-08,5057.575028152389
2017-09-11,5111.691080953619
2017-09-12,5133.160183493625
2017-09-13,5138.293343677117
2017-09-14,5131.613562330337
2017-09-15,5141.363628098765
2017-09-18,5153.702900806202
2017-09-19,5161.433455157411
2017-09-20,5169.175605340148
2017-09-21,5154.701913645195
2017-09-22,5161.403026132934
2017-09-25,5147.9833782649885
2017-09-26,5151.0721682919475
2017-09-27,5183.523922952187
2017-09-28,5190.262504052025
2017-09-29,5208.428422816208
2017-10-02,5234.470564930289
2017-10-03,5248.080188399107
2017-10-04,5250.704228493307
2017-10-05,5279.58310175002
2017-10-06,5275.3594352686205
2017-10-09,5263.226108567503
2017-10-10,5275.857851228065
2017-10-11,5284.29922379003
2017-10-12,5274.7874851872075
2017-10-13,5276.897400181282
2017-10-16,5285.868125761591
2017-10-17,5286.3967125741665
2017-10-18,5293.79766797177
2017-10-19,5294.856427505365
2017-10-20,5325.037109142146
2017-10-23,5301.074442151006
2017-10-24,5311.676591035308
2017-10-25,5285.118208080131
2017-10-26,5295.688444496292
2017-10-27,5339.113089741161
2017-10-30,5314.553169528352
2017-10-31,5326.776641818266
2017-11-01,5329.440030139175
2017-11-02,5332.637694157258
2017-11-03,5348.635607239729
2017-11-06,5351.844788604073
2017-11-07,5341.141099026865
2017-11-08,5347.5504683456975
2017-11-09,5325.62551142548
2017-11-10,5326.158073976622
2017-11-13,5330.951616243201
2017-11-14,5319.223522687466
2017-11-15,5291.563560369492
2017-11-16,5345.008352329223
2017-11-17,5337.5253406359625
2017-11-20,5348.734143851298
2017-11-21,5384.570662615101
2017-11-22,5381.878377283794
2017-11-24,5393.18032187609
2017-11-27,5389.944413682963
2017-11-28,5447.077824468002
2017-11-29,5448.167240032896
2017-11-30,5492.8422114011655
2017-12-01,5480.757958536083
2017-12-04,5474.729124781693
2017-12-05,5451.73526245761
2017-12-06,5446.828700721398
2017-12-07,5469.705381264427
2017-12-08,5497.600878708877
2017-12-11,5512.44440108139
2017-12-12,5516.303112162147
2017-12-13,5517.40637278458
2017-12-14,5491.474562832492
2017-12-15,5541.996128810551
2017-12-18,5578.5733032607
2017-12-19,5561.837583350918
2017-12-20,5562.3937671092535
2017-12-21,5575.743512150316
2017-12-22,5571.840491691811
2017-12-26,5567.940203347626
2017-12-27,5570.7241734493
2017-12-28,5582.979766630889
2017-12-29,5551.156781961093
2018-01-02,5598.896730285958
2018-01-03,5632.490110667674
2018-01-04,5656.709818143545
2018-01-05,5694.609773925106
2018-01-08,5705.9989934729565
2018-01-09,5715.1285918625135
2018-01-10,5711.699514707396
2018-01-11,5761.391300485349
2018-01-12,5799.992622198601
2018-01-16,5772.152657612047
2018-01-17,5827.565323125123
2018-01-18,5817.658462075809
2018-01-19,5851.40088115585
2018-01-22,5897.0418080288655
2018-01-23,5910.605004187331
2018-01-24,5903.5122781823065
2018-01-25,5908.235088004852
2018-01-26,5974.407320990506
2018-01-29,5937.963436332464
2018-01-30,5875.614820250973
2018-01-31,5872.089451358822
2018-02-01,5874.4382871393655
2018-02-02,5749.900195452011
2018-02-05,5518.7542075948395
2018-02-06,5611.469278282432
2018-02-07,5590.706841952787
2018-02-08,5386.086971537315
2018-02-09,5460.41497174453
2018-02-12,5535.22265685743
2018-02-13,5552.935369359374
2018-02-14,5637.895280510573
2018-02-15,5707.241392460853
2018-02-16,5709.524289017837
2018-02-20,5674.696190854828
2018-02-21,5650.294997234153
2018-02-22,5651.4250562336
2018-02-23,5739.022144605221
2018-02-26,5803.87309483926
2018-02-27,5731.905068463254
2018-02-28,5668.854112710158
2018-03-01,5601.961634180178
2018-03-02,5641.735561782858
2018-03-05,5702.666305850113
2018-03-06,5723.766171181758
2018-03-07,5727.200430884467
2018-03-08,5748.9637925218285
2018-03-09,5847.845969753204
2018-03-12,5843.167692977402
2018-03-13,5804.602786203751
2018-03-14,5774.418851715492
2018-03-15,5765.179781552747
2018-03-16,5780.169248984784
2018-03-19,5701.55894719859
2018-03-20,5710.111285619389
2018-03-21,5706.685218848017
2018-03-22,5562.306082811162
2018-03-23,5446.053885680409
2018-03-26,5592.008129816643
2018-03-27,5487.996778602054
2018-03-28,5469.337589554808
2018-03-29,5547.002183326486
2018-04-02,5419.97583332831
2018-04-03,5488.267528828246
2018-04-04,5553.02908566842
2018-04-05,5595.2321067195
2018-04-06,5473.256046793014
2018-04-09,5490.2231405380735
2018-04-10,5587.949112439652
2018-04-11,5561.126956699942
2018-04-12,5608.396535831891
2018-04-13,5588.206308302896
2018-04-16,5634.58842066181
2018-04-17,5696.56889328909
2018-04-18,5704.544089739695
2018-04-19,5677.1622781089445
2018-04-20,5631.744979884073
2018-04-23,5629.4922818921195
2018-04-24,5556.871831455711
2018-04-25,5563.540077653458
2018-04-26,5616.950062398932
2018-04-27,5618.073452411411
2018-04-30,5573.12886479212
2018-05-01,5587.618999840579
2018-05-02,5553.534523941551
2018-05-03,5540.206041084091
2018-05-04,5612.782740222294
2018-05-07,5636.356427731227
2018-05-08,5640.865512873412
2018-05-09,5692.197389040561
2018-05-10,5741.150286586309
2018-05-11,5752.632587159482
2018-05-14,5756.0841667117775
2018-05-15,5725.001312211534
2018-05-16,5754.198818903814
2018-05-17,5755.349658667595
2018-05-18,5742.687889418526
2018-05-21,5784.609511011281
2018-05-22,5760.892612016135
2018-05-23,5778.175289852183
2018-05-24,5769.508026917405
2018-05-25,5757.392060060878
2018-05-29,5698.666661048257
2018-05-30,5773.889060974095
2018-05-31,5734.049226453373
2018-06-01,5795.403553176424
2018-06-04,5823.8010305869875
2018-06-05,5833.701492338985
2018-06-06,5884.454695322334
2018-06-07,5876.804904218416
2018-06-08,5895.610679911915
2018-06-11,5903.274973795801
2018-06-12,5917.442833732911
2018-06-13,5898.507016664966
2018-06-14,5915.612687013294
2018-06-15,5912.063319401086
2018-06-18,5907.333668745565
2018-06-19,5885.476534171206
2018-06-20,5899.601677853217
2018-06-21,5857.124545772674
2018-06-22,5864.153095227602
2018-06-25,5777.950044727756
2018-06-26,5794.128304852993
2018-06-27,5735.607608973978
2018-06-28,5769.447693866925
2018-06-29,5773.486307252631
2018-07-02,5794.848206589466
2018-07-03,5769.930359301132
2018-07-05,5820.705746462982
2018-07-06,5872.510027606501
2018-07-09,5927.711621866003
2018-07-10,5940.752587434108
2018-07-11,5899.7613945808125
2018-07-12,5950.499342574207
2018-07-13,5955.854791982523
2018-07-16,5946.92100979455
2018-07-17,5976.060922742542
2018-07-18,5992.196287233946
2018-07-19,5972.422039486075
2018-07-20,5967.046859650537
2018-07-23,5977.190839311943
2018-07-24,5990.93837824236
2018-07-25,6041.2622606195955
2018-07-26,6029.179736098356
2018-07-27,5980.34338023596
2018-07-30,5939.079010912331
2018-07-31,5969.962221769076
2018-08-01,5962.798267102953
2018-08-02,6003.345295319253
2018-08-03,6022.556000264275
2018-08-06,6050.862013465517
2018-08-07,6069.014599505913
2018-08-08,6067.193895126062
2018-08-09,6064.767017568011
2018-08-10,6028.98489216436
2018-08-13,6001.8544601496205
2018-08-14,6043.867441370668
2018-08-15,5989.472634398331
2018-08-16,6041.581046317596
2018-08-17,6060.309947561181
2018-08-20,6076.06675342484
2018-08-21,6096.725380386484
2018-08-22,6100.383415614716
2018-08-23,6089.402725466609
2018-08-24,6127.765962637049
2018-08-27,6173.724207356827
2018-08-28,6173.724207356827
2018-08-29,6208.914435338761
2018-08-30,6184.078777597406
2018-08-31,6189.644448497243
2018-09-04,6183.454804048745
2018-09-05,6158.72098483255
2018-09-06,6132.23848459777
2018-09-07,6121.813679173954
2018-09-10,6136.506032003972
2018-09-11,6159.8247549255875
2018-09-12,6162.2886848275575
2018-09-13,6190.635212777764
2018-09-14,6198.683038554375
2018-09-17,6154.672388980639
2018-09-18,6190.369488836727
2018-09-19,6194.083710530029
2018-09-20,6242.397563472163
2018-09-21,6234.906686395996
2018-09-24,6216.201966336808
2018-09-25,6213.715485550274
2018-09-26,6189.481995156628
2018-09-27,6206.812544743066
2018-09-28,6205.571182234117
2018-10-01,6216.1206532439155
2018-10-02,6203.688411937428
2018-10-03,6216.716157602496
2018-10-04,6159.522368952554
2018-10-05,6120.717378028153
2018-10-08,6110.312158485504
2018-10-09,6099.924627816079
2018-10-10,5897.407130172585
2018-10-11,5782.40769113422
2018-10-12,5863.361398810099
2018-10-15,5835.803600235691
2018-10-16,5967.692761601018
2018-10-17,5962.918607391737
2018-10-18,5871.685952698644
2018-10-19,5858.181075007437
2018-10-22,5836.505805029909
2018-10-23,5800.903119619227
2018-10-24,5608.313136047869
2018-10-25,5717.114410887199
2018-10-26,5623.353734548648
2018-10-29,5581.178581539534
2018-10-30,5674.384263851244
2018-10-31,5743.611751870229
2018-11-01,5818.278704644542
2018-11-02,5788.023655380391
2018-11-05,5811.75455236745
2018-11-06,5845.462728771181
2018-11-07,5969.971084894008
2018-11-08,5953.852162964794
2018-11-09,5892.527485686257
2018-11-12,5771.730672229689
2018-11-13,5764.804595423014
2018-11-14,5720.415600038256
2018-11-15,5788.4885456787115
2018-11-16,5797.750127351797
2018-11-19,5689.3321999703185
2018-11-20,5584.648487490865
2018-11-21,5613.688659625817
2018-11-23,5583.374740863838
2018-11-26,5674.383749139919
2018-11-27,5681.193009638888
2018-11-28,5819.245999773113
2018-11-29,5807.025583173589
2018-11-30,5853.481787838979
2018-12-03,5920.211480220343
2018-12-04,5715.964184152742
2018-12-06,5707.390237876513
2018-12-07,5573.266567286415
2018-12-10,5579.397160510431
2018-12-11,5575.4915824980735
2018-12-12,5613.96247441731
2018-12-13,5599.927568231266
2018-12-14,5494.648929948518
2018-12-17,5378.16237263361
2018-12-18,5377.086740159084
2018-12-19,5292.666478338586
2018-12-20,5207.4545480373345
2018-12-21,5095.494275254532
2018-12-24,4966.068720663067
2018-12-26,5218.345011672751
2018-12-27,5259.569937264966
2018-12-28,5258.518023277513
2018-12-31,5306.370537289339
2019-01-02,5318.575189525104
2019-01-03,5188.801954900692
2019-01-04,5373.523304495157
2019-01-07,5424.571775887862
2019-01-08,5479.902408001918
2019-01-09,5508.945890764328
2019-01-10,5531.532568916462
2019-01-11,5532.085722173353
2019-01-14,5499.44641641253
2019-01-15,5557.740548426503
2019-01-16,5573.857996016939
2019-01-17,5617.891474185473
2019-01-18,5691.485852497303
2019-01-22,5605.544416124594
2019-01-23,5615.073841632006
2019-01-24,5628.550018851923
2019-01-25,5679.769824023476
2019-01-28,5634.89964241369
2019-01-29,5624.756823057345
2019-01-30,5710.253126767818
2019-01-31,5762.787455534082
2019-02-01,5770.85535797183
2019-02-04,5813.559687620822
2019-02-05,5839.139350246353
2019-02-06,5827.46107154586
2019-02-07,5773.848429687639
2019-02-08,5780.199662960295
2019-02-11,5788.869962454736
2019-02-12,5868.177480940366
2019-02-13,5885.195195635092
2019-02-14,5874.013324763386
2019-02-15,5940.977076665688
2019-02-19,5952.85903081902
2019-02-20,5964.764748880658
2019-02-21,5943.291595784687
2019-02-22,5982.517320316866
2019-02-25,5992.0893480293735
2019-02-26,5983.10121400733
2019-02-27,5989.682625342739
2019-02-28,5971.71357746671
2019-03-01,6015.307086582218
2019-03-04,5984.629020440649
2019-03-05,5975.053614007943
2019-03-06,5925.460669011677
2019-03-07,5877.464437592683
2019-03-08,5865.121762273739
2019-03-11,5953.098588707844
2019-03-12,5968.5766450384845
2019-03-13,6009.162966224746
2019-03-14,6003.754719555143
2019-03-15,6033.173117680963
2019-03-18,6061.529031334063
2019-03-19,6056.6798081089955
2019-03-20,6034.875760799803
2019-03-21,6101.8628817446815
2019-03-22,5970.062643498996
2019-03-25,5967.674618441597
2019-03-26,6013.625713003597
2019-03-27,5984.15894700988
2019-03-28,6008.69399869262
2019-03-29,6048.95224848386
2019-04-01,6121.539675465666
2019-04-02,6119.09105959548
2019-04-03,6136.224514562347
2019-04-04,6148.496963591472
2019-04-05,6181.698847194866
2019-04-08,6187.262376157341
2019-04-09,6147.6638969499345
2019-04-10,6177.787450044989
2019-04-11,6178.405228789993
2019-04-12,6218.564862777128
2019-04-15,6213.590010886906
2019-04-16,6222.289036902149
2019-04-17,6202.999940887752
2019-04-18,6210.443540816818
2019-04-22,6217.896073065799
2019-04-23,6278.831454581844
2019-04-24,6265.645908527222
2019-04-25,6257.500568846137
2019-04-26,6291.291071917906
2019-04-29,6303.244524954551
2019-04-30,6301.353551597064
2019-05-01,6249.682452473969
2019-05-02,6240.307928795258
2019-05-03,6311.447439183524
2019-05-06,6287.463938914626
2019-05-07,6181.83454474086
2019-05-08,6169.470875651378
2019-05-09,6152.8133042871195
2019-05-10,6174.963432182553
2019-05-13,6011.944397572934
2019-05-14,6067.254286030605
2019-05-15,6103.051086318185
2019-05-16,6159.199156312313
2019-05-17,6116.084762218126
2019-05-20,6076.941819739931
2019-05-21,6132.241990299565
2019-05-22,6108.326246537397
2019-05-23,6025.253009584489
2019-05-24,6039.713616807491
2019-05-28,5993.2078219580735
2019-05-29,5951.255367204367
2019-05-30,5960.182250255174
2019-05-31,5879.1237716517035
2019-06-03,5859.722663205253
2019-06-04,5996.254201257936
2019-06-05,6038.827606086868
2019-06-06,6072.645040680955
2019-06-07,6136.407813608105
2019-06-10,6170.15805658295
2019-06-11,6163.370882720708
2019-06-12,6151.660478043539
2019-06-13,6184.26427857717
2019-06-14,6168.18519145287
2019-06-17,6178.054287759194
2019-06-18,6242.9238577806655
2019-06-19,6263.525506511342
2019-06-20,6320.5235886205965
2019-06-21,6307.882541443355
2019-06-24,6286.435740802448
2019-06-25,6225.457314116664
2019-06-26,6221.7220397281935
2019-06-27,6259.0523719665625
2019-06-28,6302.239833333131
2019-07-01,6350.136856066463
2019-07-02,6359.662061350563
2019-07-03,6410.539357841368
2019-07-05,6404.769872419311
2019-07-08,6368.26268414652
2019-07-09,6380.999209514813
2019-07-10,6407.161306273823
2019-07-11,6419.975628886371
2019-07-12,6454.643497282358
2019-07-15,6452.061639883445
2019-07-16,6432.060248799807
2019-07-17,6391.538269232368
2019-07-18,6414.547807001605
2019-07-19,6378.626339282396
2019-07-22,6395.21076776453
2019-07-23,6436.779637754999
2019-07-24,6479.906061327957
2019-07-25,6439.730643747724
2019-07-26,6493.18040809083
2019-07-29,6473.051548825748
2019-07-30,6462.6946663476265
2019-07-31,6392.2512944844375
2019-08-01,6326.411106151248
2019-08-02,6272.003970638347
2019-08-05,6080.080649136814
2019-08-06,6159.1216975755915
2019-08-07,6164.048994933652
2019-08-08,6286.097165033338
2019-08-09,6237.694216862581
2019-08-12,6156.604192043367
2019-08-13,6247.721934085608
2019-08-14,6064.038909223492
2019-08-15,6074.954179260094
2019-08-16,6169.7234644565515
2019-08-19,6240.675284297802
2019-08-20,6194.494287193998
2019-08-21,6247.766938063866
2019-08-22,6242.143947819609
2019-08-23,6076.727133202389
2019-08-26,6142.963458954295
2019-08-27,6115.320123389
2019-08-28,6157.515832240384
2019-08-29,6241.258047558854
2019-08-30,6243.754550777877
2019-09-03,6190.682637096265
2019-09-04,6258.161077840614
2019-09-05,6347.652781253734
2019-09-06,6347.018015975609
2019-09-09,6352.0956303883895
2019-09-10,6362.89419296005
2019-09-11,6418.887661858097
2019-09-12,6433.651103480371
2019-09-13,6433.007738370023
2019-09-16,6418.8551213456085
2019-09-17,6430.40906056403
2019-09-18,6428.479937845861
2019-09-19,6425.908545870723
2019-09-20,6395.706775705131
2019-09-23,6395.067205027561
2019-09-24,6331.756039697788
2019-09-25,6376.078331975672
2019-09-26,6351.2116264809665
2019-09-27,6312.4692355594325
2019-09-30,6344.6628286607865
2019-10-01,6262.182211888196
2019-10-02,6154.47267784372
2019-10-03,6204.323906534254
2019-10-04,6291.184441225733
2019-10-07,6266.01970346083
2019-10-08,6165.763388205457
2019-10-09,6223.104987715768
2019-10-10,6261.065928140834
2019-10-11,6338.703145649781
2019-10-14,6327.927350302176
2019-10-15,6393.737794745319
2019-10-16,6379.032197817404
2019-10-17,6403.272520169111
2019-10-18,6372.536812072299
2019-10-21,6418.41907711922
2019-10-22,6397.2382941647265
2019-10-23,6413.871113729554
2019-10-24,6430.54717862525
2019-10-25,6463.34296923624
2019-10-28,6504.062029942428
2019-10-29,6496.257155506497
2019-10-30,6515.096301257465
2019-10-31,6490.990444942812
2019-11-01,6561.093141748194
2019-11-04,6587.337514315187
2019-11-05,6586.020046812324
2019-11-06,6583.385638793599
2019-11-07,6609.060842784895
2019-11-08,6630.209837481807
2019-11-11,6618.27545977434
2019-11-12,6629.526528055956
2019-11-13,6630.852433361567
2019-11-14,6636.157115308256
2019-11-15,6685.928293673068
2019-11-18,6688.602664990537
2019-11-19,6690.609245790034
2019-11-20,6669.1992962035065
2019-11-21,6659.862417188822
2019-11-22,6676.512073231794
2019-11-25,6738.60363551285
2019-11-26,6752.080842783876
2019-11-27,6782.465206576403
2019-11-29,6754.65709922944
2019-12-02,6696.567048176066
2019-12-03,6653.0393623629225
2019-12-04,6693.622902473337
2019-12-05,6702.9939745368
2019-12-06,6764.661519102539
2019-12-09,6743.014602241411
2019-12-10,6738.2944920198415
2019-12-11,6757.835546046698
2019-12-12,6819.331849515724
2019-12-13,6817.967983145821
2019-12-16,6869.102743019414
2019-12-17,6876.658756036736
2019-12-18,6873.908092534321
2019-12-19,6904.153288141472
2019-12-20,6937.983639253365
2019-12-23,6945.615421256544
2019-12-24,6947.004544340795
2019-12-26,6981.739567062498
2019-12-27,6976.1541754088485
2019-12-30,6937.087712026559
2019-12-31,6957.205266391435
2020-01-02,7017.7329522090395
2020-01-03,6971.415914724459
2020-01-06,6997.210153608939
2020-01-07,6984.615175332443
2020-01-08,7018.141328174038
2020-01-09,7064.461060939986
2020-01-10,7041.148339438884
2020-01-13,7093.252837150732
2020-01-14,7089.706210732157
2020-01-15,7101.758711290402
2020-01-16,7164.964363820886
2020-01-17,7185.742760475966
2020-01-21,7163.46695791849
2020-01-22,7169.914078180616
2020-01-23,7176.367000850978
2020-01-24,7107.4738776428085
2020-01-27,6997.308032539345
2020-01-28,7069.3803052745
2020-01-29,7063.017862999753
2020-01-30,7087.738425520252
2020-01-31,6965.120550758752
2020-02-03,7024.324075440201
2020-02-04,7135.308395832157
2020-02-05,7205.234418111312
2020-02-06,7225.409074482023
2020-02-07,7186.391865479821
2020-02-10,7239.571165284372
2020-02-11,7259.841964547168
2020-02-12,7308.482905709633
2020-02-13,7302.636119385065
2020-02-14,7313.5900735641435
2020-02-18,7300.425611431728
2020-02-19,7344.9582076614615
2020-02-20,7319.985349755413
2020-02-21,7238.733512373128
2020-02-24,6994.064319654916
2020-02-25,6778.6471386095445
2020-02-26,6744.076038202636
2020-02-27,6460.150436994304
2020-02-28,6410.407278629447
2020-03-02,6687.336873066239
2020-03-03,6500.76017430769
2020-03-04,6763.3908853497205
2020-03-05,6535.464612513435
2020-03-06,6419.786888871947
2020-03-09,5920.32746891771
2020-03-10,6201.543023691302
2020-03-11,5888.365100994891
2020-03-12,5321.904378279182
2020-03-13,5800.343581886481
2020-03-16,5104.302352060104
2020-03-17,5404.9457605964435
2020-03-18,5104.971270883341
2020-03-19,5172.356891659002
2020-03-20,4958.221316344319
2020-03-23,4831.786672777539
2020-03-24,5283.558726682239
2020-03-25,5345.904719657089
2020-03-26,5668.797364724377
2020-03-27,5472.090096168441
2020-03-30,5646.102561226598
2020-03-31,5565.3632946010575
2020-04-01,5314.9219463440095
2020-04-02,5426.535307217233
2020-04-03,5337.540128178871
2020-04-06,5716.50547727957
2020-04-07,5710.217321254563
2020-04-08,5905.506753641469
2020-04-09,5999.404311024368
2020-04-13,5944.209791362944
2020-04-14,6124.319348041241
2020-04-15,5992.646482058354
2020-04-16,6029.800890247116
2020-04-17,6194.4144545508625
2020-04-20,6097.162147614414
2020-04-21,5908.759837253128
2020-04-22,6045.252189493675
2020-04-23,6052.506492121069
2020-04-24,6139.0573349584
2020-04-27,6245.263026853181
2020-04-28,6217.1593432323425
2020-04-29,6398.700396054726
2020-04-30,6323.19573138128
2020-05-01,6139.190735598085
2020-05-04,6172.3423655703145
2020-05-05,6230.979618043233
2020-05-06,6198.578524029408
2020-05-07,6281.019618399
2020-05-08,6400.358991148581
2020-05-11,6404.19920654327
2020-05-12,6271.632282967824
2020-05-13,6153.098432819732
2020-05-14,6223.85906479716
2020-05-15,6259.335061466503
2020-05-18,6462.137517458018
2020-05-19,6396.8699285316925
2020-05-20,6512.013587245263
2020-05-21,6465.778290775822
2020-05-22,6483.235892160917
2020-05-26,6562.979693634496
2020-05-27,6664.049580916468
2020-05-28,6636.72697763471
2020-05-29,6675.883666802755
2020-06-01,6709.93067350345
2020-06-02,6764.281111958828
2020-06-03,6859.6574756374475
2020-06-04,6836.334640220281
2020-06-05,7007.243006225787
2020-06-08,7101.840786809836
2020-06-09,7040.764956043271
2020-06-10,7002.040748785033
2020-06-11,6588.220140531837
2020-06-12,6673.208180344697
2020-06-15,6745.27882869242
2020-06-16,6872.090070671837
2020-06-17,6843.914501382083
2020-06-18,6856.23354748457
2020-06-19,6825.38049652089
2020-06-22,6873.84069804619
2020-06-23,6902.023444908179
2020-06-24,6721.190430651584
2020-06-25,6797.139882517948
2020-06-26,6631.9693833727615
2020-06-29,6731.448924123352
2020-06-30,6837.805817124501
2020-07-01,6865.840820974711
2020-07-02,6900.856609161683
2020-07-06,7015.410828873767
2020-07-07,6944.555179502142
2020-07-08,7006.361720599711
2020-07-09,6968.527367308472
2020-07-10,7045.878021085597
2020-07-13,6962.032072634678
2020-07-14,7056.71570882251
2020-07-15,7137.162267903088
2020-07-16,7110.041051285056
2020-07-17,7131.37117443891
2020-07-20,7204.824297535631
2020-07-21,7215.631533981935
2020-07-22,7251.709691651844
2020-07-23,7164.689175352022
2020-07-24,7111.670475454417
2020-07-27,7174.253175638415
2020-07-28,7116.141724915744
2020-07-29,7212.921252374598
2020-07-30,7192.003780742712
2020-07-31,7236.594204183316
2020-08-03,7306.789167963894
2020-08-04,7333.824287885361
2020-08-05,7391.028117330867
2020-08-06,7430.200566352721
2020-08-07,7431.686606465991
2020-08-10,7448.7794856608625
2020-08-11,7386.954615929878
2020-08-12,7490.371980552896
2020-08-13,7488.873906156786
2020-08-14,7485.878356594323
2020-08-17,7519.564809198997
2020-08-18,7536.859808260155
2020-08-19,7508.219740988766
2020-08-20,7531.495222185832
2020-08-21,7551.077109763515
2020-08-24,7620.54701917334
2020-08-25,7647.218933740447
2020-08-26,7723.691123077851
2020-08-27,7737.593767099392
2020-08-28,7791.756923469086
2020-08-31,7788.640220699699
2020-09-01,7860.295710730137
2020-09-02,7960.12146625641
2020-09-03,7665.5969720049225
2020-09-04,7598.90627834848
2020-09-08,7376.258324392869
2020-09-09,7528.946871707802
2020-09-10,7405.472143011794
2020-09-11,7401.769406940289
2020-09-14,7518.7173635699455
2020-09-15,7561.574052542294
2020-09-16,7531.327756332125
2020-09-17,7467.311470403302
2020-09-18,7400.852398316712
2020-09-21,7321.663277654723
2020-09-22,7395.6120767590355
2020-09-23,7212.9404584630865
2020-09-24,7231.69410365509
2020-09-25,7355.356072827591
2020-09-28,7476.7194480292455
2020-09-29,7445.317226347523
2020-09-30,7504.1352324356685
2020-10-01,7562.667487248667
2020-10-02,7489.309612622355
2020-10-05,7634.60221910723
2020-10-06,7536.879310702657
2020-10-07,7675.557890019585
2020-10-08,7736.962353139742
2020-10-09,7808.916103023942
2020-10-12,7929.173411010512
2020-10-13,7895.870882684268
2020-10-14,7844.54772194682
2020-10-15,7838.272083769262
2020-10-16,7833.5691205190005
2020-10-19,7713.71551297506
2020-10-20,7740.713517270473
2020-10-21,7713.621019960026
2020-10-22,7764.530918691762
2020-10-23,7794.036136182791
2020-10-26,7649.846467663409
2020-10-27,7632.251820787784
2020-10-28,7371.228808516841
2020-10-29,7454.523694053082
2020-10-30,7346.433100489313
2020-11-02,7432.386367765038
2020-11-03,7575.831424662904
2020-11-04,7746.28763171782
2020-11-05,7910.508929510238
2020-11-06,7911.299980403189
2020-11-09,7976.963770240535
2020-11-10,7964.20062820815
2020-11-11,8034.285593736381
2020-11-12,7958.76330915526
2020-11-13,8063.023108505195
2020-11-16,8161.391990428958
2020-11-17,8145.0692064481
2020-11-18,8068.505555907488
2020-11-19,8115.302888131751
2020-11-20,8073.914843402279
2020-11-23,8140.120945118178
2020-11-24,8267.106831862022
2020-11-25,8268.760253228395
2020-11-27,8303.489046291954
2020-11-30,8260.310903251237
2020-12-01,8342.087981193425
2020-12-02,8351.264277972738
2020-12-03,8365.46142724529
2020-12-04,8449.952587660468
2020-12-07,8451.642578178
2020-12-08,8491.365298295435
2020-12-09,8403.904235722992
2020-12-10,8424.073605888727
2020-12-11,8408.910273398127
2020-12-14,8387.047106687292
2020-12-15,8495.240014363557
2020-12-16,8508.83239838654
2020-12-17,8575.201291093954
2020-12-18,8563.196009286423
2020-12-21,8542.644338864136
2020-12-22,8546.915661033569
2020-12-23,8556.317268260706
2020-12-24,8575.996797977705
2020-12-28,8618.019182287795
2020-12-29,8584.408907476873
2020-12-30,8607.586811527059
2020-12-31,8642.017158773167
2021-01-04,8520.164716834466
2021-01-05,8593.438133399242
2021-01-06,8661.326294653096
2021-01-07,8813.765637438992
2021-01-08,8858.715842189931
2021-01-11,8812.650519810544
2021-01-12,8845.257326733843
2021-01-13,8850.564481129883
2021-01-14,8839.943803752527
2021-01-15,8763.920287040255
2021-01-19,8844.548353681026
2021-01-20,8956.874117772775
2021-01-21,8953.291368125667
2021-01-22,8947.02406416798
2021-01-25,8972.970433954066
2021-01-26,8943.359631522018
2021-01-27,8717.092632844511
2021-01-28,8798.161594329966
2021-01-29,8636.275420994294
2021-02-01,8784.819358235396
2021-02-02,8914.83468473728
2021-02-03,8927.315453295912
2021-02-04,9036.228701826123
2021-02-05,9087.735205426532
2021-02-08,9174.977463398627
2021-02-09,9179.564952130326
2021-02-10,9172.221300168621
2021-02-11,9190.565742768958
2021-02-12,9235.599514908525
2021-02-16,9222.669675587653
2021-02-17,9204.224336236477
2021-02-18,9146.237722918188
2021-02-19,9160.871703274857
2021-02-22,9059.186027368507
2021-02-23,9049.220922738401
2021-02-24,9153.286963349894
2021-02-25,8904.317557946777
2021-02-26,8879.385468784525
2021-03-01,9112.02536806668
2021-03-02,9016.349101701979
2021-03-03,8876.595690625598
2021-03-04,8728.35654259215
2021-03-05,8891.576809938622
2021-03-08,8832.003245312033
2021-03-09,8988.329702754056
2021-03-10,9048.551511762507
2021-03-11,9176.13608807836
2021-03-12,9186.229837775247
2021-03-15,9249.614823655895
2021-03-16,9211.691402878905
2021-03-17,9243.011153648695
2021-03-18,9071.091146190829
2021-03-19,9091.954655827067
2021-03-22,9142.869601899698
2021-03-23,9036.812314517661
2021-03-24,8949.155235066839
2021-03-25,9009.114575141786
2021-03-26,9149.656762513998
2021-03-29,9105.738410053931
2021-03-30,9103.006688530915
2021-03-31,9160.35563066866
2021-04-01,9276.692147178152
2021-04-05,9395.433806662031
2021-04-06,9395.433806662031
2021-04-07,9385.098829474704
2021-04-08,9443.286442217446
2021-04-09,9504.66780409186
2021-04-12,9500.865936970224
2021-04-13,9539.819487311801
2021-04-14,9507.38410105494
2021-04-15,9608.162372526122
2021-04-16,9634.104410931941
2021-04-19,9564.73885917323
2021-04-20,9475.78678778292
2021-04-21,9580.020442448531
2021-04-22,9505.296282997431
2021-04-23,9625.063016163198
2021-04-26,9664.525774529468
2021-04-27,9661.62641679711
2021-04-28,9654.86327830535
2021-04-29,9693.482731418573
2021-04-30,9613.996173020942
2021-05-03,9631.30136613238
2021-05-04,9545.582783973801
2021-05-05,9540.809992581815
2021-05-06,9587.559961545465
2021-05-07,9668.095465222446
2021-05-10,9537.576176441944
2021-05-11,9477.48944653036
2021-05-12,9255.71619348155
2021-05-13,9351.975641893758
2021-05-14,9519.376005883656
2021-05-17,9496.529503469535
2021-05-18,9430.053796945249
2021-05-19,9397.991614035636
2021-05-20,9505.128718435642
2021-05-21,9501.32666694827
2021-05-24,9595.389800951058
2021-05-25,9566.603631548205
2021-05-26,9610.610008253327
2021-05-27,9636.55865527561
2021-05-28,9640.41327873772
2021-06-01,9643.305402721342
2021-06-02,9653.913038664337
2021-06-03,9602.747299559416
2021-06-04,9689.17202525545
2021-06-07,9702.736866090809
2021-06-08,9720.201792449772
2021-06-09,9692.013207251668
2021-06-10,9731.7504614014
2021-06-11,9767.757938108585
2021-06-14,9782.409575015748
2021-06-15,9753.0623462907
2021-06-16,9708.198259497764
2021-06-17,9709.169079323714
2021-06-18,9589.746299648032
2021-06-21,9720.166849323245
2021-06-22,9776.54381704932
2021-06-23,9776.54381704932
2021-06-24,9844.00196938696
2021-06-25,9874.51837549206
2021-06-28,9895.254864080593
2021-06-29,9896.244389567
2021-06-30,9903.171760639696
2021-07-01,9946.745716386511
2021-07-02,10002.447492398276
2021-07-06,9975.4408841688
2021-07-07,9985.416325052967
2021-07-08,9899.541744657512
2021-07-09,10024.275970640196
2021-07-12,10047.331805372667
2021-07-13,9992.071480443117
2021-07-14,9967.09130174201
2021-07-15,9929.21635479539
2021-07-16,9853.754310498944
2021-07-19,9713.83099928986
2021-07-20,9878.966126277786
2021-07-21,9972.816304477426
2021-07-22,9982.789120781903
2021-07-23,10081.618733077645
2021-07-26,10099.765646797185
2021-07-27,10034.117170093003
2021-07-28,10061.209286452253
2021-07-29,10102.460244526706
2021-07-30,10036.794252937283
2021-08-02,10024.750099833758
2021-08-03,10097.930775562545
2021-08-04,10058.54884553785
2021-08-05,10132.982106994832
2021-08-06,10142.101790891127
2021-08-09,10142.101790891127
2021-08-10,10148.18705196566
2021-08-11,10168.483426069592
2021-08-12,10192.887786292158
2021-08-13,10194.926363849416
2021-08-16,10191.86788594026
2021-08-17,10111.352129641333
2021-08-18,10014.283149196775
2021-08-19,10001.26458110282
2021-08-20,10093.276215248967
2021-08-23,10201.27427075213
2021-08-24,10242.079367835138
2021-08-25,10269.732982128293
2021-08-26,10202.97971774446
2021-08-27,10312.151600724324
2021-08-30,10348.244131326861
2021-08-31,10334.791413956136
2021-09-01,10346.15968451149
2021-09-02,10382.37124340728
2021-09-03,10380.2947691586
2021-09-07,10342.925707989629
2021-09-08,10308.794053153264
2021-09-09,10279.929429804435
2021-09-10,10201.80196613792
2021-09-13,10216.084488890514
2021-09-14,10148.658331263836
2021-09-15,10237.966524578957
2021-09-16,10232.847541316667
2021-09-17,10157.124469510924
2021-09-20,9968.20195437802
2021-09-21,9971.192414964335
2021-09-22,10070.904339113978
2021-09-23,10199.811914654636
2021-09-24,10208.991745377823
2021-09-27,10197.761854457907
2021-09-28,9976.47042221617
2021-09-29,9980.461010385057
2021-09-30,9877.662261978092
2021-10-01,9988.292079312247
2021-10-04,9846.458331786012
2021-10-05,9950.830790102944
2021-10-06,9984.663614789295
2021-10-07,10085.508717298668
2021-10-08,10058.277843761962
2021-10-11,9985.858243286875
2021-10-12,9978.868142516574
2021-10-13,10021.777275529395
2021-10-14,10187.13660057563
2021-10-15,10252.334274819314
2021-10-18,10293.343611918592
2021-10-19,10365.39701720202
2021-10-20,10400.639367060507
2021-10-21,10438.081668781924
2021-10-22,10411.98646460997
2021-10-25,10470.293588811786
2021-10-26,10475.52873560619
2021-10-27,10395.914717215583
2021-10-28,10511.309370576677
2021-10-29,10533.383120254888
2021-11-01,10586.050035856162
2021-11-02,10612.515160945803
2021-11-03,10696.354030717275
2021-11-04,10738.069811437073
2021-11-05,10777.80066973939
2021-11-08,10795.045150810975
2021-11-09,10758.341997298217
2021-11-10,10646.455240526317
2021-11-11,10664.554214435211
2021-11-12,10743.471915622033
2021-11-15,10737.025832472658
2021-11-16,10784.268746135538
2021-11-17,10740.053244276383
2021-11-18,10755.08931881837
2021-11-19,10728.201595521325
2021-11-22,10667.050846426853
2021-11-23,10664.917436257569
2021-11-24,10696.91218856634
2021-11-26,10458.371046761311
2021-11-29,10573.413128275684
2021-11-30,10367.23157227431
2021-12-01,10202.392590275147
2021-12-02,10358.489196906357
2021-12-03,10236.259024382862
2021-12-06,10359.094132675456
2021-12-07,10589.066022420851
2021-12-08,10637.775726123986
2021-12-09,10527.142858572297
2021-12-10,10601.885572868161
2021-12-13,10491.625962910333
2021-12-14,10411.889605592214
2021-12-15,10580.562217202809
2021-12-16,10454.653526818096
2021-12-17,10385.652813541095
2021-12-20,10254.793588090479
2021-12-21,10466.042336005143
2021-12-22,10567.562946664393
2021-12-23,10643.649399880378
2021-12-27,10774.566287498907
2021-12-28,10746.55241515141
2021-12-29,10754.075001842015
2021-12-30,10735.793074338882
2021-12-31,10702.512115808431
2022-01-03,10779.570203042253
2022-01-04,10750.465363494039
2022-01-05,10507.504846279075
2022-01-06,10507.504846279075
2022-01-07,10456.018072532306
2022-01-10,10441.379647230762
2022-01-11,10554.146547420854
2022-01-12,10567.866937932502
2022-01-13,10404.065000394548
2022-01-14,10412.388252394863
2022-01-18,10197.89305439553
2022-01-19,10093.874545240697
2022-01-20,9977.794987970428
2022-01-21,9769.259072721847
2022-01-24,9821.036145807273
2022-01-25,9681.57743253681
2022-01-26,9653.500857982452
2022-01-27,9580.134251461785
2022-01-28,9815.805554047743
2022-01-31,10043.532242901652
2022-02-01,10130.910973414895
2022-02-02,10182.578619379312
2022-02-03,9930.050669618704
2022-02-04,10018.42812057831
2022-02-07,9994.383893088923
2022-02-08,10096.32660879843
2022-02-09,10257.867834539205
2022-02-10,10084.509868135492
2022-02-11,9891.895729654105
2022-02-14,9857.274094600316
2022-02-15,10039.633665350422
2022-02-16,10037.625738617353
2022-02-17,9807.764109203015
2022-02-18,9724.39811427479
2022-02-22,9610.622656337775
2022-02-23,9423.215514539188
2022-02-24,9599.42964466107
2022-02-25,9814.456868701478
2022-02-28,9817.401205762088
2022-03-01,9665.231487072775
2022-03-02,9841.138700137499
2022-03-03,9756.504907316315
2022-03-04,9650.159003826568
2022-03-07,9347.144011106413
2022-03-08,9297.604147847549
2022-03-09,9557.007303572496
2022-03-10,9512.089369245705
2022-03-11,9371.310446580868
2022-03-14,9273.848817936427
2022-03-15,9473.23656752206
2022-03-16,9719.540718277634
2022-03-17,9857.558196477177
2022-03-18,9987.677964670676
2022-03-21,9970.698912130736
2022-03-22,10100.317997988435
2022-03-23,9974.06402301358
2022-03-24,10115.695732140372
2022-03-25,10144.019680190364
2022-03-28,10218.071023855755
2022-03-29,10364.189439496891
2022-03-30,10279.203086093017
2022-03-31,10120.903358567186
2022-04-01,10160.374881665599
2022-04-04,10254.86636806509
2022-04-05,10097.966912633694
2022-04-06,9973.7619196083
2022-04-07,10007.672710134968
2022-04-08,9969.643553836455
2022-04-11,9816.111043107374
2022-04-12,9787.644321082362
2022-04-13,9923.692577145406
2022-04-14,9796.669312157945
2022-04-18,9778.055640464845
2022-04-19,9950.149419737027
2022-04-20,9923.284016303736
2022-04-21,9751.611202821681
2022-04-22,9484.417055864367
2022-04-25,9550.807975255417
2022-04-26,9265.23881679528
2022-04-27,9277.283627257115
2022-04-28,9504.577076124913
2022-04-29,9168.115047630092
2022-05-02,9241.459968011133
2022-05-03,9279.349953879979
2022-05-04,9558.658387491767
2022-05-05,9195.42936876708
2022-05-06,9117.26821913256
2022-05-09,8796.340377819093
2022-05-10,8815.692326650294
2022-05-11,8645.549464745944
2022-05-12,8658.517788943063
2022-05-13,8895.761176360103
2022-05-16,8843.27618541958
2022-05-17,9031.637968169018
2022-05-18,8664.953466661356
2022-05-19,8635.492624874709
2022-05-20,8631.174878562271
2022-05-23,8782.22043893711
2022-05-24,8675.955571625971
2022-05-25,8780.934634042645
2022-05-26,8972.359009064776
2022-05-27,9203.845871498648
2022-05-31,9138.498565811007
2022-06-01,9070.873676424006
2022-06-02,9259.547848893624
2022-06-03,9108.617218956659
2022-06-06,9138.675655779216
2022-06-07,9230.062412337009
2022-06-08,9135.915775731171
2022-06-09,8913.913022380904
2022-06-10,8646.495631709477
2022-06-13,8290.260011683045
2022-06-14,8268.705335652669
2022-06-15,8396.870268355286
2022-06-16,8101.30043490918
2022-06-17,8137.756286866271
2022-06-21,8331.43488649369
2022-06-22,8315.60516020935
2022-06-23,8408.739938003695
2022-06-24,8671.933498063212
2022-06-27,8648.519277618441
2022-06-28,8467.765224716215
2022-06-29,8451.676470789254
2022-06-30,8370.540376669676
2022-07-01,8466.801591001378
2022-07-05,8507.442238638185
2022-07-06,8521.90489044387
2022-07-07,8671.890416515682
2022-07-08,8665.82009322412
2022-07-11,8546.231775937627
2022-07-12,8470.170313131783
2022-07-13,8437.13664891057
2022-07-14,8402.544388650036
2022-07-15,8567.234258667577
2022-07-18,8506.406895431037
2022-07-19,8745.436929192649
2022-07-20,8823.271317862462
2022-07-21,8908.857049645729
2022-07-22,8803.73253645991
2022-07-25,8814.297015503662
2022-07-26,8697.948294899013
2022-07-27,8934.532488520268
2022-07-28,9040.853425133659
2022-07-29,9171.945799798097
2022-08-01,9154.51910277848
2022-08-02,9109.661959174866
2022-08-03,9262.704280089003
2022-08-04,9258.999198376969
2022-08-05,9256.221498617457
2022-08-08,9257.147120767318
2022-08-09,9196.049949770253
2022-08-10,9413.076728584832
2022-08-11,9407.428882547681
2022-08-12,9573.940373768775
2022-08-15,9611.278741226473
2022-08-16,9630.501298708927
2022-08-17,9542.863736890675
2022-08-18,9569.583755353968
2022-08-19,9427.95391577473
2022-08-22,9228.081292760306
2022-08-23,9218.853211467545
2022-08-24,9255.728624313415
2022-08-25,9390.862262228391
2022-08-26,9075.329290217518
2022-08-29,9011.801985185995
2022-08-30,8912.672163348949
2022-08-31,8846.718389340167
2022-09-01,8847.603061179101
2022-09-02,8760.896551179545
2022-09-06,8717.092068423648
2022-09-07,8885.331945344225
2022-09-08,8955.526067712444
2022-09-09,9105.978905650012
2022-09-12,9204.32347783103
2022-09-13,8810.378432979864
2022-09-14,8850.025135928272
2022-09-15,8758.869877028212
2022-09-16,8673.908839221038
2022-09-19,8737.228373747352
2022-09-20,8637.623970286631
2022-09-21,8493.375649982845
2022-09-22,8397.400505138039
2022-09-23,8242.8883358435
2022-09-26,8159.63516365148
2022-09-27,8157.187273102385
2022-09-28,8332.566799474087
2022-09-29,8153.416613285394
2022-09-30,8037.638097376742
2022-10-03,8244.205396479325
2022-10-04,8516.264174563143
2022-10-05,8499.231646214017
2022-10-06,8427.83810038582
2022-10-07,8184.273579284669
2022-10-10,8119.61781800832
2022-10-11,8063.592455064062
2022-10-12,8042.627114680895
2022-10-13,8237.258690856173
2022-10-14,8036.269578799283
2022-10-17,8257.266992216264
2022-10-18,8356.354196122858
2022-10-19,8284.489550036202
2022-10-20,8219.042082590915
2022-10-21,8408.901954698764
2022-10-24,8496.35453502763
2022-10-25,8648.439281204626
2022-10-26,8592.224425876797
2022-10-27,8546.68563641965
2022-10-28,8746.67808031187
2022-10-31,8688.075337173781
2022-11-01,8658.53588102739
2022-11-02,8428.218826592061
2022-11-03,8342.250994560822
2022-11-04,8439.855331197185
2022-11-07,8514.126058111719
2022-11-08,8558.3995136139
2022-11-09,8367.54720446031
2022-11-10,8843.660640394102
2022-11-11,8938.287809246318
2022-11-14,8854.267903839404
2022-11-15,8946.352290039333
2022-11-16,8855.994131909936
2022-11-17,8819.684555969105
2022-11-18,8855.845262648578
2022-11-21,8810.68045180907
2022-11-22,8931.386773998855
2022-11-23,8988.547649352447
2022-11-25,8986.749939822577
2022-11-28,8848.35399074931
2022-11-29,8833.311788965037
2022-11-30,9109.794447959643
2022-12-01,9109.794447959643
2022-12-02,9104.328571290867
2022-12-05,8922.24199986505
2022-12-06,8789.30059406706
2022-12-07,8769.964132760111
2022-12-08,8838.36985299564
2022-12-09,8769.430568142274
2022-12-12,8894.833425266708
2022-12-13,8955.31829255852
2022-12-14,8906.959573778706
2022-12-15,8679.832104647348
2022-12-16,8593.033783600875
2022-12-19,8508.822052521586
2022-12-20,8521.58528560037
2022-12-21,8653.669857527175
2022-12-22,8523.864809664266
2022-12-23,8569.893679636454
2022-12-27,8528.758189974198
2022-12-28,8424.707340056513
2022-12-29,8583.93430878358
2022-12-30,8566.766440166013
2023-01-03,8528.215991185267
2023-01-04,8599.000183912105
2023-01-05,8502.69138185229
2023-01-06,8692.301399667596
2023-01-09,8696.64755036743
2023-01-10,8767.090395525407
2023-01-11,8878.43244354858
2023-01-12,8920.161076033257
2023-01-13,8962.977849198216
2023-01-17,8948.637084639498
2023-01-18,8811.722937244514
2023-01-19,8737.704464571661
2023-01-20,8908.963472077266
2023-01-23,9024.77999721427
2023-01-24,9012.14530521817
2023-01-25,9013.947734279212
2023-01-26,9113.101159356283
2023-01-27,9145.908323529966
2023-01-30,9021.52397032996
2023-01-31,9165.86835385524
2023-02-01,9276.775360936888
2023-02-02,9421.493056567504
2023-02-03,9321.625230167889
2023-02-06,9255.441691033697
2023-02-07,9372.985800509825
2023-02-08,9264.25916522391
2023-02-09,9179.02798090385
2023-02-10,9191.878620077116
2023-02-13,9298.504412070011
2023-02-14,9311.52231824691
2023-02-15,9359.942234301796
2023-02-16,9233.583014138721
2023-02-17,9209.57569830196
2023-02-21,9012.490778358298
2023-02-22,9010.688280202627
2023-02-23,9054.840652775618
2023-02-24,8958.859341856196
2023-02-27,8988.423577684322
2023-02-28,8966.851361097879
2023-03-01,8931.880640789597
2023-03-02,8993.510617211045
2023-03-03,9140.104840271584
2023-03-06,9130.050724947285
2023-03-07,8999.49099958054
2023-03-08,9008.49049058012
2023-03-09,8828.320680768516
2023-03-10,8681.77055746776
2023-03-13,8653.988891683863
2023-03-14,8804.568298399163
2023-03-15,8736.773122501489
2023-03-16,8892.287684082015
2023-03-17,8786.46946064144
2023-03-20,8862.033098002956
2023-03-21,8995.8497977828
2023-03-22,8841.121181260934
2023-03-23,8861.455759977835
2023-03-24,8903.990747625727
2023-03-27,8930.702719868603
2023-03-28,8917.306665788801
2023-03-29,9043.040689776424
2023-03-30,9090.96880543224
2023-03-31,9231.87882191644
2023-04-03,9259.574458382189
2023-04-04,9194.757437173514
2023-04-05,9160.73683465597
2023-04-06,9193.715487260733
2023-04-10,9213.941661332707
2023-04-11,9221.312814661773
2023-04-12,9176.12838186993
2023-04-13,9305.511792054296
2023-04-14,9285.970217290982
2023-04-17,9318.4711130515
2023-04-18,9324.06219571933
2023-04-19,9322.197383280187
2023-04-20,9267.196418718833
2023-04-21,9276.46361513755
2023-04-24,9278.318907860577
2023-04-25,9116.876158863804
2023-04-26,9081.320341844235
2023-04-27,9251.141032236723
2023-04-28,9325.150160494617
2023-05-01,9325.150160494617
2023-05-02,9208.585783488435
2023-05-03,9157.93856167925
2023-05-04,9088.338228610486
2023-05-05,9263.74315642267
2023-05-08,9272.080525263449
2023-05-09,9234.06499510987
2023-05-10,9275.618287587864
2023-05-11,9258.922174670206
2023-05-12,9240.404330320865
2023-05-15,9284.758271106404
2023-05-16,9219.76496320866
2023-05-17,9342.387837219336
2023-05-18,9436.74595437525
2023-05-19,9414.09776408475
2023-05-22,9431.984549836512
2023-05-23,9330.119116698277
2023-05-24,9264.80828288139
2023-05-25,9326.882498376694
2023-05-26,9451.862723854942
2023-05-30,9452.807910127327
2023-05-31,9397.981624248589
2023-06-01,9495.720633140774
2023-06-02,9651.450451524282
2023-06-05,9628.286970440624
2023-06-06,9674.502747898738
2023-06-07,9641.609438555883
2023-06-08,9700.423256131073
2023-06-09,9705.273467759138
2023-06-12,9798.444093049626
2023-06-13,9872.912268156804
2023-06-14,9871.92497692999
2023-06-15,9994.33684664392
2023-06-16,9951.361198203353
2023-06-20,9905.584936691617
2023-06-21,9852.094778033483
2023-06-22,9885.591900278798
2023-06-23,9804.53004669651
2023-06-26,9759.429208481706
2023-06-27,9879.47018774603
2023-06-28,9884.409922839903
2023-06-29,9929.878208484966
2023-06-30,10045.064795703393
2023-07-03,10062.14140585609
2023-07-05,10034.973624060278
2023-07-06,9942.651866718923
2023-07-07,9931.714949665533
2023-07-10,9969.455466474263
2023-07-11,10047.217219112763
2023-07-12,10123.57606997802
2023-07-13,10216.71296982182
2023-07-14,10193.21452999123
2023-07-17,10244.180602641185
2023-07-18,10326.134047462314
2023-07-19,10354.01460939046
2023-07-20,10272.217893976276
2023-07-21,10269.136228608084
2023-07-24,10303.024378162492
2023-07-25,10330.84254398353
2023-07-26,10333.941796746725
2023-07-27,10259.53741581015
2023-07-28,10377.522096091967
2023-07-31,10405.541405751414
2023-08-01,10372.24367325301
2023-08-02,10219.77169125619
2023-08-03,10202.398079381053
2023-08-04,10155.4670482159
2023-08-07,10235.695237896805
2023-08-08,10189.634609326271
2023-08-09,10112.19338629539
2023-08-10,10115.22704431128
2023-08-11,10106.123339971398
2023-08-14,10159.685793673247
2023-08-15,10041.833438466636
2023-08-16,9962.502954302749
2023-08-17,9877.821679191176
2023-08-18,9883.74837219869
2023-08-21,9948.981111455201
2023-08-22,9919.134168120836
2023-08-23,10028.244643970163
2023-08-24,9887.849218954581
2023-08-25,9954.097808721577
2023-08-28,10018.799444478267
2023-08-29,10171.085196034337
2023-08-30,10214.820862377284
2023-08-31,10208.691969859858
2023-09-01,10237.276307375465
2023-09-05,10184.042470577113
2023-09-06,10113.772577530131
2023-09-07,10075.340241735517
2023-09-08,10089.445718073948
2023-09-11,10158.053948956851
2023-09-12,10100.153041447797
2023-09-13,10105.20311796852
2023-09-14,10191.097344471253
2023-09-15,10069.823286072044
2023-09-18,10067.80932141483
2023-09-19,10043.646579043436
2023-09-20,9950.240665858331
2023-09-21,9785.066670805083
2023-09-22,9762.561017462232
2023-09-25,9802.587517633827
2023-09-26,9661.4302573799
2023-09-27,9675.92240276597
2023-09-28,9740.7510828645
2023-09-29,9716.39920515734
2023-10-02,9704.739526111152
2023-10-03,9562.079855077318
2023-10-04,9637.62028593243
2023-10-05,9625.091379560718
2023-10-06,9743.480003529314
2023-10-09,9802.915231550842
2023-10-10,9863.693305986457
2023-10-11,9898.21623255741
2023-10-12,9820.020324320207
2023-10-13,9764.046208471582
2023-10-16,9876.332739869005
2023-10-17,9887.196705882861
2023-10-18,9744.821073318148
2023-10-19,9657.117683658284
2023-10-20,9531.575153770726
2023-10-23,9511.558845947808
2023-10-24,9583.84669317701
2023-10-25,9435.297069432767
2023-10-26,9329.62174225512
2023-10-27,9282.973633543845
2023-10-30,9391.584425056308
2023-10-31,9452.629723819173
2023-11-01,9542.429706195455
2023-11-02,9729.461328436886
2023-11-03,9838.43129531538
2023-11-06,9841.382824703975
2023-11-07,9877.79594115538
2023-11-08,9876.808161561265
2023-11-09,9790.87993055568
2023-11-10,9938.72221750707
2023-11-13,9935.740600841817
2023-11-14,10154.326894060338
2023-11-15,10174.635547848458
2023-11-16,10165.478375855395
2023-11-17,10192.925167470205
2023-11-20,10269.372106226232
2023-11-21,10238.563989907554
2023-11-22,10288.7329534581
2023-11-24,10302.108306297596
2023-11-27,10280.473878854371
2023-11-28,10287.670210569568
2023-11-29,10290.756511632739
2023-11-30,10328.83231072578
2023-12-01,10414.561618904803
2023-12-04,10370.820460105404
2023-12-05,10351.115901231204
2023-12-06,10311.781660806524
2023-12-07,10397.369448591218
2023-12-08,10445.197348054737
2023-12-11,10484.889097977344
2023-12-12,10522.634698730064
2023-12-13,10686.787800030253
2023-12-14,10742.359096590411
2023-12-15,10738.062152951776
2023-12-18,10785.309626424763
2023-12-19,10865.120917660308
2023-12-20,10698.884567620105
2023-12-21,10817.64218632069
2023-12-22,10841.440999130597
2023-12-26,10895.648204126248
2023-12-27,10915.260370893675
2023-12-28,10916.351896930764
2023-12-29,10871.594854153349
2024-01-02,10797.668009145105
2024-01-03,10690.771095854569
2024-01-04,10657.629705457419
2024-01-05,10675.747675956696
2024-01-08,10836.951465863642
2024-01-09,10816.361258078501
2024-01-10,10873.687972746318
2024-01-11,10860.639547179024
2024-01-12,10861.725611133741
2024-01-16,10812.84784588364
2024-01-17,10751.214613162103
2024-01-18,10846.900423219246
2024-01-19,10978.147918340199
2024-01-22,11022.06051001356
2024-01-23,11048.513455237591
2024-01-24,11049.618306583116
2024-01-25,11102.656474454714
2024-01-26,11102.656474454714
2024-01-29,11199.249585782469
2024-01-30,11188.050336196686
2024-01-31,10995.615870414103
2024-02-01,11131.961507207237
2024-02-02,11244.39431843003
2024-02-05,11199.41674115631
2024-02-06,11231.895049705663
2024-02-07,11320.627020598338
2024-02-08,11346.664462745714
2024-02-09,11422.687114646109
2024-02-12,11429.540726914896
2024-02-13,11248.953983429641
2024-02-14,11379.441849637426
2024-02-15,11457.959998399923
2024-02-16,11399.524402408084
2024-02-20,11318.587779150987
2024-02-21,11318.587779150987
2024-02-22,11549.486969845666
2024-02-23,11554.106764633603
2024-02-26,11526.376908398483
2024-02-27,11558.650763741998
2024-02-28,11530.910001909018
2024-02-29,11594.33000691952
2024-03-01,11684.765780973492
2024-03-04,11666.070155723934
2024-03-05,11543.576419088833
2024-03-06,11607.066089393822
2024-03-07,11727.779576723517
2024-03-08,11652.721787432487
2024-03-11,11631.746888215108
2024-03-12,11755.043405230188
2024-03-13,11740.937353143912
2024-03-14,11693.973603731336
2024-03-15,11628.48735155044
2024-03-18,11692.444031983969
2024-03-19,11757.921718563079
2024-03-20,11880.204104436134
2024-03-21,11932.477002495652
2024-03-22,11907.418800790412
2024-03-25,11877.650253788437
2024-03-26,11849.143893179345
2024-03-27,11955.786188217959
2024-03-28,11971.328710262644
2024-04-01,11942.597521358013
2024-04-02,11843.473961930742
2024-04-03,11865.97656245841
2024-04-04,11723.58484370891
2024-04-05,11850.199560020965
2024-04-08,11853.75461988897
2024-04-09,11871.535251818805
2024-04-10,11755.19420635098
2024-04-11,11843.358162898612
2024-04-12,11664.523454638844
2024-04-15,11516.38400676493
2024-04-16,11492.199600350725
2024-04-17,11420.94796282855
2024-04-18,11392.395592921479
2024-04-19,11301.256428178107
2024-04-22,11401.837610388891
2024-04-23,11548.921315562908
2024-04-24,11550.076207694465
2024-04-25,11498.100864759841
2024-04-26,11618.83092383982
2024-04-29,11659.49683207326
2024-04-30,11467.115134344052
2024-05-01,11438.447346508194
2024-05-02,11556.263354177228
2024-05-03,11694.938514427355
2024-05-06,11823.582838086055
2024-05-07,11831.859346072713
2024-05-08,11823.577044530462
2024-05-09,11887.424360570927
2024-05-10,11900.500527367556
2024-05-13,11898.120427262083
2024-05-14,11967.129525740203
2024-05-15,12107.144941191364
2024-05-16,12079.298507826625
2024-05-17,12095.0015958868
2024-05-20,12114.35359844022
2024-05-21,12136.159434917414
2024-05-22,12096.110108782186
2024-05-23,11996.922005890172
2024-05-24,12084.49953653317
2024-05-28,12082.082636625864
2024-05-29,11991.467016851171
2024-05-30,11930.31053506523
2024-05-31,12013.822708810685
2024-06-03,12022.232384706851
2024-06-04,12017.423491752968
2024-06-05,12167.64128539988
2024-06-06,12162.77422888572
2024-06-07,12137.23240300506
2024-06-10,12172.430376973774
2024-06-11,12199.209723803117
2024-06-12,12316.322137151627
2024-06-13,12324.943562647632
2024-06-14,12307.688641659925
2024-06-17,12406.150150793204
2024-06-18,12433.443681124949
2024-06-20,12398.630038817799
2024-06-21,12384.9915457751
2024-06-24,12355.26756606524
2024-06-25,12396.039949033257
2024-06-26,12418.352820941516
2024-06-27,12438.222185455023
2024-06-28,12397.176052243021
2024-07-01,12428.168992373628
2024-07-02,12501.495189428633
2024-07-03,12564.002665375776
2024-07-05,12626.822678702654
2024-07-08,12641.974865917098
2024-07-09,12644.503260890282
2024-07-10,12769.683843173096
2024-07-11,12695.619676882692
2024-07-12,12771.793394943988
2024-07-15,12822.880568523764
2024-07-16,12930.592765299363
2024-07-17,12740.513051649463
2024-07-18,12622.026280269123
2024-07-19,12538.720906819346
2024-07-22,12676.646836794358
2024-07-23,12670.308513375961
2024-07-24,12368.755170757613
2024-07-25,12334.122656279491
2024-07-26,12472.264830029822
2024-07-29,12472.264830029822
2024-07-30,12413.645185328682
2024-07-31,12604.815321182745
2024-08-01,12404.398757575938
2024-08-02,12145.1468235426
2024-08-05,11780.792418836321
2024-08-06,11900.956501508452
2024-08-07,11804.558753846233
2024-08-08,12087.868163938543
2024-08-09,12142.263570676267
2024-08-12,12134.97821253386
2024-08-13,12342.486339968189
2024-08-14,12381.982296256088
2024-08-15,12603.619779359073
2024-08-16,12633.868466829534
2024-08-19,12760.207151497829
2024-08-20,12723.202550758486
2024-08-21,12790.635524277506
2024-08-22,12670.403550349298
2024-08-23,12836.385836858875
2024-08-26,12795.309402180927
2024-08-27,12804.266118762453
2024-08-28,12722.318815602373
2024-08-29,12733.768902536414
2024-08-30,12861.106591561778
2024-09-03,12573.017803910794
2024-09-04,12547.871768302972
2024-09-05,12511.482940174892
2024-09-06,12286.276247251744
2024-09-09,12422.65391359624
2024-09-10,12474.829060033344
2024-09-11,12607.062248069697
2024-09-12,12710.440158503869
2024-09-13,12801.955327645097
2024-09-16,12824.998847234858
2024-09-17,12837.82384608209
2024-09-18,12808.296851236102
2024-09-19,13037.56536487323
2024-09-20,13006.275207997534
2024-09-23,13036.189640975928
2024-09-24,13070.083734042464
2024-09-25,13034.794507960549
2024-09-26,13093.451083246371
2024-09-27,13084.285667488099
2024-09-30,13134.005953024554
2024-10-01,13009.232896470821
2024-10-02,13011.834743050114
2024-10-03,12984.50989008971
2024-10-04,13120.847243935652
2024-10-07,12996.199195118264
2024-10-08,13111.865367954815
2024-10-09,13204.959612067296
2024-10-10,13181.190684765574
2024-10-11,13282.685853038269
2024-10-14,13378.321191180146
2024-10-15,13284.672942841886
2024-10-16,13356.410176733232
2024-10-17,13352.403253680213
2024-10-18,13403.1423860442
2024-10-21,13366.953901601879
2024-10-22,13354.923643090437
2024-10-23,13228.051868481078
2024-10-24,13269.05882927337
2024-10-25,13261.097393975806
2024-10-28,13314.14178355171
2024-10-29,13336.775824583749
2024-10-30,13296.765497109996
2024-10-31,13060.083071261439
2024-11-01,13124.077478310619
2024-11-04,13091.267284614843
2024-11-05,13264.072012771761
2024-11-06,13652.709322745975
2024-11-07,13745.547746140646
2024-11-08,13807.402710998278
2024-11-11,13854.347880215673
2024-11-12,13804.472227846896
2024-11-13,13790.66775561905
2024-11-14,13695.512148105277
2024-11-15,13509.253182891047
2024-11-18,13567.342971577478
2024-11-19,13636.536420732526
2024-11-20,13644.718342584963
2024-11-21,13736.137955480282
2024-11-22,13811.686714235424
2024-11-25,13871.076967106635
2024-11-26,13932.109705761904
2024-11-27,13880.560899850585
2024-11-29,13958.29204088975
2024-12-02,13993.187770991974
2024-12-03,14001.583683654568
2024-12-04,14102.395086176883
2024-12-05,14065.728858952822
2024-12-06,14117.772055730948
2024-12-09,14017.535874135257
2024-12-10,13969.876252163198
2024-12-11,14094.20815080745
2024-12-12,14009.642901902605
2024-12-13,14005.440009032036
2024-12-16,14072.666121075388
2024-12-17,14006.524590306333
2024-12-18,13565.319065711685
2024-12-19,13551.753746645973
2024-12-20,13699.467862484413
2024-12-23,13785.774510018064
2024-12-24,13941.55376198127
2024-12-26,13945.736228109863
2024-12-27,13785.3602614866
2024-12-30,13637.856906688692
2024-12-31,13577.850336299263
2025-01-02,13558.841345828445
2025-01-03,13743.241588131712
2025-01-06,13821.578065184063
2025-01-07,13661.247759627928
2025-01-08,13677.641256939483
2025-01-10,13468.373345708309
2025-01-13,13487.229068392302
2025-01-14,13512.854803622247
2025-01-15,13773.652901332158
2025-01-16,13750.237691399892
2025-01-17,13884.99002077561
2025-01-21,14021.062922979212
2025-01-22,14099.580875347896
2025-01-23,14170.078779724634
2025-01-24,14134.653582775323
2025-01-27,13926.874175108525
2025-01-28,14057.786792354547
2025-01-29,14001.55564518513
2025-01-30,14085.56497905624
2025-01-31,14013.728597663054
2025-02-03,13901.61876888175
2025-02-04,14011.441557155917
2025-02-05,14068.888467540255
2025-02-06,14112.50202178963
2025-02-07,13977.02200238045
2025-02-10,14072.065751996637
2025-02-11,14055.179273094242
2025-02-12,14014.419253202268
2025-02-13,14171.380748838135
2025-02-14,14177.04930113767
2025-02-18,14215.32733425074
2025-02-19,14230.964194318418
2025-02-20,14147.00150557194
2025-02-21,13881.037877267187
2025-02-24,13804.692168942218
2025-02-25,13727.385892796141
2025-02-26,13732.876847153258
2025-02-27,13509.03095454466
2025-02-28,13726.52635291283
2025-03-03,13465.722352207486
2025-03-04,13297.400822804893
2025-03-05,13454.310152513992
2025-03-06,13198.678259616227
2025-03-07,13263.351783088345
2025-03-10,12881.367251735399
2025-03-11,12802.790911499813
2025-03-12,12870.645703330763
2025-03-13,12681.4472114918
2025-03-14,12964.243484308068
2025-03-17,13060.17888609195
2025-03-18,12915.210900456328
2025-03-19,13072.776473441894
2025-03-20,13044.016365200323
2025-03-21,13057.060381565521
2025-03-24,13311.67305900605
2025-03-25,13330.30940128866
2025-03-26,13170.345688473195
2025-03-27,13117.664305719301
2025-03-28,12848.752187452057
2025-03-31,12901.43207142061
2025-04-01,12955.618086120576
2025-04-02,13063.149716235375
2025-04-03,12395.622765735747
2025-04-04,11664.281022557338
2025-04-07,11639.786032409967
2025-04-08,11447.729562875204
2025-04-09,12554.725011605236
2025-04-10,12112.798691196733
2025-04-11,12328.406507900036
2025-04-14,12428.266600614026
2025-04-15,12413.35268069329
2025-04-16,12140.258921718038
2025-04-17,12169.39554313016
2025-04-21,11879.763929203662
2025-04-22,12186.261838577117
2025-04-23,12401.958673119932
2025-04-24,12669.840980459323
2025-04-25,12753.461930930354
2025-04-28,12766.215392861282
2025-04-29,12842.81268521845
2025-04-30,12849.234091561058
2025-05-01,12927.614419519581
2025-05-02,13131.87072734799
2025-05-05,13047.826754692964
2025-05-06,12944.74892333089
2025-05-07,12999.11686880888
2025-05-08,13097.91015701183
2025-05-09,13088.74161990192
2025-05-12,13531.141086654607
2025-05-13,13640.743329456509
2025-05-14,13654.384072785964
2025-05-15,13698.07810181888
2025-05-16,13802.183495392705
2025-05-19,13806.324150441322
2025-05-20,13758.002015914777
2025-05-21,13522.740181442634
2025-05-22,13524.092455460777
2025-05-23,13436.185854500283
2025-05-27,13717.002138859338
2025-05-28,13634.700126026182
2025-05-29,13682.421576467275
2025-05-30,13682.421576467275
2025-06-02,13737.151262773144
2025-06-03,13830.563891360001
2025-06-04,13830.563891360001
2025-06-05,13762.794128292337
2025-06-06,13912.808584290722
2025-06-09,13930.895235450302
2025-06-10,14003.335890674645
2025-06-11,13961.32588300262
2025-06-12,14006.00212582823
2025-06-13,13847.734301806371
2025-06-16,13984.826871394254
2025-06-17,13864.557360300263
2025-06-18,13871.489638980413
2025-06-20,13843.746659702452
2025-06-23,13975.262252969627
2025-06-24,14141.567873779966
2025-06-25,14134.497089843077
2025-06-26,14261.707563651662
2025-06-27,14330.16375995719
2025-06-30,14403.247595132972
2025-07-01,14391.724997056866
2025-07-02,14475.197002039797
2025-07-03,14605.473775058153
2025-07-07,14485.708890102676
2025-07-08,14477.017464768614
2025-07-09,14571.11807828961
2025-07-10,14610.460097100991
2025-07-11,14549.096164693168
2025-07-14,14582.559085871962
2025-07-15,14509.646290442603
2025-07-16,14567.684875604373
2025-07-17,14656.54775334556
2025-07-18,14656.54775334556
2025-07-21,14666.807336772901
2025-07-22,14681.474144109672
2025-07-23,14797.457789848138
2025-07-24,14795.978044069154
2025-07-25,14858.121151854244
2025-07-28,14867.036024545356
2025-07-29,14815.001398459448
2025-07-30,14801.667897200834
2025-07-31,14754.30255992979
2025-08-01,14500.528555898998
2025-08-04,14725.286748515433
2025-08-05,14666.385601521371
2025-08-06,14773.450216412479
2025-08-07,14755.722076152784
2025-08-08,14860.48770289347
2025-08-11,14827.794629947104
2025-08-12,15016.107621747431
2025-08-13,15077.673662996596
2025-08-14,15067.119291432498
2025-08-15,15027.944781274773
2025-08-18,15035.458753665409
2025-08-19,14933.217634140483
2025-08-20,14894.391268291716
2025-08-21,14840.771459725865
2025-08-22,15096.032728833152
2025-08-25,15026.59097828052
2025-08-26,15094.210637682781
2025-08-27,15133.455585340756
2025-08-28,15189.449371006518
2025-08-29,15089.199005157874
2025-09-02,15000.172731027442
2025-09-03,15069.173525590168
2025-09-04,15203.289169967918
2025-09-05,15172.882591627982
2025-09-08,15215.366662884539
2025-09-09,15250.362006209172
2025-09-10,15308.313381832768
2025-09-11,15444.557370931077
2025-09-12,15422.934990611775
2025-09-15,15504.676546062019
2025-09-16,15493.823272479774
2025-09-17,15481.428213861791
2025-09-18,15578.96121160912
2025-09-19,15641.277056455556
2025-09-22,15711.662803209605
2025-09-23,15618.963992670668
2025-09-24,15568.983307894121
2025-09-25,15481.797001369912
2025-09-26,15577.784142778406
2025-09-29,15619.844159963906
2025-09-30,15668.265676859795
2025-10-01,15723.104606728806
2025-10-02,15741.972332256883
2025-10-03,15749.84331842301
2025-10-06,15814.417676028545
2025-10-07,15736.927029416005
2025-10-08,15843.938133216032
2025-10-09,15801.159500256348
2025-10-10,15365.047498049273
2025-10-13,15620.10728651689
2025-10-14,15613.859243602285
2025-10-15,15682.560224274133
2025-10-16,15571.214046681787
2025-10-17,15633.498902868514
2025-10-20,15808.594090580644
2025-10-21,15810.174949989701
2025-10-22,15707.408812814769
2025-10-23,15814.219192741908
2025-10-24,15942.314368203117
2025-10-27,16133.622140621554
2025-10-28,16165.889384902797
2025-10-29,16154.573262333364
2025-10-30,15980.103871100164
2025-10-31,16047.220307358784
2025-11-03,16069.686415789087
2025-11-04,15870.422304233303
2025-11-05,15940.25216237193
2025-11-06,15750.563161639702
2025-11-07,15774.189006382163
2025-11-10,16015.53409817981
2025-11-11,16047.565166376171
2025-11-12,16055.588948959357
2025-11-13,15771.405024562777
2025-11-14,15766.67360305541
2025-11-17,15607.43019966455
2025-11-18,15491.935216187032
2025-11-19,15547.706182965307
2025-11-20,15305.161966511048
2025-11-21,15465.866167159415
2025-11-24,15717.959785684112
2025-11-25,15884.570159412362
2025-11-26,15997.350607544191
2025-11-28,16086.935770946438
2025-12-01,16004.892398514612
2025-12-02,16041.703651031195
2025-12-03,16115.495487825938
2025-12-04,16141.28028060646
2025-12-05,16173.562841167672
2025-12-08,16116.955371223587
2025-12-09,16108.896893537976
2025-12-10,16221.65917179274
2025-12-11,16260.591153805042
2025-12-12,16083.350710228568
2025-12-15,16044.75066852402
2025-12-16,16007.847741986416
2025-12-17,15825.358277727772
2025-12-18,15955.12621560514
2025-12-19,16101.913376788709
2025-12-22,16216.23696176391
2025-12-23,16271.372167433909
2025-12-24,16321.813421152956
2025-12-26,16315.284695784496
2025-12-29,16251.655085470937
2025-12-30,16222.40210631709
2025-12-31,16102.356330730343
